#! FIELDS time p.x p.y p.z ene pot.bias pot.ene_bias lwall.bias lwall.force2 uwall.bias uwall.force2 lwall_x.bias lwall_x.force2 uwall_x.bias uwall_x.force2
 0.000000 -1.000000 0.000000 0.000000 -3.970150 -3.970150 -3.970150 0.000000 0.000000 0.000000 0.000000 0.000000 0.000000 0.000000 0.000000
 1.000000 -1.024463 0.407522 0.000000 -3.252985 -3.252985 -3.252985 0.000000 0.000000 0.000000 0.000000 0.000000 0.000000 0.000000 0.000000
 2.000000 -1.120766 -0.109475 0.000000 -3.934930 -3.934930 -3.934930 0.000000 0.000000 0.000000 0.000000 0.000000 0.000000 0.000000 0.000000
 3.000000 -1.383222 0.376760 0.000000 -2.670371 -2.670371 -2.670371 0.000000 0.000000 0.000000 0.000000 0.000000 0.000000 0.000000 0.000000
 4.000000 -1.393242 0.245547 0.000000 -2.924527 -2.924527 -2.924527 0.000000 0.000000 0.000000 0.000000 0.000000 0.000000 0.000000 0.000000
 5.000000 -0.731615 -0.276260 0.000000 -3.285647 -3.285647 -3.285647 0.000000 0.000000 0.000000 0.000000 0.000000 0.000000 0.000000 0.000000
 6.000000 -0.529089 -0.244968 0.000000 -2.624380 -2.624380 -2.624380 0.000000 0.000000 0.000000 0.000000 0.000000 0.000000 0.000000 0.000000
 7.000000 -0.677793 -0.201239 0.000000 -3.191066 -3.191066 -3.191066 0.000000 0.000000 0.000000 0.000000 0.000000 0.000000 0.000000 0.000000
 8.000000 -0.469628 -0.239281 0.000000 -2.407509 -2.407509 -2.407509 0.000000 0.000000 0.000000 0.000000 0.000000 0.000000 0.000000 0.000000
 9.000000 -0.676819 0.752175 0.000000 -1.910570 -1.910570 -1.910570 0.000000 0.000000 0.000000 0.000000 0.000000 0.000000 0.000000 0.000000
 10.000000 -0.655358 0.649993 0.000000 -2.011012 -2.011012 -2.011012 0.000000 0.000000 0.000000 0.000000 0.000000 0.000000 0.000000 0.000000
 11.000000 -0.638005 0.934953 0.000000 -1.691728 -1.691728 -1.691728 0.000000 0.000000 0.000000 0.000000 0.000000 0.000000 0.000000 0.000000
 12.000000 -0.715671 1.444264 0.000000 -1.435942 -1.435942 -1.435942 0.000000 0.000000 0.000000 0.000000 0.000000 0.000000 0.000000 0.000000
 13.000000 -1.015663 1.433748 0.000000 -0.839109 -0.839109 -0.839109 0.000000 0.000000 0.000000 0.000000 0.000000 0.000000 0.000000 0.000000
 14.000000 -1.224037 1.388396 0.000000 -0.400527 -0.400527 -0.400527 0.000000 0.000000 0.000000 0.000000 0.000000 0.000000 0.000000 0.000000
 15.000000 -0.950038 1.184361 0.000000 -1.360604 -1.360604 -1.360604 0.000000 0.000000 0.000000 0.000000 0.000000 0.000000 0.000000 0.000000
 16.000000 -0.846027 1.226439 0.000000 -1.439700 -1.439700 -1.439700 0.000000 0.000000 0.000000 0.000000 0.000000 0.000000 0.000000 0.000000
 17.000000 -1.670478 0.238112 0.000000 -1.301597 -1.301597 -1.301597 0.000000 0.000000 0.000000 0.000000 0.000000 0.000000 0.000000 0.000000
 18.000000 -1.264528 -0.039171 0.000000 -3.674606 -3.674606 -3.674606 0.000000 0.000000 0.000000 0.000000 0.000000 0.000000 0.000000 0.000000
 19.000000 -0.660281 0.019085 0.000000 -3.101861 -3.101861 -3.101861 0.000000 0.000000 0.000000 0.000000 0.000000 0.000000 0.000000 0.000000
 20.000000 -0.427503 -0.562398 0.000000 -1.862469 -1.862469 -1.862469 0.000000 0.000000 0.000000 0.000000 0.000000 0.000000 0.000000 0.000000
 21.000000 -0.364568 -0.090618 0.000000 -1.997317 -1.997317 -1.997317 0.000000 0.000000 0.000000 0.000000 0.000000 0.000000 0.000000 0.000000
 22.000000 -1.018226 -0.197329 0.000000 -3.888721 -3.888721 -3.888721 0.000000 0.000000 0.000000 0.000000 0.000000 0.000000 0.000000 0.000000
 23.000000 -1.210115 0.510777 0.000000 -2.795696 -2.795696 -2.795696 0.000000 0.000000 0.000000 0.000000 0.000000 0.000000 0.000000 0.000000
 24.000000 -1.426016 0.232651 0.000000 -2.798080 -2.798080 -2.798080 0.000000 0.000000 0.000000 0.000000 0.000000 0.000000 0.000000 0.000000
 25.000000 -1.072065 0.222820 0.000000 -3.713117 -3.713117 -3.713117 0.000000 0.000000 0.000000 0.000000 0.000000 0.000000 0.000000 0.000000
 26.000000 -0.911080 0.187414 0.000000 -3.642863 -3.642863 -3.642863 0.000000 0.000000 0.000000 0.000000 0.000000 0.000000 0.000000 0.000000
 27.000000 -1.271700 0.361590 0.000000 -3.090626 -3.090626 -3.090626 0.000000 0.000000 0.000000 0.000000 0.000000 0.000000 0.000000 0.000000
 28.000000 -0.821070 0.755315 0.000000 -2.129322 -2.129322 -2.129322 0.000000 0.000000 0.000000 0.000000 0.000000 0.000000 0.000000 0.000000
 29.000000 -1.121774 0.736375 0.000000 -2.208835 -2.208835 -2.208835 0.000000 0.000000 0.000000 0.000000 0.000000 0.000000 0.000000 0.000000
 30.000000 -1.219271 0.560647 0.000000 -2.619362 -2.619362 -2.619362 0.000000 0.000000 0.000000 0.000000 0.000000 0.000000 0.000000 0.000000
 31.000000 -1.164024 0.414263 0.000000 -3.163914 -3.163914 -3.163914 0.000000 0.000000 0.000000 0.000000 0.000000 0.000000 0.000000 0.000000
 32.000000 -1.094368 -0.065492 0.000000 -3.977045 -3.977045 -3.977045 0.000000 0.000000 0.000000 0.000000 0.000000 0.000000 0.000000 0.000000
 33.000000 -0.871790 0.382862 0.000000 -3.132674 -3.132674 -3.132674 0.000000 0.000000 0.000000 0.000000 0.000000 0.000000 0.000000 0.000000
 34.000000 -0.938887 0.051110 0.000000 -3.871897 -3.871897 -3.871897 0.000000 0.000000 0.000000 0.000000 0.000000 0.000000 0.000000 0.000000
 35.000000 -0.694029 0.505054 0.000000 -2.382540 -2.382540 -2.382540 0.000000 0.000000 0.000000 0.000000 0.000000 0.000000 0.000000 0.000000
 36.000000 -0.793263 0.399435 0.000000 -2.905081 -2.905081 -2.905081 0.000000 0.000000 0.000000 0.000000 0.000000 0.000000 0.000000 0.000000
 37.000000 -0.905901 0.016564 0.000000 -3.842446 -3.842446 -3.842446 0.000000 0.000000 0.000000 0.000000 0.000000 0.000000 0.000000 0.000000
 38.000000 -0.822651 -0.136863 0.000000 -3.667557 -3.667557 -3.667557 0.000000 0.000000 0.000000 0.000000 0.000000 0.000000 0.000000 0.000000
 39.000000 -0.776192 -0.104985 0.000000 -3.550383 -3.550383 -3.550383 0.000000 0.000000 0.000000 0.000000 0.000000 0.000000 0.000000 0.000000
 40.000000 -1.073933 0.439359 0.000000 -3.163352 -3.163352 -3.163352 0.000000 0.000000 0.000000 0.000000 0.000000 0.000000 0.000000 0.000000
 41.000000 -1.329350 0.968847 0.000000 -1.078838 -1.078838 -1.078838 0.000000 0.000000 0.000000 0.000000 0.000000 0.000000 0.000000 0.000000
 42.000000 -1.085362 1.316644 0.000000 -0.889690 -0.889690 -0.889690 0.000000 0.000000 0.000000 0.000000 0.000000 0.000000 0.000000 0.000000
 43.000000 -1.058859 1.545929 0.000000 -0.518227 -0.518227 -0.518227 0.000000 0.000000 0.000000 0.000000 0.000000 0.000000 0.000000 0.000000
 44.000000 -0.768502 0.902878 0.000000 -1.829314 -1.829314 -1.829314 0.000000 0.000000 0.000000 0.000000 0.000000 0.000000 0.000000 0.000000
 45.000000 -1.356611 0.581166 0.000000 -2.175264 -2.175264 -2.175264 0.000000 0.000000 0.000000 0.000000 0.000000 0.000000 0.000000 0.000000
 46.000000 -0.593101 0.973627 0.000000 -1.641660 -1.641660 -1.641660 0.000000 0.000000 0.000000 0.000000 0.000000 0.000000 0.000000 0.000000
 47.000000 -0.233684 1.287978 0.000000 -1.889301 -1.889301 -1.889301 0.000000 0.000000 0.000000 0.000000 0.000000 0.000000 0.000000 0.000000
 48.000000 -0.202708 1.302183 0.000000 -1.920045 -1.920045 -1.920045 0.000000 0.000000 0.000000 0.000000 0.000000 0.000000 0.000000 0.000000
 49.000000 -0.317503 0.908864 0.000000 -1.315478 -1.315478 -1.315478 0.000000 0.000000 0.000000 0.000000 0.000000 0.000000 0.000000 0.000000
 50.000000 -0.463980 1.361520 0.000000 -1.810165 -1.810165 -1.810165 0.000000 0.000000 0.000000 0.000000 0.000000 0.000000 0.000000 0.000000
 51.000000 -0.598505 0.933861 0.000000 -1.653473 -1.653473 -1.653473 0.000000 0.000000 0.000000 0.000000 0.000000 0.000000 0.000000 0.000000
 52.000000 -0.656126 0.528316 0.000000 -2.222646 -2.222646 -2.222646 0.000000 0.000000 0.000000 0.000000 0.000000 0.000000 0.000000 0.000000
 53.000000 -1.030282 -0.375971 0.000000 -3.519808 -3.519808 -3.519808 0.000000 0.000000 0.000000 0.000000 0.000000 0.000000 0.000000 0.000000
 54.000000 -0.753779 -0.046409 0.000000 -3.476234 -3.476234 -3.476234 0.000000 0.000000 0.000000 0.000000 0.000000 0.000000 0.000000 0.000000
 55.000000 -0.942908 -0.318586 0.000000 -3.629915 -3.629915 -3.629915 0.000000 0.000000 0.000000 0.000000 0.000000 0.000000 0.000000 0.000000
 56.000000 -0.866535 -0.438822 0.000000 -3.230927 -3.230927 -3.230927 0.000000 0.000000 0.000000 0.000000 0.000000 0.000000 0.000000 0.000000
 57.000000 -1.131411 -0.395969 0.000000 -3.384264 -3.384264 -3.384264 0.000000 0.000000 0.000000 0.000000 0.000000 0.000000 0.000000 0.000000
 58.000000 -0.806504 0.214182 0.000000 -3.344833 -3.344833 -3.344833 0.000000 0.000000 0.000000 0.000000 0.000000 0.000000 0.000000 0.000000
 59.000000 -0.572197 -0.263152 0.000000 -2.769549 -2.769549 -2.769549 0.000000 0.000000 0.000000 0.000000 0.000000 0.000000 0.000000 0.000000
 60.000000 -0.909942 -0.445284 0.000000 -3.264033 -3.264033 -3.264033 0.000000 0.000000 0.000000 0.000000 0.000000 0.000000 0.000000 0.000000
 61.000000 -0.248719 -0.584586 0.000000 -1.428110 -1.428110 -1.428110 0.000000 0.000000 0.000000 0.000000 0.000000 0.000000 0.000000 0.000000
 62.000000 -0.250632 -0.099521 0.000000 -1.640285 -1.640285 -1.640285 0.000000 0.000000 0.000000 0.000000 0.000000 0.000000 0.000000 0.000000
 63.000000 -0.296343 -0.130306 0.000000 -1.793583 -1.793583 -1.793583 0.000000 0.000000 0.000000 0.000000 0.000000 0.000000 0.000000 0.000000
 64.000000 -0.559005 -0.064446 0.000000 -2.748837 -2.748837 -2.748837 0.000000 0.000000 0.000000 0.000000 0.000000 0.000000 0.000000 0.000000
 65.000000 -0.929447 -0.299503 0.000000 -3.656679 -3.656679 -3.656679 0.000000 0.000000 0.000000 0.000000 0.000000 0.000000 0.000000 0.000000
 66.000000 -0.530904 0.128508 0.000000 -2.444709 -2.444709 -2.444709 0.000000 0.000000 0.000000 0.000000 0.000000 0.000000 0.000000 0.000000
 67.000000 -0.355464 -0.048843 0.000000 -1.934060 -1.934060 -1.934060 0.000000 0.000000 0.000000 0.000000 0.000000 0.000000 0.000000 0.000000
 68.000000 -0.901665 0.007932 0.000000 -3.839585 -3.839585 -3.839585 0.000000 0.000000 0.000000 0.000000 0.000000 0.000000 0.000000 0.000000
 69.000000 -1.016352 -0.355186 0.000000 -3.576656 -3.576656 -3.576656 0.000000 0.000000 0.000000 0.000000 0.000000 0.000000 0.000000 0.000000
 70.000000 -0.552955 -0.139491 0.000000 -2.743999 -2.743999 -2.743999 0.000000 0.000000 0.000000 0.000000 0.000000 0.000000 0.000000 0.000000
 71.000000 -1.104305 0.076661 0.000000 -3.919031 -3.919031 -3.919031 0.000000 0.000000 0.000000 0.000000 0.000000 0.000000 0.000000 0.000000
 72.000000 -0.953652 0.139507 0.000000 -3.788891 -3.788891 -3.788891 0.000000 0.000000 0.000000 0.000000 0.000000 0.000000 0.000000 0.000000
 73.000000 -0.822457 0.063475 0.000000 -3.611151 -3.611151 -3.611151 0.000000 0.000000 0.000000 0.000000 0.000000 0.000000 0.000000 0.000000
 74.000000 -1.092135 0.521007 0.000000 -2.908558 -2.908558 -2.908558 0.000000 0.000000 0.000000 0.000000 0.000000 0.000000 0.000000 0.000000
 75.000000 -1.045322 0.949758 0.000000 -1.701539 -1.701539 -1.701539 0.000000 0.000000 0.000000 0.000000 0.000000 0.000000 0.000000 0.000000
 76.000000 -0.848296 0.992533 0.000000 -1.725816 -1.725816 -1.725816 0.000000 0.000000 0.000000 0.000000 0.000000 0.000000 0.000000 0.000000
 77.000000 -1.293415 0.527129 0.000000 -2.545617 -2.545617 -2.545617 0.000000 0.000000 0.000000 0.000000 0.000000 0.000000 0.000000 0.000000
 78.000000 -0.845039 0.448293 0.000000 -2.909834 -2.909834 -2.909834 0.000000 0.000000 0.000000 0.000000 0.000000 0.000000 0.000000 0.000000
 79.000000 -1.179472 -0.008801 0.000000 -3.875733 -3.875733 -3.875733 0.000000 0.000000 0.000000 0.000000 0.000000 0.000000 0.000000 0.000000
 80.000000 -1.316671 0.301349 0.000000 -3.103281 -3.103281 -3.103281 0.000000 0.000000 0.000000 0.000000 0.000000 0.000000 0.000000 0.000000
 81.000000 -0.923561 -0.761679 0.000000 -2.036979 -2.036979 -2.036979 0.000000 0.000000 0.000000 0.000000 0.000000 0.000000 0.000000 0.000000
 82.000000 -1.246464 -0.240182 0.000000 -3.527631 -3.527631 -3.527631 0.000000 0.000000 0.000000 0.000000 0.000000 0.000000 0.000000 0.000000
 83.000000 -0.809177 -0.422724 0.000000 -3.179371 -3.179371 -3.179371 0.000000 0.000000 0.000000 0.000000 0.000000 0.000000 0.000000 0.000000
 84.000000 -0.848999 -0.250632 0.000000 -3.615811 -3.615811 -3.615811 0.000000 0.000000 0.000000 0.000000 0.000000 0.000000 0.000000 0.000000
 85.000000 -1.189066 1.071528 0.000000 -1.173251 -1.173251 -1.173251 0.000000 0.000000 0.000000 0.000000 0.000000 0.000000 0.000000 0.000000
 86.000000 -1.229881 1.049823 0.000000 -1.132742 -1.132742 -1.132742 0.000000 0.000000 0.000000 0.000000 0.000000 0.000000 0.000000 0.000000
 87.000000 -0.991620 1.162220 0.000000 -1.337423 -1.337423 -1.337423 0.000000 0.000000 0.000000 0.000000 0.000000 0.000000 0.000000 0.000000
 88.000000 -0.637295 1.429323 0.000000 -1.579066 -1.579066 -1.579066 0.000000 0.000000 0.000000 0.000000 0.000000 0.000000 0.000000 0.000000
 89.000000 -0.415317 1.613854 0.000000 -1.796629 -1.796629 -1.796629 0.000000 0.000000 0.000000 0.000000 0.000000 0.000000 0.000000 0.000000
 90.000000 -1.048487 0.606822 0.000000 -2.658618 -2.658618 -2.658618 0.000000 0.000000 0.000000 0.000000 0.000000 0.000000 0.000000 0.000000
 91.000000 -1.189322 0.605431 0.000000 -2.530383 -2.530383 -2.530383 0.000000 0.000000 0.000000 0.000000 0.000000 0.000000 0.000000 0.000000
 92.000000 -1.253920 0.240997 0.000000 -3.422347 -3.422347 -3.422347 0.000000 0.000000 0.000000 0.000000 0.000000 0.000000 0.000000 0.000000
 93.000000 -0.709773 0.013193 0.000000 -3.292767 -3.292767 -3.292767 0.000000 0.000000 0.000000 0.000000 0.000000 0.000000 0.000000 0.000000
 94.000000 -1.454043 0.052114 0.000000 -2.866418 -2.866418 -2.866418 0.000000 0.000000 0.000000 0.000000 0.000000 0.000000 0.000000 0.000000
 95.000000 -1.121531 0.563401 0.000000 -2.753807 -2.753807 -2.753807 0.000000 0.000000 0.000000 0.000000 0.000000 0.000000 0.000000 0.000000
 96.000000 -1.233839 -0.086865 0.000000 -3.743973 -3.743973 -3.743973 0.000000 0.000000 0.000000 0.000000 0.000000 0.000000 0.000000 0.000000
 97.000000 -1.238089 -0.008903 0.000000 -3.747721 -3.747721 -3.747721 0.000000 0.000000 0.000000 0.000000 0.000000 0.000000 0.000000 0.000000
 98.000000 -0.724289 -0.563473 0.000000 -2.593073 -2.593073 -2.593073 0.000000 0.000000 0.000000 0.000000 0.000000 0.000000 0.000000 0.000000
 99.000000 -0.586601 -0.782328 0.000000 -1.563282 -1.563282 -1.563282 0.000000 0.000000 0.000000 0.000000 0.000000 0.000000 0.000000 0.000000
 100.000000 -0.404930 -0.417941 0.000000 -2.045755 -2.045755 -2.045755 0.000000 0.000000 0.000000 0.000000 0.000000 0.000000 0.000000 0.000000
 101.000000 -0.990643 -0.610563 0.000000 -2.702851 -2.702851 -2.702851 0.000000 0.000000 0.000000 0.000000 0.000000 0.000000 0.000000 0.000000
 102.000000 -1.116746 -0.060572 0.000000 -3.960331 -3.960331 -3.960331 0.000000 0.000000 0.000000 0.000000 0.000000 0.000000 0.000000 0.000000
 103.000000 -1.362487 -0.131266 0.000000 -3.270202 -3.270202 -3.270202 0.000000 0.000000 0.000000 0.000000 0.000000 0.000000 0.000000 0.000000
 104.000000 -1.031659 0.503182 0.000000 -2.975395 -2.975395 -2.975395 0.000000 0.000000 0.000000 0.000000 0.000000 0.000000 0.000000 0.000000
 105.000000 -1.053992 0.390213 0.000000 -3.306730 -3.306730 -3.306730 0.000000 0.000000 0.000000 0.000000 0.000000 0.000000 0.000000 0.000000
 106.000000 -1.302017 0.516094 0.000000 -2.554985 -2.554985 -2.554985 0.000000 0.000000 0.000000 0.000000 0.000000 0.000000 0.000000 0.000000
 107.000000 -0.932476 0.143173 0.000000 -3.752440 -3.752440 -3.752440 0.000000 0.000000 0.000000 0.000000 0.000000 0.000000 0.000000 0.000000
 108.000000 -0.934374 0.677787 0.000000 -2.422820 -2.422820 -2.422820 0.000000 0.000000 0.000000 0.000000 0.000000 0.000000 0.000000 0.000000
 109.000000 -1.559697 0.534123 0.000000 -1.389562 -1.389562 -1.389562 0.000000 0.000000 0.000000 0.000000 0.000000 0.000000 0.000000 0.000000
 110.000000 -1.160097 0.244621 0.000000 -3.600975 -3.600975 -3.600975 0.000000 0.000000 0.000000 0.000000 0.000000 0.000000 0.000000 0.000000
 111.000000 -0.920060 0.474854 0.000000 -2.971492 -2.971492 -2.971492 0.000000 0.000000 0.000000 0.000000 0.000000 0.000000 0.000000 0.000000
 112.000000 -1.088093 0.751196 0.000000 -2.197773 -2.197773 -2.197773 0.000000 0.000000 0.000000 0.000000 0.000000 0.000000 0.000000 0.000000
 113.000000 -0.674900 1.054857 0.000000 -1.660259 -1.660259 -1.660259 0.000000 0.000000 0.000000 0.000000 0.000000 0.000000 0.000000 0.000000
 114.000000 -0.923078 1.438889 0.000000 -1.036559 -1.036559 -1.036559 0.000000 0.000000 0.000000 0.000000 0.000000 0.000000 0.000000 0.000000
 115.000000 -0.498495 1.670547 0.000000 -1.567773 -1.567773 -1.567773 0.000000 0.000000 0.000000 0.000000 0.000000 0.000000 0.000000 0.000000
 116.000000 -0.246882 1.613628 0.000000 -2.016544 -2.016544 -2.016544 0.000000 0.000000 0.000000 0.000000 0.000000 0.000000 0.000000 0.000000
 117.000000 -0.311323 1.847680 0.000000 -1.438483 -1.438483 -1.438483 0.000000 0.000000 0.000000 0.000000 0.000000 0.000000 0.000000 0.000000
 118.000000 -0.739555 1.734009 0.000000 -0.897603 -0.897603 -0.897603 0.000000 0.000000 0.000000 0.000000 0.000000 0.000000 0.000000 0.000000
 119.000000 -0.277289 0.794676 0.000000 -1.140389 -1.140389 -1.140389 0.000000 0.000000 0.000000 0.000000 0.000000 0.000000 0.000000 0.000000
 120.000000 -0.679612 1.159662 0.000000 -1.624353 -1.624353 -1.624353 0.000000 0.000000 0.000000 0.000000 0.000000 0.000000 0.000000 0.000000
 121.000000 -0.508388 1.452116 0.000000 -1.762234 -1.762234 -1.762234 0.000000 0.000000 0.000000 0.000000 0.000000 0.000000 0.000000 0.000000
 122.000000 -0.542035 1.364762 0.000000 -1.727524 -1.727524 -1.727524 0.000000 0.000000 0.000000 0.000000 0.000000 0.000000 0.000000 0.000000
 123.000000 -0.277808 1.362898 0.000000 -1.959954 -1.959954 -1.959954 0.000000 0.000000 0.000000 0.000000 0.000000 0.000000 0.000000 0.000000
 124.000000 -0.719163 1.240782 0.000000 -1.564636 -1.564636 -1.564636 0.000000 0.000000 0.000000 0.000000 0.000000 0.000000 0.000000 0.000000
 125.000000 -0.733385 1.491392 0.000000 -1.353617 -1.353617 -1.353617 0.000000 0.000000 0.000000 0.000000 0.000000 0.000000 0.000000 0.000000
 126.000000 -0.443762 1.859341 0.000000 -1.176883 -1.176883 -1.176883 0.000000 0.000000 0.000000 0.000000 0.000000 0.000000 0.000000 0.000000
 127.000000 -0.451220 1.940204 0.000000 -0.844069 -0.844069 -0.844069 0.000000 0.000000 0.000000 0.000000 0.000000 0.000000 0.000000 0.000000
 128.000000 -0.415540 1.368318 0.000000 -1.859041 -1.859041 -1.859041 0.000000 0.000000 0.000000 0.000000 0.000000 0.000000 0.000000 0.000000
 129.000000 -0.702019 2.043581 0.000000 0.193526 0.193526 0.193526 0.000000 0.000000 1.899319 7597.276870 0.000000 0.000000 0.000000 0.000000
 130.000000 -0.360703 1.620841 0.000000 -1.870443 -1.870443 -1.870443 0.000000 0.000000 0.000000 0.000000 0.000000 0.000000 0.000000 0.000000
 131.000000 -0.681529 1.686617 0.000000 -1.148594 -1.148594 -1.148594 0.000000 0.000000 0.000000 0.000000 0.000000 0.000000 0.000000 0.000000
 132.000000 -1.131929 1.583203 0.000000 -0.241241 -0.241241 -0.241241 0.000000 0.000000 0.000000 0.000000 0.000000 0.000000 0.000000 0.000000
 133.000000 -0.671295 1.680617 0.000000 -1.184948 -1.184948 -1.184948 0.000000 0.000000 0.000000 0.000000 0.000000 0.000000 0.000000 0.000000
 134.000000 -0.379538 1.897908 0.000000 -1.148180 -1.148180 -1.148180 0.000000 0.000000 0.000000 0.000000 0.000000 0.000000 0.000000 0.000000
 135.000000 -0.479714 1.467222 0.000000 -1.798398 -1.798398 -1.798398 0.000000 0.000000 0.000000 0.000000 0.000000 0.000000 0.000000 0.000000
 136.000000 -1.205952 0.899560 0.000000 -1.587706 -1.587706 -1.587706 0.000000 0.000000 0.000000 0.000000 0.000000 0.000000 0.000000 0.000000
 137.000000 -0.932068 0.466760 0.000000 -3.009849 -3.009849 -3.009849 0.000000 0.000000 0.000000 0.000000 0.000000 0.000000 0.000000 0.000000
 138.000000 -1.187688 0.693214 0.000000 -2.250388 -2.250388 -2.250388 0.000000 0.000000 0.000000 0.000000 0.000000 0.000000 0.000000 0.000000
 139.000000 -1.110141 0.745600 0.000000 -2.193466 -2.193466 -2.193466 0.000000 0.000000 0.000000 0.000000 0.000000 0.000000 0.000000 0.000000
 140.000000 -1.315821 0.005638 0.000000 -3.503405 -3.503405 -3.503405 0.000000 0.000000 0.000000 0.000000 0.000000 0.000000 0.000000 0.000000
 141.000000 -1.286724 -0.165846 0.000000 -3.519249 -3.519249 -3.519249 0.000000 0.000000 0.000000 0.000000 0.000000 0.000000 0.000000 0.000000
 142.000000 -1.810760 -0.009822 0.000000 -0.346160 -0.346160 -0.346160 0.000000 0.000000 0.000000 0.000000 0.000000 0.000000 0.000000 0.000000
 143.000000 -0.830845 0.039706 0.000000 -3.655899 -3.655899 -3.655899 0.000000 0.000000 0.000000 0.000000 0.000000 0.000000 0.000000 0.000000
 144.000000 -0.788965 0.409163 0.000000 -2.870379 -2.870379 -2.870379 0.000000 0.000000 0.000000 0.000000 0.000000 0.000000 0.000000 0.000000
 145.000000 -0.961714 0.676454 0.000000 -2.441684 -2.441684 -2.441684 0.000000 0.000000 0.000000 0.000000 0.000000 0.000000 0.000000 0.000000
 146.000000 -1.010120 0.458161 0.000000 -3.102209 -3.102209 -3.102209 0.000000 0.000000 0.000000 0.000000 0.000000 0.000000 0.000000 0.000000
 147.000000 -1.292749 0.650041 0.000000 -2.154642 -2.154642 -2.154642 0.000000 0.000000 0.000000 0.000000 0.000000 0.000000 0.000000 0.000000
 148.000000 -1.509303 0.691860 0.000000 -1.203254 -1.203254 -1.203254 0.000000 0.000000 0.000000 0.000000 0.000000 0.000000 0.000000 0.000000
 149.000000 -1.634156 0.949549 0.000000 0.113533 0.113533 0.113533 0.000000 0.000000 0.000000 0.000000 0.000000 0.000000 0.000000 0.000000
 150.000000 -0.758677 0.713147 0.000000 -2.121808 -2.121808 -2.121808 0.000000 0.000000 0.000000 0.000000 0.000000 0.000000 0.000000 0.000000
 151.000000 -0.801939 0.034867 0.000000 -3.579166 -3.579166 -3.579166 0.000000 0.000000 0.000000 0.000000 0.000000 0.000000 0.000000 0.000000
 152.000000 -1.049820 -0.248544 0.000000 -3.808478 -3.808478 -3.808478 0.000000 0.000000 0.000000 0.000000 0.000000 0.000000 0.000000 0.000000
 153.000000 -1.377194 -0.218734 0.000000 -3.093944 -3.093944 -3.093944 0.000000 0.000000 0.000000 0.000000 0.000000 0.000000 0.000000 0.000000
 154.000000 -1.011571 0.329347 0.000000 -3.456530 -3.456530 -3.456530 0.000000 0.000000 0.000000 0.000000 0.000000 0.000000 0.000000 0.000000
 155.000000 -1.869435 0.292448 0.000000 0.363188 0.363188 0.363188 0.000000 0.000000 0.000000 0.000000 0.000000 0.000000 0.000000 0.000000
 156.000000 -1.218538 0.112224 0.000000 -3.715171 -3.715171 -3.715171 0.000000 0.000000 0.000000 0.000000 0.000000 0.000000 0.000000 0.000000
 157.000000 -1.178251 0.145720 0.000000 -3.750155 -3.750155 -3.750155 0.000000 0.000000 0.000000 0.000000 0.000000 0.000000 0.000000 0.000000
 158.000000 -1.636147 -0.420640 0.000000 -1.186897 -1.186897 -1.186897 0.000000 0.000000 0.000000 0.000000 0.000000 0.000000 0.000000 0.000000
 159.000000 -1.638409 0.326804 0.000000 -1.381704 -1.381704 -1.381704 0.000000 0.000000 0.000000 0.000000 0.000000 0.000000 0.000000 0.000000
 160.000000 -1.459377 0.358819 0.000000 -2.370934 -2.370934 -2.370934 0.000000 0.000000 0.000000 0.000000 0.000000 0.000000 0.000000 0.000000
 161.000000 -1.096152 0.067573 0.000000 -3.932443 -3.932443 -3.932443 0.000000 0.000000 0.000000 0.000000 0.000000 0.000000 0.000000 0.000000
 162.000000 -0.969979 -0.155202 0.000000 -3.908973 -3.908973 -3.908973 0.000000 0.000000 0.000000 0.000000 0.000000 0.000000 0.000000 0.000000
 163.000000 -1.045528 -0.769739 0.000000 -1.970868 -1.970868 -1.970868 0.000000 0.000000 0.000000 0.000000 0.000000 0.000000 0.000000 0.000000
 164.000000 -1.403514 -0.267329 0.000000 -2.886231 -2.886231 -2.886231 0.000000 0.000000 0.000000 0.000000 0.000000 0.000000 0.000000 0.000000
 165.000000 -1.052028 -0.491156 0.000000 -3.145348 -3.145348 -3.145348 0.000000 0.000000 0.000000 0.000000 0.000000 0.000000 0.000000 0.000000
 166.000000 -0.612720 -0.687150 0.000000 -1.950864 -1.950864 -1.950864 0.000000 0.000000 0.000000 0.000000 0.000000 0.000000 0.000000 0.000000
 167.000000 -0.360852 -0.770103 0.000000 -1.197770 -1.197770 -1.197770 0.000000 0.000000 0.000000 0.000000 0.000000 0.000000 0.000000 0.000000
 168.000000 -0.696436 -0.640846 0.000000 -2.277392 -2.277392 -2.277392 0.000000 0.000000 0.000000 0.000000 0.000000 0.000000 0.000000 0.000000
 169.000000 -1.258759 -0.063603 0.000000 -3.685852 -3.685852 -3.685852 0.000000 0.000000 0.000000 0.000000 0.000000 0.000000 0.000000 0.000000
 170.000000 -1.021325 0.229994 0.000000 -3.690655 -3.690655 -3.690655 0.000000 0.000000 0.000000 0.000000 0.000000 0.000000 0.000000 0.000000
 171.000000 -1.159859 0.380916 0.000000 -3.264316 -3.264316 -3.264316 0.000000 0.000000 0.000000 0.000000 0.000000 0.000000 0.000000 0.000000
 172.000000 -0.892025 0.007708 0.000000 -3.821048 -3.821048 -3.821048 0.000000 0.000000 0.000000 0.000000 0.000000 0.000000 0.000000 0.000000
 173.000000 -0.856497 -0.057463 0.000000 -3.765581 -3.765581 -3.765581 0.000000 0.000000 0.000000 0.000000 0.000000 0.000000 0.000000 0.000000
 174.000000 -0.580893 -0.236475 0.000000 -2.820930 -2.820930 -2.820930 0.000000 0.000000 0.000000 0.000000 0.000000 0.000000 0.000000 0.000000
 175.000000 -0.827029 -0.468756 0.000000 -3.081812 -3.081812 -3.081812 0.000000 0.000000 0.000000 0.000000 0.000000 0.000000 0.000000 0.000000
 176.000000 -0.682929 -0.051944 0.000000 -3.231223 -3.231223 -3.231223 0.000000 0.000000 0.000000 0.000000 0.000000 0.000000 0.000000 0.000000
 177.000000 -0.580507 0.465886 0.000000 -2.085336 -2.085336 -2.085336 0.000000 0.000000 0.000000 0.000000 0.000000 0.000000 0.000000 0.000000
 178.000000 -0.788591 0.470439 0.000000 -2.722554 -2.722554 -2.722554 0.000000 0.000000 0.000000 0.000000 0.000000 0.000000 0.000000 0.000000
 179.000000 -1.054632 0.283718 0.000000 -3.581504 -3.581504 -3.581504 0.000000 0.000000 0.000000 0.000000 0.000000 0.000000 0.000000 0.000000
 180.000000 -0.643435 0.132780 0.000000 -2.905145 -2.905145 -2.905145 0.000000 0.000000 0.000000 0.000000 0.000000 0.000000 0.000000 0.000000
 181.000000 -0.962578 -0.162680 0.000000 -3.895353 -3.895353 -3.895353 0.000000 0.000000 0.000000 0.000000 0.000000 0.000000 0.000000 0.000000
 182.000000 -0.942009 0.047696 0.000000 -3.879317 -3.879317 -3.879317 0.000000 0.000000 0.000000 0.000000 0.000000 0.000000 0.000000 0.000000
 183.000000 -0.934126 -0.161037 0.000000 -3.864924 -3.864924 -3.864924 0.000000 0.000000 0.000000 0.000000 0.000000 0.000000 0.000000 0.000000
 184.000000 -0.794564 0.151536 0.000000 -3.416678 -3.416678 -3.416678 0.000000 0.000000 0.000000 0.000000 0.000000 0.000000 0.000000 0.000000
 185.000000 -1.105111 0.139230 0.000000 -3.843825 -3.843825 -3.843825 0.000000 0.000000 0.000000 0.000000 0.000000 0.000000 0.000000 0.000000
 186.000000 -0.864561 0.413942 0.000000 -3.038822 -3.038822 -3.038822 0.000000 0.000000 0.000000 0.000000 0.000000 0.000000 0.000000 0.000000
 187.000000 -0.692162 0.374602 0.000000 -2.649684 -2.649684 -2.649684 0.000000 0.000000 0.000000 0.000000 0.000000 0.000000 0.000000 0.000000
 188.000000 -1.167495 0.455163 0.000000 -3.037938 -3.037938 -3.037938 0.000000 0.000000 0.000000 0.000000 0.000000 0.000000 0.000000 0.000000
 189.000000 -1.341755 0.768756 0.000000 -1.631006 -1.631006 -1.631006 0.000000 0.000000 0.000000 0.000000 0.000000 0.000000 0.000000 0.000000
 190.000000 -1.446391 0.234152 0.000000 -2.695555 -2.695555 -2.695555 0.000000 0.000000 0.000000 0.000000 0.000000 0.000000 0.000000 0.000000
 191.000000 -1.310613 0.241068 0.000000 -3.253030 -3.253030 -3.253030 0.000000 0.000000 0.000000 0.000000 0.000000 0.000000 0.000000 0.000000
 192.000000 -0.534894 0.109425 0.000000 -2.487008 -2.487008 -2.487008 0.000000 0.000000 0.000000 0.000000 0.000000 0.000000 0.000000 0.000000
 193.000000 -1.110115 0.315393 0.000000 -3.487375 -3.487375 -3.487375 0.000000 0.000000 0.000000 0.000000 0.000000 0.000000 0.000000 0.000000
 194.000000 -1.290604 0.249126 0.000000 -3.301260 -3.301260 -3.301260 0.000000 0.000000 0.000000 0.000000 0.000000 0.000000 0.000000 0.000000
 195.000000 -1.315817 0.580313 0.000000 -2.311402 -2.311402 -2.311402 0.000000 0.000000 0.000000 0.000000 0.000000 0.000000 0.000000 0.000000
 196.000000 -1.024625 -0.010109 0.000000 -3.986136 -3.986136 -3.986136 0.000000 0.000000 0.000000 0.000000 0.000000 0.000000 0.000000 0.000000
 197.000000 -1.331001 0.063721 0.000000 -3.420623 -3.420623 -3.420623 0.000000 0.000000 0.000000 0.000000 0.000000 0.000000 0.000000 0.000000
 198.000000 -1.341658 -0.233085 0.000000 -3.218567 -3.218567 -3.218567 0.000000 0.000000 0.000000 0.000000 0.000000 0.000000 0.000000 0.000000
 199.000000 -0.849729 -0.047300 0.000000 -3.748409 -3.748409 -3.748409 0.000000 0.000000 0.000000 0.000000 0.000000 0.000000 0.000000 0.000000
 200.000000 -1.159721 -0.485553 0.000000 -3.043730 -3.043730 -3.043730 0.000000 0.000000 0.000000 0.000000 0.000000 0.000000 0.000000 0.000000
 201.000000 -1.221915 -0.277335 0.000000 -3.518093 -3.518093 -3.518093 0.000000 0.000000 0.000000 0.000000 0.000000 0.000000 0.000000 0.000000
 202.000000 -0.631799 -0.680255 0.000000 -2.013025 -2.013025 -2.013025 0.000000 0.000000 0.000000 0.000000 0.000000 0.000000 0.000000 0.000000
 203.000000 -0.901052 -0.619636 0.000000 -2.637608 -2.637608 -2.637608 0.000000 0.000000 0.000000 0.000000 0.000000 0.000000 0.000000 0.000000
 204.000000 -0.529203 -0.314031 0.000000 -2.569850 -2.569850 -2.569850 0.000000 0.000000 0.000000 0.000000 0.000000 0.000000 0.000000 0.000000
 205.000000 -0.779866 -0.031087 0.000000 -3.553156 -3.553156 -3.553156 0.000000 0.000000 0.000000 0.000000 0.000000 0.000000 0.000000 0.000000
 206.000000 -1.738292 -0.449080 0.000000 -0.393170 -0.393170 -0.393170 0.000000 0.000000 0.000000 0.000000 0.000000 0.000000 0.000000 0.000000
 207.000000 -1.224894 0.353206 0.000000 -3.227253 -3.227253 -3.227253 0.000000 0.000000 0.000000 0.000000 0.000000 0.000000 0.000000 0.000000
 208.000000 -1.050575 -0.290960 0.000000 -3.724701 -3.724701 -3.724701 0.000000 0.000000 0.000000 0.000000 0.000000 0.000000 0.000000 0.000000
 209.000000 -0.627893 -0.515461 0.000000 -2.506853 -2.506853 -2.506853 0.000000 0.000000 0.000000 0.000000 0.000000 0.000000 0.000000 0.000000
 210.000000 -0.246020 -0.712209 0.000000 -1.166334 -1.166334 -1.166334 0.000000 0.000000 0.000000 0.000000 0.000000 0.000000 0.000000 0.000000
 211.000000 -0.911628 -0.590007 0.000000 -2.761429 -2.761429 -2.761429 0.000000 0.000000 0.000000 0.000000 0.000000 0.000000 0.000000 0.000000
 212.000000 -1.234704 -0.283198 0.000000 -3.472837 -3.472837 -3.472837 0.000000 0.000000 0.000000 0.000000 0.000000 0.000000 0.000000 0.000000
 213.000000 -1.131444 -0.487848 0.000000 -3.079883 -3.079883 -3.079883 0.000000 0.000000 0.000000 0.000000 0.000000 0.000000 0.000000 0.000000
 214.000000 -1.275385 0.214421 0.000000 -3.414374 -3.414374 -3.414374 0.000000 0.000000 0.000000 0.000000 0.000000 0.000000 0.000000 0.000000
 215.000000 -1.300107 0.560951 0.000000 -2.419727 -2.419727 -2.419727 0.000000 0.000000 0.000000 0.000000 0.000000 0.000000 0.000000 0.000000
 216.000000 -1.341336 0.265967 0.000000 -3.093875 -3.093875 -3.093875 0.000000 0.000000 0.000000 0.000000 0.000000 0.000000 0.000000 0.000000
 217.000000 -1.203367 0.016112 0.000000 -3.822392 -3.822392 -3.822392 0.000000 0.000000 0.000000 0.000000 0.000000 0.000000 0.000000 0.000000
 218.000000 -0.915071 0.249696 0.000000 -3.528622 -3.528622 -3.528622 0.000000 0.000000 0.000000 0.000000 0.000000 0.000000 0.000000 0.000000
 219.000000 -1.665200 0.369363 0.000000 -1.115951 -1.115951 -1.115951 0.000000 0.000000 0.000000 0.000000 0.000000 0.000000 0.000000 0.000000
 220.000000 -0.899719 0.092049 0.000000 -3.762883 -3.762883 -3.762883 0.000000 0.000000 0.000000 0.000000 0.000000 0.000000 0.000000 0.000000
 221.000000 -1.228477 0.084651 0.000000 -3.720911 -3.720911 -3.720911 0.000000 0.000000 0.000000 0.000000 0.000000 0.000000 0.000000 0.000000
 222.000000 -1.408550 -0.646157 0.000000 -1.669624 -1.669624 -1.669624 0.000000 0.000000 0.000000 0.000000 0.000000 0.000000 0.000000 0.000000
 223.000000 -1.062020 -0.081422 0.000000 -3.986319 -3.986319 -3.986319 0.000000 0.000000 0.000000 0.000000 0.000000 0.000000 0.000000 0.000000
 224.000000 -0.881951 0.154343 0.000000 -3.640154 -3.640154 -3.640154 0.000000 0.000000 0.000000 0.000000 0.000000 0.000000 0.000000 0.000000
 225.000000 -1.508293 -0.063910 0.000000 -2.567051 -2.567051 -2.567051 0.000000 0.000000 0.000000 0.000000 0.000000 0.000000 0.000000 0.000000
 226.000000 -0.947801 -0.021920 0.000000 -3.925582 -3.925582 -3.925582 0.000000 0.000000 0.000000 0.000000 0.000000 0.000000 0.000000 0.000000
 227.000000 -1.061313 -0.527762 0.000000 -3.005118 -3.005118 -3.005118 0.000000 0.000000 0.000000 0.000000 0.000000 0.000000 0.000000 0.000000
 228.000000 -0.908262 -0.313262 0.000000 -3.602962 -3.602962 -3.602962 0.000000 0.000000 0.000000 0.000000 0.000000 0.000000 0.000000 0.000000
 229.000000 -0.633914 -0.178279 0.000000 -3.047351 -3.047351 -3.047351 0.000000 0.000000 0.000000 0.000000 0.000000 0.000000 0.000000 0.000000
 230.000000 -0.870735 -0.141076 0.000000 -3.774461 -3.774461 -3.774461 0.000000 0.000000 0.000000 0.000000 0.000000 0.000000 0.000000 0.000000
 231.000000 -1.052591 -0.183737 0.000000 -3.906402 -3.906402 -3.906402 0.000000 0.000000 0.000000 0.000000 0.000000 0.000000 0.000000 0.000000
 232.000000 -0.923929 -0.261505 0.000000 -3.721229 -3.721229 -3.721229 0.000000 0.000000 0.000000 0.000000 0.000000 0.000000 0.000000 0.000000
 233.000000 -1.329117 -0.077327 0.000000 -3.443336 -3.443336 -3.443336 0.000000 0.000000 0.000000 0.000000 0.000000 0.000000 0.000000 0.000000
 234.000000 -0.846646 -0.018153 0.000000 -3.732526 -3.732526 -3.732526 0.000000 0.000000 0.000000 0.000000 0.000000 0.000000 0.000000 0.000000
 235.000000 -1.005991 0.278496 0.000000 -3.576158 -3.576158 -3.576158 0.000000 0.000000 0.000000 0.000000 0.000000 0.000000 0.000000 0.000000
 236.000000 -1.035955 0.083965 0.000000 -3.925874 -3.925874 -3.925874 0.000000 0.000000 0.000000 0.000000 0.000000 0.000000 0.000000 0.000000
 237.000000 -1.161636 0.369694 0.000000 -3.292960 -3.292960 -3.292960 0.000000 0.000000 0.000000 0.000000 0.000000 0.000000 0.000000 0.000000
 238.000000 -1.279283 0.192704 0.000000 -3.441189 -3.441189 -3.441189 0.000000 0.000000 0.000000 0.000000 0.000000 0.000000 0.000000 0.000000
 239.000000 -1.257454 -0.035272 0.000000 -3.695649 -3.695649 -3.695649 0.000000 0.000000 0.000000 0.000000 0.000000 0.000000 0.000000 0.000000
 240.000000 -0.929640 0.528054 0.000000 -2.834965 -2.834965 -2.834965 0.000000 0.000000 0.000000 0.000000 0.000000 0.000000 0.000000 0.000000
 241.000000 -1.072174 0.443659 0.000000 -3.151154 -3.151154 -3.151154 0.000000 0.000000 0.000000 0.000000 0.000000 0.000000 0.000000 0.000000
 242.000000 -1.010649 0.222765 0.000000 -3.699382 -3.699382 -3.699382 0.000000 0.000000 0.000000 0.000000 0.000000 0.000000 0.000000 0.000000
 243.000000 -1.031270 0.479464 0.000000 -3.046252 -3.046252 -3.046252 0.000000 0.000000 0.000000 0.000000 0.000000 0.000000 0.000000 0.000000
 244.000000 -1.054389 0.128323 0.000000 -3.874769 -3.874769 -3.874769 0.000000 0.000000 0.000000 0.000000 0.000000 0.000000 0.000000 0.000000
 245.000000 -1.071599 -0.148229 0.000000 -3.939522 -3.939522 -3.939522 0.000000 0.000000 0.000000 0.000000 0.000000 0.000000 0.000000 0.000000
 246.000000 -1.380516 -0.061820 0.000000 -3.236304 -3.236304 -3.236304 0.000000 0.000000 0.000000 0.000000 0.000000 0.000000 0.000000 0.000000
 247.000000 -1.114535 0.222334 0.000000 -3.694514 -3.694514 -3.694514 0.000000 0.000000 0.000000 0.000000 0.000000 0.000000 0.000000 0.000000
 248.000000 -0.912680 0.328841 0.000000 -3.343917 -3.343917 -3.343917 0.000000 0.000000 0.000000 0.000000 0.000000 0.000000 0.000000 0.000000
 249.000000 -0.860567 0.646565 0.000000 -2.428431 -2.428431 -2.428431 0.000000 0.000000 0.000000 0.000000 0.000000 0.000000 0.000000 0.000000
 250.000000 -0.770760 0.299584 0.000000 -3.066127 -3.066127 -3.066127 0.000000 0.000000 0.000000 0.000000 0.000000 0.000000 0.000000 0.000000
 251.000000 -1.604324 0.477351 0.000000 -1.274180 -1.274180 -1.274180 0.000000 0.000000 0.000000 0.000000 0.000000 0.000000 0.000000 0.000000
 252.000000 -1.214081 1.212014 0.000000 -0.795338 -0.795338 -0.795338 0.000000 0.000000 0.000000 0.000000 0.000000 0.000000 0.000000 0.000000
 253.000000 -1.103856 1.059982 0.000000 -1.365634 -1.365634 -1.365634 0.000000 0.000000 0.000000 0.000000 0.000000 0.000000 0.000000 0.000000
 254.000000 -1.078737 1.100497 0.000000 -1.319702 -1.319702 -1.319702 0.000000 0.000000 0.000000 0.000000 0.000000 0.000000 0.000000 0.000000
 255.000000 -1.068139 1.081341 0.000000 -1.377033 -1.377033 -1.377033 0.000000 0.000000 0.000000 0.000000 0.000000 0.000000 0.000000 0.000000
 256.000000 -0.342096 1.075441 0.000000 -1.559353 -1.559353 -1.559353 0.000000 0.000000 0.000000 0.000000 0.000000 0.000000 0.000000 0.000000
 257.000000 -0.805637 0.725740 0.000000 -2.170466 -2.170466 -2.170466 0.000000 0.000000 0.000000 0.000000 0.000000 0.000000 0.000000 0.000000
 258.000000 -0.948676 -0.360722 0.000000 -3.535018 -3.535018 -3.535018 0.000000 0.000000 0.000000 0.000000 0.000000 0.000000 0.000000 0.000000
 259.000000 -1.095570 -0.207693 0.000000 -3.852214 -3.852214 -3.852214 0.000000 0.000000 0.000000 0.000000 0.000000 0.000000 0.000000 0.000000
 260.000000 -1.088823 -0.496691 0.000000 -3.098101 -3.098101 -3.098101 0.000000 0.000000 0.000000 0.000000 0.000000 0.000000 0.000000 0.000000
 261.000000 -0.923561 -0.062160 0.000000 -3.895458 -3.895458 -3.895458 0.000000 0.000000 0.000000 0.000000 0.000000 0.000000 0.000000 0.000000
 262.000000 -1.418640 -0.204943 0.000000 -2.922538 -2.922538 -2.922538 0.000000 0.000000 0.000000 0.000000 0.000000 0.000000 0.000000 0.000000
 263.000000 -1.466031 -0.114195 0.000000 -2.779598 -2.779598 -2.779598 0.000000 0.000000 0.000000 0.000000 0.000000 0.000000 0.000000 0.000000
 264.000000 -1.250872 0.108201 0.000000 -3.640219 -3.640219 -3.640219 0.000000 0.000000 0.000000 0.000000 0.000000 0.000000 0.000000 0.000000
 265.000000 -0.440868 0.488486 0.000000 -1.572527 -1.572527 -1.572527 0.000000 0.000000 0.000000 0.000000 0.000000 0.000000 0.000000 0.000000
 266.000000 -0.624719 -0.194476 0.000000 -3.006337 -3.006337 -3.006337 0.000000 0.000000 0.000000 0.000000 0.000000 0.000000 0.000000 0.000000
 267.000000 -1.318704 -0.401833 0.000000 -2.900276 -2.900276 -2.900276 0.000000 0.000000 0.000000 0.000000 0.000000 0.000000 0.000000 0.000000
 268.000000 -1.163422 -0.367196 0.000000 -3.418077 -3.418077 -3.418077 0.000000 0.000000 0.000000 0.000000 0.000000 0.000000 0.000000 0.000000
 269.000000 -1.001476 -0.227232 0.000000 -3.840698 -3.840698 -3.840698 0.000000 0.000000 0.000000 0.000000 0.000000 0.000000 0.000000 0.000000
 270.000000 -1.076662 -0.036531 0.000000 -3.989360 -3.989360 -3.989360 0.000000 0.000000 0.000000 0.000000 0.000000 0.000000 0.000000 0.000000
 271.000000 -0.509977 -0.163473 0.000000 -2.575268 -2.575268 -2.575268 0.000000 0.000000 0.000000 0.000000 0.000000 0.000000 0.000000 0.000000
 272.000000 -0.929768 -0.554092 0.000000 -2.909482 -2.909482 -2.909482 0.000000 0.000000 0.000000 0.000000 0.000000 0.000000 0.000000 0.000000
 273.000000 -0.927460 -0.647913 0.000000 -2.536677 -2.536677 -2.536677 0.000000 0.000000 0.000000 0.000000 0.000000 0.000000 0.000000 0.000000
 274.000000 -0.865469 0.310772 0.000000 -3.293797 -3.293797 -3.293797 0.000000 0.000000 0.000000 0.000000 0.000000 0.000000 0.000000 0.000000
 275.000000 -1.561515 0.339879 0.000000 -1.850237 -1.850237 -1.850237 0.000000 0.000000 0.000000 0.000000 0.000000 0.000000 0.000000 0.000000
 276.000000 -0.814830 0.063041 0.000000 -3.590312 -3.590312 -3.590312 0.000000 0.000000 0.000000 0.000000 0.000000 0.000000 0.000000 0.000000
 277.000000 -1.015605 0.159031 0.000000 -3.817547 -3.817547 -3.817547 0.000000 0.000000 0.000000 0.000000 0.000000 0.000000 0.000000 0.000000
 278.000000 -0.401453 0.166692 0.000000 -1.861188 -1.861188 -1.861188 0.000000 0.000000 0.000000 0.000000 0.000000 0.000000 0.000000 0.000000
 279.000000 -0.751185 0.276769 0.000000 -3.051658 -3.051658 -3.051658 0.000000 0.000000 0.000000 0.000000 0.000000 0.000000 0.000000 0.000000
 280.000000 -1.083732 -0.204711 0.000000 -3.865027 -3.865027 -3.865027 0.000000 0.000000 0.000000 0.000000 0.000000 0.000000 0.000000 0.000000
 281.000000 -1.149572 -0.399089 0.000000 -3.347887 -3.347887 -3.347887 0.000000 0.000000 0.000000 0.000000 0.000000 0.000000 0.000000 0.000000
 282.000000 -0.972329 -0.206020 0.000000 -3.854436 -3.854436 -3.854436 0.000000 0.000000 0.000000 0.000000 0.000000 0.000000 0.000000 0.000000
 283.000000 -0.965453 -0.162324 0.000000 -3.898376 -3.898376 -3.898376 0.000000 0.000000 0.000000 0.000000 0.000000 0.000000 0.000000 0.000000
 284.000000 -1.015355 0.051795 0.000000 -3.947859 -3.947859 -3.947859 0.000000 0.000000 0.000000 0.000000 0.000000 0.000000 0.000000 0.000000
 285.000000 -0.953150 0.511432 0.000000 -2.907137 -2.907137 -2.907137 0.000000 0.000000 0.000000 0.000000 0.000000 0.000000 0.000000 0.000000
 286.000000 -1.044083 0.589252 0.000000 -2.713321 -2.713321 -2.713321 0.000000 0.000000 0.000000 0.000000 0.000000 0.000000 0.000000 0.000000
 287.000000 -1.504698 0.565616 0.000000 -1.592918 -1.592918 -1.592918 0.000000 0.000000 0.000000 0.000000 0.000000 0.000000 0.000000 0.000000
 288.000000 -1.592963 0.472058 0.000000 -1.356277 -1.356277 -1.356277 0.000000 0.000000 0.000000 0.000000 0.000000 0.000000 0.000000 0.000000
 289.000000 -1.216269 0.086537 0.000000 -3.747304 -3.747304 -3.747304 0.000000 0.000000 0.000000 0.000000 0.000000 0.000000 0.000000 0.000000
 290.000000 -1.077705 0.504547 0.000000 -2.966030 -2.966030 -2.966030 0.000000 0.000000 0.000000 0.000000 0.000000 0.000000 0.000000 0.000000
 291.000000 -0.707866 0.603735 0.000000 -2.223051 -2.223051 -2.223051 0.000000 0.000000 0.000000 0.000000 0.000000 0.000000 0.000000 0.000000
 292.000000 -1.365310 0.233791 0.000000 -3.064403 -3.064403 -3.064403 0.000000 0.000000 0.000000 0.000000 0.000000 0.000000 0.000000 0.000000
 293.000000 -1.130003 -0.093352 0.000000 -3.934241 -3.934241 -3.934241 0.000000 0.000000 0.000000 0.000000 0.000000 0.000000 0.000000 0.000000
 294.000000 -1.248977 0.061974 0.000000 -3.687671 -3.687671 -3.687671 0.000000 0.000000 0.000000 0.000000 0.000000 0.000000 0.000000 0.000000
 295.000000 -1.303964 0.529780 0.000000 -2.506599 -2.506599 -2.506599 0.000000 0.000000 0.000000 0.000000 0.000000 0.000000 0.000000 0.000000
 296.000000 -1.231248 0.307332 0.000000 -3.329626 -3.329626 -3.329626 0.000000 0.000000 0.000000 0.000000 0.000000 0.000000 0.000000 0.000000
 297.000000 -1.267389 0.343645 0.000000 -3.149189 -3.149189 -3.149189 0.000000 0.000000 0.000000 0.000000 0.000000 0.000000 0.000000 0.000000
 298.000000 -1.152513 0.095842 0.000000 -3.851228 -3.851228 -3.851228 0.000000 0.000000 0.000000 0.000000 0.000000 0.000000 0.000000 0.000000
 299.000000 -1.018940 -0.415431 0.000000 -3.406447 -3.406447 -3.406447 0.000000 0.000000 0.000000 0.000000 0.000000 0.000000 0.000000 0.000000
 300.000000 -0.932961 0.077644 0.000000 -3.837529 -3.837529 -3.837529 0.000000 0.000000 0.000000 0.000000 0.000000 0.000000 0.000000 0.000000
 301.000000 -1.180319 -0.313658 0.000000 -3.527033 -3.527033 -3.527033 0.000000 0.000000 0.000000 0.000000 0.000000 0.000000 0.000000 0.000000
 302.000000 -0.867316 -0.195631 0.000000 -3.721928 -3.721928 -3.721928 0.000000 0.000000 0.000000 0.000000 0.000000 0.000000 0.000000 0.000000
 303.000000 -0.583789 -0.925189 0.000000 -0.999225 -0.999225 -0.999225 0.000000 0.000000 0.000000 0.000000 0.000000 0.000000 0.000000 0.000000
 304.000000 -0.867189 -0.402290 0.000000 -3.333411 -3.333411 -3.333411 0.000000 0.000000 0.000000 0.000000 0.000000 0.000000 0.000000 0.000000
 305.000000 -1.043309 -0.412052 0.000000 -3.411336 -3.411336 -3.411336 0.000000 0.000000 0.000000 0.000000 0.000000 0.000000 0.000000 0.000000
 306.000000 -0.784194 -0.194553 0.000000 -3.526839 -3.526839 -3.526839 0.000000 0.000000 0.000000 0.000000 0.000000 0.000000 0.000000 0.000000
 307.000000 -0.852167 -0.952584 0.000000 -1.110995 -1.110995 -1.110995 0.000000 0.000000 0.000000 0.000000 0.000000 0.000000 0.000000 0.000000
 308.000000 -1.004608 0.011309 0.000000 -3.968099 -3.968099 -3.968099 0.000000 0.000000 0.000000 0.000000 0.000000 0.000000 0.000000 0.000000
 309.000000 -0.713483 0.331908 0.000000 -2.811778 -2.811778 -2.811778 0.000000 0.000000 0.000000 0.000000 0.000000 0.000000 0.000000 0.000000
 310.000000 -0.927924 0.074287 0.000000 -3.833012 -3.833012 -3.833012 0.000000 0.000000 0.000000 0.000000 0.000000 0.000000 0.000000 0.000000
 311.000000 -0.474670 0.117500 0.000000 -2.223477 -2.223477 -2.223477 0.000000 0.000000 0.000000 0.000000 0.000000 0.000000 0.000000 0.000000
 312.000000 -0.361215 -0.291980 0.000000 -2.014809 -2.014809 -2.014809 0.000000 0.000000 0.000000 0.000000 0.000000 0.000000 0.000000 0.000000
 313.000000 -0.878616 -0.478763 0.000000 -3.125092 -3.125092 -3.125092 0.000000 0.000000 0.000000 0.000000 0.000000 0.000000 0.000000 0.000000
 314.000000 -1.114545 -0.364303 0.000000 -3.497125 -3.497125 -3.497125 0.000000 0.000000 0.000000 0.000000 0.000000 0.000000 0.000000 0.000000
 315.000000 -0.913080 -0.662870 0.000000 -2.467430 -2.467430 -2.467430 0.000000 0.000000 0.000000 0.000000 0.000000 0.000000 0.000000 0.000000
 316.000000 -0.501458 -0.401010 0.000000 -2.368237 -2.368237 -2.368237 0.000000 0.000000 0.000000 0.000000 0.000000 0.000000 0.000000 0.000000
 317.000000 -1.102934 -0.497728 0.000000 -3.079897 -3.079897 -3.079897 0.000000 0.000000 0.000000 0.000000 0.000000 0.000000 0.000000 0.000000
 318.000000 -1.268164 -0.551965 0.000000 -2.542421 -2.542421 -2.542421 0.000000 0.000000 0.000000 0.000000 0.000000 0.000000 0.000000 0.000000
 319.000000 -0.887689 -0.083644 0.000000 -3.830596 -3.830596 -3.830596 0.000000 0.000000 0.000000 0.000000 0.000000 0.000000 0.000000 0.000000
 320.000000 -1.127894 0.130367 0.000000 -3.837683 -3.837683 -3.837683 0.000000 0.000000 0.000000 0.000000 0.000000 0.000000 0.000000 0.000000
 321.000000 -1.303571 -0.238480 0.000000 -3.351316 -3.351316 -3.351316 0.000000 0.000000 0.000000 0.000000 0.000000 0.000000 0.000000 0.000000
 322.000000 -1.063586 -0.124566 0.000000 -3.962345 -3.962345 -3.962345 0.000000 0.000000 0.000000 0.000000 0.000000 0.000000 0.000000 0.000000
 323.000000 -0.940392 -0.080758 0.000000 -3.917397 -3.917397 -3.917397 0.000000 0.000000 0.000000 0.000000 0.000000 0.000000 0.000000 0.000000
 324.000000 -1.313506 -0.010172 0.000000 -3.514275 -3.514275 -3.514275 0.000000 0.000000 0.000000 0.000000 0.000000 0.000000 0.000000 0.000000
 325.000000 -0.866796 -0.191434 0.000000 -3.725278 -3.725278 -3.725278 0.000000 0.000000 0.000000 0.000000 0.000000 0.000000 0.000000 0.000000
 326.000000 -1.188122 -0.251648 0.000000 -3.646250 -3.646250 -3.646250 0.000000 0.000000 0.000000 0.000000 0.000000 0.000000 0.000000 0.000000
 327.000000 -1.129766 -0.307842 0.000000 -3.623109 -3.623109 -3.623109 0.000000 0.000000 0.000000 0.000000 0.000000 0.000000 0.000000 0.000000
 328.000000 -1.236990 -0.789480 0.000000 -1.583791 -1.583791 -1.583791 0.000000 0.000000 0.000000 0.000000 0.000000 0.000000 0.000000 0.000000
 329.000000 -1.041453 -0.290304 0.000000 -3.728342 -3.728342 -3.728342 0.000000 0.000000 0.000000 0.000000 0.000000 0.000000 0.000000 0.000000
 330.000000 -0.540963 -0.762833 0.000000 -1.550237 -1.550237 -1.550237 0.000000 0.000000 0.000000 0.000000 0.000000 0.000000 0.000000 0.000000
 331.000000 -0.884316 -0.811393 0.000000 -1.795448 -1.795448 -1.795448 0.000000 0.000000 0.000000 0.000000 0.000000 0.000000 0.000000 0.000000
 332.000000 -0.826042 -0.074380 0.000000 -3.691839 -3.691839 -3.691839 0.000000 0.000000 0.000000 0.000000 0.000000 0.000000 0.000000 0.000000
 333.000000 -1.100063 -0.384787 0.000000 -3.454485 -3.454485 -3.454485 0.000000 0.000000 0.000000 0.000000 0.000000 0.000000 0.000000 0.000000
 334.000000 -1.126989 -0.320135 0.000000 -3.597234 -3.597234 -3.597234 0.000000 0.000000 0.000000 0.000000 0.000000 0.000000 0.000000 0.000000
 335.000000 -1.547473 -0.100520 0.000000 -2.306782 -2.306782 -2.306782 0.000000 0.000000 0.000000 0.000000 0.000000 0.000000 0.000000 0.000000
 336.000000 -0.714774 -0.111560 0.000000 -3.352774 -3.352774 -3.352774 0.000000 0.000000 0.000000 0.000000 0.000000 0.000000 0.000000 0.000000
 337.000000 -0.841085 -0.223094 0.000000 -3.636355 -3.636355 -3.636355 0.000000 0.000000 0.000000 0.000000 0.000000 0.000000 0.000000 0.000000
 338.000000 -1.343874 -0.216053 0.000000 -3.238583 -3.238583 -3.238583 0.000000 0.000000 0.000000 0.000000 0.000000 0.000000 0.000000 0.000000
 339.000000 -0.603787 -0.691431 0.000000 -1.918137 -1.918137 -1.918137 0.000000 0.000000 0.000000 0.000000 0.000000 0.000000 0.000000 0.000000
 340.000000 -1.040451 -0.030634 0.000000 -3.993829 -3.993829 -3.993829 0.000000 0.000000 0.000000 0.000000 0.000000 0.000000 0.000000 0.000000
 341.000000 -1.368656 -0.170184 0.000000 -3.201261 -3.201261 -3.201261 0.000000 0.000000 0.000000 0.000000 0.000000 0.000000 0.000000 0.000000
 342.000000 -1.534032 -0.123021 0.000000 -2.374690 -2.374690 -2.374690 0.000000 0.000000 0.000000 0.000000 0.000000 0.000000 0.000000 0.000000
 343.000000 -0.748863 0.134018 0.000000 -3.296104 -3.296104 -3.296104 0.000000 0.000000 0.000000 0.000000 0.000000 0.000000 0.000000 0.000000
 344.000000 -0.984101 0.109846 0.000000 -3.864493 -3.864493 -3.864493 0.000000 0.000000 0.000000 0.000000 0.000000 0.000000 0.000000 0.000000
 345.000000 -0.867244 0.313199 0.000000 -3.292106 -3.292106 -3.292106 0.000000 0.000000 0.000000 0.000000 0.000000 0.000000 0.000000 0.000000
 346.000000 -0.726103 -0.126410 0.000000 -3.388379 -3.388379 -3.388379 0.000000 0.000000 0.000000 0.000000 0.000000 0.000000 0.000000 0.000000
 347.000000 -0.550025 0.401892 0.000000 -2.082386 -2.082386 -2.082386 0.000000 0.000000 0.000000 0.000000 0.000000 0.000000 0.000000 0.000000
 348.000000 -0.692525 0.506738 0.000000 -2.374609 -2.374609 -2.374609 0.000000 0.000000 0.000000 0.000000 0.000000 0.000000 0.000000 0.000000
 349.000000 -0.956601 0.816839 0.000000 -2.070738 -2.070738 -2.070738 0.000000 0.000000 0.000000 0.000000 0.000000 0.000000 0.000000 0.000000
 350.000000 -0.946317 0.678364 0.000000 -2.428638 -2.428638 -2.428638 0.000000 0.000000 0.000000 0.000000 0.000000 0.000000 0.000000 0.000000
 351.000000 -0.515868 0.846526 0.000000 -1.555743 -1.555743 -1.555743 0.000000 0.000000 0.000000 0.000000 0.000000 0.000000 0.000000 0.000000
 352.000000 -0.632341 0.930426 0.000000 -1.688456 -1.688456 -1.688456 0.000000 0.000000 0.000000 0.000000 0.000000 0.000000 0.000000 0.000000
 353.000000 -0.799896 1.316551 0.000000 -1.412527 -1.412527 -1.412527 0.000000 0.000000 0.000000 0.000000 0.000000 0.000000 0.000000 0.000000
 354.000000 -0.475541 1.776450 0.000000 -1.374279 -1.374279 -1.374279 0.000000 0.000000 0.000000 0.000000 0.000000 0.000000 0.000000 0.000000
 355.000000 -0.544503 1.667121 0.000000 -1.484073 -1.484073 -1.484073 0.000000 0.000000 0.000000 0.000000 0.000000 0.000000 0.000000 0.000000
 356.000000 -0.706699 1.757972 0.000000 -0.913589 -0.913589 -0.913589 0.000000 0.000000 0.000000 0.000000 0.000000 0.000000 0.000000 0.000000
 357.000000 -0.259346 0.906236 0.000000 -1.251729 -1.251729 -1.251729 0.000000 0.000000 0.000000 0.000000 0.000000 0.000000 0.000000 0.000000
 358.000000 -0.295341 0.822573 0.000000 -1.192838 -1.192838 -1.192838 0.000000 0.000000 0.000000 0.000000 0.000000 0.000000 0.000000 0.000000
 359.000000 -0.247702 1.211555 0.000000 -1.766233 -1.766233 -1.766233 0.000000 0.000000 0.000000 0.000000 0.000000 0.000000 0.000000 0.000000
 360.000000 -0.773177 1.274890 0.000000 -1.483935 -1.483935 -1.483935 0.000000 0.000000 0.000000 0.000000 0.000000 0.000000 0.000000 0.000000
 361.000000 -0.961945 1.296951 0.000000 -1.172080 -1.172080 -1.172080 0.000000 0.000000 0.000000 0.000000 0.000000 0.000000 0.000000 0.000000
 362.000000 -0.849392 1.627537 0.000000 -0.874843 -0.874843 -0.874843 0.000000 0.000000 0.000000 0.000000 0.000000 0.000000 0.000000 0.000000
 363.000000 -1.515101 0.877448 0.000000 -0.645779 -0.645779 -0.645779 0.000000 0.000000 0.000000 0.000000 0.000000 0.000000 0.000000 0.000000
 364.000000 -1.478535 1.035354 0.000000 -0.381040 -0.381040 -0.381040 0.000000 0.000000 0.000000 0.000000 0.000000 0.000000 0.000000 0.000000
 365.000000 -1.707317 0.678822 0.000000 -0.129186 -0.129186 -0.129186 0.000000 0.000000 0.000000 0.000000 0.000000 0.000000 0.000000 0.000000
 366.000000 -1.163413 0.162079 0.000000 -3.748603 -3.748603 -3.748603 0.000000 0.000000 0.000000 0.000000 0.000000 0.000000 0.000000 0.000000
 367.000000 -1.292934 0.732316 0.000000 -1.890016 -1.890016 -1.890016 0.000000 0.000000 0.000000 0.000000 0.000000 0.000000 0.000000 0.000000
 368.000000 -1.362637 0.302785 0.000000 -2.932321 -2.932321 -2.932321 0.000000 0.000000 0.000000 0.000000 0.000000 0.000000 0.000000 0.000000
 369.000000 -0.858722 0.039792 0.000000 -3.726046 -3.726046 -3.726046 0.000000 0.000000 0.000000 0.000000 0.000000 0.000000 0.000000 0.000000
 370.000000 -0.904629 -0.527093 0.000000 -2.989469 -2.989469 -2.989469 0.000000 0.000000 0.000000 0.000000 0.000000 0.000000 0.000000 0.000000
 371.000000 -0.982134 0.089823 0.000000 -3.886539 -3.886539 -3.886539 0.000000 0.000000 0.000000 0.000000 0.000000 0.000000 0.000000 0.000000
 372.000000 -0.734798 0.246189 0.000000 -3.057415 -3.057415 -3.057415 0.000000 0.000000 0.000000 0.000000 0.000000 0.000000 0.000000 0.000000
 373.000000 -1.291287 0.377866 0.000000 -2.991248 -2.991248 -2.991248 0.000000 0.000000 0.000000 0.000000 0.000000 0.000000 0.000000 0.000000
 374.000000 -0.890194 0.605928 0.000000 -2.572498 -2.572498 -2.572498 0.000000 0.000000 0.000000 0.000000 0.000000 0.000000 0.000000 0.000000
 375.000000 -1.235115 1.229858 0.000000 -0.702383 -0.702383 -0.702383 0.000000 0.000000 0.000000 0.000000 0.000000 0.000000 0.000000 0.000000
 376.000000 -1.142108 0.778046 0.000000 -2.056090 -2.056090 -2.056090 0.000000 0.000000 0.000000 0.000000 0.000000 0.000000 0.000000 0.000000
 377.000000 -1.177668 0.028349 0.000000 -3.866086 -3.866086 -3.866086 0.000000 0.000000 0.000000 0.000000 0.000000 0.000000 0.000000 0.000000
 378.000000 -0.782552 0.672728 0.000000 -2.244307 -2.244307 -2.244307 0.000000 0.000000 0.000000 0.000000 0.000000 0.000000 0.000000 0.000000
 379.000000 -1.224202 0.054162 0.000000 -3.755700 -3.755700 -3.755700 0.000000 0.000000 0.000000 0.000000 0.000000 0.000000 0.000000 0.000000
 380.000000 -0.957760 -0.119242 0.000000 -3.923281 -3.923281 -3.923281 0.000000 0.000000 0.000000 0.000000 0.000000 0.000000 0.000000 0.000000
 381.000000 -1.051146 -0.356379 0.000000 -3.567317 -3.567317 -3.567317 0.000000 0.000000 0.000000 0.000000 0.000000 0.000000 0.000000 0.000000
 382.000000 -0.629660 0.146698 0.000000 -2.829712 -2.829712 -2.829712 0.000000 0.000000 0.000000 0.000000 0.000000 0.000000 0.000000 0.000000
 383.000000 -0.836706 0.273360 0.000000 -3.308383 -3.308383 -3.308383 0.000000 0.000000 0.000000 0.000000 0.000000 0.000000 0.000000 0.000000
 384.000000 -0.507090 1.034516 0.000000 -1.596944 -1.596944 -1.596944 0.000000 0.000000 0.000000 0.000000 0.000000 0.000000 0.000000 0.000000
 385.000000 -1.132504 1.803793 0.000000 0.351471 0.351471 0.351471 0.000000 0.000000 0.000000 0.000000 0.000000 0.000000 0.000000 0.000000
 386.000000 -0.796318 2.016777 0.000000 0.287074 0.287074 0.287074 0.000000 0.000000 0.281461 1125.842112 0.000000 0.000000 0.000000 0.000000
 387.000000 -0.689336 1.654925 0.000000 -1.196659 -1.196659 -1.196659 0.000000 0.000000 0.000000 0.000000 0.000000 0.000000 0.000000 0.000000
 388.000000 -0.802261 1.230606 0.000000 -1.486386 -1.486386 -1.486386 0.000000 0.000000 0.000000 0.000000 0.000000 0.000000 0.000000 0.000000
 389.000000 -0.785121 0.854844 0.000000 -1.911693 -1.911693 -1.911693 0.000000 0.000000 0.000000 0.000000 0.000000 0.000000 0.000000 0.000000
 390.000000 -0.278243 0.683398 0.000000 -1.068773 -1.068773 -1.068773 0.000000 0.000000 0.000000 0.000000 0.000000 0.000000 0.000000 0.000000
 391.000000 -0.556299 0.858474 0.000000 -1.617890 -1.617890 -1.617890 0.000000 0.000000 0.000000 0.000000 0.000000 0.000000 0.000000 0.000000
 392.000000 -0.669609 0.436938 0.000000 -2.444712 -2.444712 -2.444712 0.000000 0.000000 0.000000 0.000000 0.000000 0.000000 0.000000 0.000000
 393.000000 -0.695633 -0.217414 0.000000 -3.238781 -3.238781 -3.238781 0.000000 0.000000 0.000000 0.000000 0.000000 0.000000 0.000000 0.000000
 394.000000 -0.876225 -0.621888 0.000000 -2.609183 -2.609183 -2.609183 0.000000 0.000000 0.000000 0.000000 0.000000 0.000000 0.000000 0.000000
 395.000000 -0.801743 -0.555127 0.000000 -2.763036 -2.763036 -2.763036 0.000000 0.000000 0.000000 0.000000 0.000000 0.000000 0.000000 0.000000
 396.000000 -1.467257 -0.439513 0.000000 -2.136710 -2.136710 -2.136710 0.000000 0.000000 0.000000 0.000000 0.000000 0.000000 0.000000 0.000000
 397.000000 -1.179537 -0.158058 0.000000 -3.805878 -3.805878 -3.805878 0.000000 0.000000 0.000000 0.000000 0.000000 0.000000 0.000000 0.000000
 398.000000 -0.660647 -0.837743 0.000000 -1.463446 -1.463446 -1.463446 0.000000 0.000000 0.000000 0.000000 0.000000 0.000000 0.000000 0.000000
 399.000000 -0.760886 -0.650435 0.000000 -2.355263 -2.355263 -2.355263 0.000000 0.000000 0.000000 0.000000 0.000000 0.000000 0.000000 0.000000
 400.000000 -0.832688 -0.166359 0.000000 -3.673581 -3.673581 -3.673581 0.000000 0.000000 0.000000 0.000000 0.000000 0.000000 0.000000 0.000000
 401.000000 -0.733764 -0.210688 0.000000 -3.365999 -3.365999 -3.365999 0.000000 0.000000 0.000000 0.000000 0.000000 0.000000 0.000000 0.000000
 402.000000 -1.103089 -0.659674 0.000000 -2.422312 -2.422312 -2.422312 0.000000 0.000000 0.000000 0.000000 0.000000 0.000000 0.000000 0.000000
 403.000000 -1.051092 0.056295 0.000000 -3.954013 -3.954013 -3.954013 0.000000 0.000000 0.000000 0.000000 0.000000 0.000000 0.000000 0.000000
 404.000000 -0.741463 -0.182550 0.000000 -3.411792 -3.411792 -3.411792 0.000000 0.000000 0.000000 0.000000 0.000000 0.000000 0.000000 0.000000
 405.000000 -0.906905 0.116761 0.000000 -3.745638 -3.745638 -3.745638 0.000000 0.000000 0.000000 0.000000 0.000000 0.000000 0.000000 0.000000
 406.000000 -0.550444 0.053408 0.000000 -2.619711 -2.619711 -2.619711 0.000000 0.000000 0.000000 0.000000 0.000000 0.000000 0.000000 0.000000
 407.000000 -0.889940 0.463904 0.000000 -2.955087 -2.955087 -2.955087 0.000000 0.000000 0.000000 0.000000 0.000000 0.000000 0.000000 0.000000
 408.000000 -0.988386 -0.082989 0.000000 -3.966594 -3.966594 -3.966594 0.000000 0.000000 0.000000 0.000000 0.000000 0.000000 0.000000 0.000000
 409.000000 -0.419401 0.187167 0.000000 -1.902874 -1.902874 -1.902874 0.000000 0.000000 0.000000 0.000000 0.000000 0.000000 0.000000 0.000000
 410.000000 -1.077979 0.131903 0.000000 -3.866851 -3.866851 -3.866851 0.000000 0.000000 0.000000 0.000000 0.000000 0.000000 0.000000 0.000000
 411.000000 -0.814172 0.646521 0.000000 -2.357239 -2.357239 -2.357239 0.000000 0.000000 0.000000 0.000000 0.000000 0.000000 0.000000 0.000000
 412.000000 -0.856046 0.117677 0.000000 -3.634326 -3.634326 -3.634326 0.000000 0.000000 0.000000 0.000000 0.000000 0.000000 0.000000 0.000000
 413.000000 -0.806863 0.065100 0.000000 -3.565400 -3.565400 -3.565400 0.000000 0.000000 0.000000 0.000000 0.000000 0.000000 0.000000 0.000000
 414.000000 -1.121740 1.035083 0.000000 -1.392367 -1.392367 -1.392367 0.000000 0.000000 0.000000 0.000000 0.000000 0.000000 0.000000 0.000000
 415.000000 -1.621670 1.341574 0.000000 0.911013 0.911013 0.911013 0.000000 0.000000 0.000000 0.000000 0.000000 0.000000 0.000000 0.000000
 416.000000 -0.830236 1.238786 0.000000 -1.446042 -1.446042 -1.446042 0.000000 0.000000 0.000000 0.000000 0.000000 0.000000 0.000000 0.000000
 417.000000 -0.206936 1.269486 0.000000 -1.868802 -1.868802 -1.868802 0.000000 0.000000 0.000000 0.000000 0.000000 0.000000 0.000000 0.000000
 418.000000 -0.924287 0.832225 0.000000 -2.031320 -2.031320 -2.031320 0.000000 0.000000 0.000000 0.000000 0.000000 0.000000 0.000000 0.000000
 419.000000 -0.742028 1.423292 0.000000 -1.408845 -1.408845 -1.408845 0.000000 0.000000 0.000000 0.000000 0.000000 0.000000 0.000000 0.000000
 420.000000 -0.679140 1.590683 0.000000 -1.331952 -1.331952 -1.331952 0.000000 0.000000 0.000000 0.000000 0.000000 0.000000 0.000000 0.000000
 421.000000 -0.396404 1.063176 0.000000 -1.565814 -1.565814 -1.565814 0.000000 0.000000 0.000000 0.000000 0.000000 0.000000 0.000000 0.000000
 422.000000 -0.715913 0.513952 0.000000 -2.427545 -2.427545 -2.427545 0.000000 0.000000 0.000000 0.000000 0.000000 0.000000 0.000000 0.000000
 423.000000 -0.852614 -0.118026 0.000000 -3.747365 -3.747365 -3.747365 0.000000 0.000000 0.000000 0.000000 0.000000 0.000000 0.000000 0.000000
 424.000000 -0.936596 -0.004159 0.000000 -3.903923 -3.903923 -3.903923 0.000000 0.000000 0.000000 0.000000 0.000000 0.000000 0.000000 0.000000
 425.000000 -1.450893 0.473043 0.000000 -2.115050 -2.115050 -2.115050 0.000000 0.000000 0.000000 0.000000 0.000000 0.000000 0.000000 0.000000
 426.000000 -1.455748 0.426722 0.000000 -2.217968 -2.217968 -2.217968 0.000000 0.000000 0.000000 0.000000 0.000000 0.000000 0.000000 0.000000
 427.000000 -1.031614 0.367771 0.000000 -3.364771 -3.364771 -3.364771 0.000000 0.000000 0.000000 0.000000 0.000000 0.000000 0.000000 0.000000
 428.000000 -0.972673 0.424678 0.000000 -3.171954 -3.171954 -3.171954 0.000000 0.000000 0.000000 0.000000 0.000000 0.000000 0.000000 0.000000
 429.000000 -0.855368 0.455202 0.000000 -2.913597 -2.913597 -2.913597 0.000000 0.000000 0.000000 0.000000 0.000000 0.000000 0.000000 0.000000
 430.000000 -0.975745 0.154631 0.000000 -3.792228 -3.792228 -3.792228 0.000000 0.000000 0.000000 0.000000 0.000000 0.000000 0.000000 0.000000
 431.000000 -1.218642 0.544586 0.000000 -2.671989 -2.671989 -2.671989 0.000000 0.000000 0.000000 0.000000 0.000000 0.000000 0.000000 0.000000
 432.000000 -1.195944 0.217338 0.000000 -3.598590 -3.598590 -3.598590 0.000000 0.000000 0.000000 0.000000 0.000000 0.000000 0.000000 0.000000
 433.000000 -1.330648 0.247002 0.000000 -3.171608 -3.171608 -3.171608 0.000000 0.000000 0.000000 0.000000 0.000000 0.000000 0.000000 0.000000
 434.000000 -1.040198 0.652427 0.000000 -2.521205 -2.521205 -2.521205 0.000000 0.000000 0.000000 0.000000 0.000000 0.000000 0.000000 0.000000
 435.000000 -0.939514 -0.109003 0.000000 -3.906811 -3.906811 -3.906811 0.000000 0.000000 0.000000 0.000000 0.000000 0.000000 0.000000 0.000000
 436.000000 -1.141572 -0.063875 0.000000 -3.931684 -3.931684 -3.931684 0.000000 0.000000 0.000000 0.000000 0.000000 0.000000 0.000000 0.000000
 437.000000 -1.593269 -0.006965 0.000000 -2.034208 -2.034208 -2.034208 0.000000 0.000000 0.000000 0.000000 0.000000 0.000000 0.000000 0.000000
 438.000000 -1.061883 -0.319323 0.000000 -3.656105 -3.656105 -3.656105 0.000000 0.000000 0.000000 0.000000 0.000000 0.000000 0.000000 0.000000
 439.000000 -1.079370 -0.690629 0.000000 -2.309279 -2.309279 -2.309279 0.000000 0.000000 0.000000 0.000000 0.000000 0.000000 0.000000 0.000000
 440.000000 -0.864750 -0.708147 0.000000 -2.244696 -2.244696 -2.244696 0.000000 0.000000 0.000000 0.000000 0.000000 0.000000 0.000000 0.000000
 441.000000 -1.548582 -0.230540 0.000000 -2.154864 -2.154864 -2.154864 0.000000 0.000000 0.000000 0.000000 0.000000 0.000000 0.000000 0.000000
 442.000000 -0.996985 -0.544414 0.000000 -2.964566 -2.964566 -2.964566 0.000000 0.000000 0.000000 0.000000 0.000000 0.000000 0.000000 0.000000
 443.000000 -1.048005 -0.241366 0.000000 -3.821547 -3.821547 -3.821547 0.000000 0.000000 0.000000 0.000000 0.000000 0.000000 0.000000 0.000000
 444.000000 -0.708112 -0.351915 0.000000 -3.095997 -3.095997 -3.095997 0.000000 0.000000 0.000000 0.000000 0.000000 0.000000 0.000000 0.000000
 445.000000 -0.668828 -0.613114 0.000000 -2.315627 -2.315627 -2.315627 0.000000 0.000000 0.000000 0.000000 0.000000 0.000000 0.000000 0.000000
 446.000000 -0.654406 0.169878 0.000000 -2.893290 -2.893290 -2.893290 0.000000 0.000000 0.000000 0.000000 0.000000 0.000000 0.000000 0.000000
 447.000000 -0.709337 0.407742 0.000000 -2.636383 -2.636383 -2.636383 0.000000 0.000000 0.000000 0.000000 0.000000 0.000000 0.000000 0.000000
 448.000000 -1.111380 0.935774 0.000000 -1.654370 -1.654370 -1.654370 0.000000 0.000000 0.000000 0.000000 0.000000 0.000000 0.000000 0.000000
 449.000000 -0.454621 0.601672 0.000000 -1.510191 -1.510191 -1.510191 0.000000 0.000000 0.000000 0.000000 0.000000 0.000000 0.000000 0.000000
 450.000000 -0.911158 0.496622 0.000000 -2.898928 -2.898928 -2.898928 0.000000 0.000000 0.000000 0.000000 0.000000 0.000000 0.000000 0.000000
 451.000000 -1.181354 0.738667 0.000000 -2.117152 -2.117152 -2.117152 0.000000 0.000000 0.000000 0.000000 0.000000 0.000000 0.000000 0.000000
 452.000000 -1.694161 1.099348 0.000000 0.764506 0.764506 0.764506 0.000000 0.000000 0.000000 0.000000 0.000000 0.000000 0.000000 0.000000
 453.000000 -1.574901 1.246034 0.000000 0.505960 0.505960 0.505960 0.000000 0.000000 0.000000 0.000000 0.000000 0.000000 0.000000 0.000000
 454.000000 -1.140830 0.408410 0.000000 -3.209050 -3.209050 -3.209050 0.000000 0.000000 0.000000 0.000000 0.000000 0.000000 0.000000 0.000000
 455.000000 -0.938483 0.493389 0.000000 -2.942974 -2.942974 -2.942974 0.000000 0.000000 0.000000 0.000000 0.000000 0.000000 0.000000 0.000000
 456.000000 -1.815030 0.105335 0.000000 -0.279642 -0.279642 -0.279642 0.000000 0.000000 0.000000 0.000000 0.000000 0.000000 0.000000 0.000000
 457.000000 -1.776582 -0.200613 0.000000 -0.529078 -0.529078 -0.529078 0.000000 0.000000 0.000000 0.000000 0.000000 0.000000 0.000000 0.000000
 458.000000 -1.271615 -0.295178 0.000000 -3.340556 -3.340556 -3.340556 0.000000 0.000000 0.000000 0.000000 0.000000 0.000000 0.000000 0.000000
 459.000000 -1.535060 -0.518966 0.000000 -1.523613 -1.523613 -1.523613 0.000000 0.000000 0.000000 0.000000 0.000000 0.000000 0.000000 0.000000
 460.000000 -1.692010 -0.914828 0.000000 0.817648 0.817648 0.817648 0.000000 0.000000 0.000000 0.000000 0.000000 0.000000 0.000000 0.000000
 461.000000 -1.147668 -0.672765 0.000000 -2.302212 -2.302212 -2.302212 0.000000 0.000000 0.000000 0.000000 0.000000 0.000000 0.000000 0.000000
 462.000000 -0.990418 -0.713927 0.000000 -2.255493 -2.255493 -2.255493 0.000000 0.000000 0.000000 0.000000 0.000000 0.000000 0.000000 0.000000
 463.000000 -1.260964 -0.505162 0.000000 -2.740264 -2.740264 -2.740264 0.000000 0.000000 0.000000 0.000000 0.000000 0.000000 0.000000 0.000000
 464.000000 -1.458949 -0.289423 0.000000 -2.565082 -2.565082 -2.565082 0.000000 0.000000 0.000000 0.000000 0.000000 0.000000 0.000000 0.000000
 465.000000 -0.821413 0.010475 0.000000 -3.652196 -3.652196 -3.652196 0.000000 0.000000 0.000000 0.000000 0.000000 0.000000 0.000000 0.000000
 466.000000 -1.074289 -0.060341 0.000000 -3.988354 -3.988354 -3.988354 0.000000 0.000000 0.000000 0.000000 0.000000 0.000000 0.000000 0.000000
 467.000000 -1.509530 -0.008727 0.000000 -2.569637 -2.569637 -2.569637 0.000000 0.000000 0.000000 0.000000 0.000000 0.000000 0.000000 0.000000
 468.000000 -0.854149 0.892640 0.000000 -1.889435 -1.889435 -1.889435 0.000000 0.000000 0.000000 0.000000 0.000000 0.000000 0.000000 0.000000
 469.000000 -1.270690 0.700658 0.000000 -2.049885 -2.049885 -2.049885 0.000000 0.000000 0.000000 0.000000 0.000000 0.000000 0.000000 0.000000
 470.000000 -1.403463 0.065835 0.000000 -3.111630 -3.111630 -3.111630 0.000000 0.000000 0.000000 0.000000 0.000000 0.000000 0.000000 0.000000
 471.000000 -1.502203 -0.134668 0.000000 -2.556823 -2.556823 -2.556823 0.000000 0.000000 0.000000 0.000000 0.000000 0.000000 0.000000 0.000000
 472.000000 -1.090803 0.358743 0.000000 -3.385267 -3.385267 -3.385267 0.000000 0.000000 0.000000 0.000000 0.000000 0.000000 0.000000 0.000000
 473.000000 -1.038870 0.203453 0.000000 -3.749443 -3.749443 -3.749443 0.000000 0.000000 0.000000 0.000000 0.000000 0.000000 0.000000 0.000000
 474.000000 -0.789355 -0.004358 0.000000 -3.569213 -3.569213 -3.569213 0.000000 0.000000 0.000000 0.000000 0.000000 0.000000 0.000000 0.000000
 475.000000 -1.082872 -0.126328 0.000000 -3.952984 -3.952984 -3.952984 0.000000 0.000000 0.000000 0.000000 0.000000 0.000000 0.000000 0.000000
 476.000000 -1.007578 -0.120935 0.000000 -3.960231 -3.960231 -3.960231 0.000000 0.000000 0.000000 0.000000 0.000000 0.000000 0.000000 0.000000
 477.000000 -1.083095 -0.135270 0.000000 -3.945610 -3.945610 -3.945610 0.000000 0.000000 0.000000 0.000000 0.000000 0.000000 0.000000 0.000000
 478.000000 -1.082722 -0.374087 0.000000 -3.500492 -3.500492 -3.500492 0.000000 0.000000 0.000000 0.000000 0.000000 0.000000 0.000000 0.000000
 479.000000 -1.430008 -0.250067 0.000000 -2.790940 -2.790940 -2.790940 0.000000 0.000000 0.000000 0.000000 0.000000 0.000000 0.000000 0.000000
 480.000000 -1.482577 0.616960 0.000000 -1.550176 -1.550176 -1.550176 0.000000 0.000000 0.000000 0.000000 0.000000 0.000000 0.000000 0.000000
 481.000000 -0.686713 0.231729 0.000000 -2.912574 -2.912574 -2.912574 0.000000 0.000000 0.000000 0.000000 0.000000 0.000000 0.000000 0.000000
 482.000000 -0.717038 -0.115284 0.000000 -3.360036 -3.360036 -3.360036 0.000000 0.000000 0.000000 0.000000 0.000000 0.000000 0.000000 0.000000
 483.000000 -1.073261 0.215363 0.000000 -3.727663 -3.727663 -3.727663 0.000000 0.000000 0.000000 0.000000 0.000000 0.000000 0.000000 0.000000
 484.000000 -1.132294 0.234995 0.000000 -3.653508 -3.653508 -3.653508 0.000000 0.000000 0.000000 0.000000 0.000000 0.000000 0.000000 0.000000
 485.000000 -1.111632 0.105812 0.000000 -3.882777 -3.882777 -3.882777 0.000000 0.000000 0.000000 0.000000 0.000000 0.000000 0.000000 0.000000
 486.000000 -1.040690 0.081899 0.000000 -3.929088 -3.929088 -3.929088 0.000000 0.000000 0.000000 0.000000 0.000000 0.000000 0.000000 0.000000
 487.000000 -1.152638 0.017430 0.000000 -3.910173 -3.910173 -3.910173 0.000000 0.000000 0.000000 0.000000 0.000000 0.000000 0.000000 0.000000
 488.000000 -1.000141 0.374098 0.000000 -3.332522 -3.332522 -3.332522 0.000000 0.000000 0.000000 0.000000 0.000000 0.000000 0.000000 0.000000
 489.000000 -0.358710 0.815051 0.000000 -1.283343 -1.283343 -1.283343 0.000000 0.000000 0.000000 0.000000 0.000000 0.000000 0.000000 0.000000
 490.000000 -1.134358 0.589569 0.000000 -2.657696 -2.657696 -2.657696 0.000000 0.000000 0.000000 0.000000 0.000000 0.000000 0.000000 0.000000
 491.000000 -0.847940 0.638529 0.000000 -2.430231 -2.430231 -2.430231 0.000000 0.000000 0.000000 0.000000 0.000000 0.000000 0.000000 0.000000
 492.000000 -0.953191 0.751724 0.000000 -2.235194 -2.235194 -2.235194 0.000000 0.000000 0.000000 0.000000 0.000000 0.000000 0.000000 0.000000
 493.000000 -1.147297 0.590918 0.000000 -2.638405 -2.638405 -2.638405 0.000000 0.000000 0.000000 0.000000 0.000000 0.000000 0.000000 0.000000
 494.000000 -0.669339 0.882326 0.000000 -1.758976 -1.758976 -1.758976 0.000000 0.000000 0.000000 0.000000 0.000000 0.000000 0.000000 0.000000
 495.000000 -0.318028 1.205861 0.000000 -1.747566 -1.747566 -1.747566 0.000000 0.000000 0.000000 0.000000 0.000000 0.000000 0.000000 0.000000
 496.000000 -0.209906 1.299695 0.000000 -1.914107 -1.914107 -1.914107 0.000000 0.000000 0.000000 0.000000 0.000000 0.000000 0.000000 0.000000
 497.000000 -0.426377 1.260664 0.000000 -1.775829 -1.775829 -1.775829 0.000000 0.000000 0.000000 0.000000 0.000000 0.000000 0.000000 0.000000
 498.000000 -0.211878 1.649438 0.000000 -2.012223 -2.012223 -2.012223 0.000000 0.000000 0.000000 0.000000 0.000000 0.000000 0.000000 0.000000
 499.000000 -0.195858 1.694998 0.000000 -1.960520 -1.960520 -1.960520 0.000000 0.000000 0.000000 0.000000 0.000000 0.000000 0.017160 68.638469
 500.000000 -0.549151 1.178297 0.000000 -1.672475 -1.672475 -1.672475 0.000000 0.000000 0.000000 0.000000 0.000000 0.000000 0.000000 0.000000
 501.000000 -1.008555 -0.035570 0.000000 -3.984083 -3.984083 -3.984083 0.000000 0.000000 0.000000 0.000000 0.000000 0.000000 0.000000 0.000000
 502.000000 -1.126333 -0.030675 0.000000 -3.953490 -3.953490 -3.953490 0.000000 0.000000 0.000000 0.000000 0.000000 0.000000 0.000000 0.000000
 503.000000 -1.396961 -0.379371 0.000000 -2.649142 -2.649142 -2.649142 0.000000 0.000000 0.000000 0.000000 0.000000 0.000000 0.000000 0.000000
 504.000000 -0.943781 0.112325 0.000000 -3.812973 -3.812973 -3.812973 0.000000 0.000000 0.000000 0.000000 0.000000 0.000000 0.000000 0.000000
 505.000000 -0.879886 0.202542 0.000000 -3.552826 -3.552826 -3.552826 0.000000 0.000000 0.000000 0.000000 0.000000 0.000000 0.000000 0.000000
 506.000000 -0.506112 0.202163 0.000000 -2.233778 -2.233778 -2.233778 0.000000 0.000000 0.000000 0.000000 0.000000 0.000000 0.000000 0.000000
 507.000000 -0.696799 0.486261 0.000000 -2.429790 -2.429790 -2.429790 0.000000 0.000000 0.000000 0.000000 0.000000 0.000000 0.000000 0.000000
 508.000000 -0.822608 0.601223 0.000000 -2.479191 -2.479191 -2.479191 0.000000 0.000000 0.000000 0.000000 0.000000 0.000000 0.000000 0.000000
 509.000000 -0.839698 -0.314597 0.000000 -3.487977 -3.487977 -3.487977 0.000000 0.000000 0.000000 0.000000 0.000000 0.000000 0.000000 0.000000
 510.000000 -1.699236 0.098250 0.000000 -1.228421 -1.228421 -1.228421 0.000000 0.000000 0.000000 0.000000 0.000000 0.000000 0.000000 0.000000
 511.000000 -0.949215 -0.021415 0.000000 -3.927283 -3.927283 -3.927283 0.000000 0.000000 0.000000 0.000000 0.000000 0.000000 0.000000 0.000000
 512.000000 -0.832415 0.059253 0.000000 -3.642281 -3.642281 -3.642281 0.000000 0.000000 0.000000 0.000000 0.000000 0.000000 0.000000 0.000000
 513.000000 -0.873219 -0.371395 0.000000 -3.421371 -3.421371 -3.421371 0.000000 0.000000 0.000000 0.000000 0.000000 0.000000 0.000000 0.000000
 514.000000 -0.768282 -0.617842 0.000000 -2.487519 -2.487519 -2.487519 0.000000 0.000000 0.000000 0.000000 0.000000 0.000000 0.000000 0.000000
 515.000000 -0.875897 0.000057 0.000000 -3.791663 -3.791663 -3.791663 0.000000 0.000000 0.000000 0.000000 0.000000 0.000000 0.000000 0.000000
 516.000000 -0.801482 0.102767 0.000000 -3.506260 -3.506260 -3.506260 0.000000 0.000000 0.000000 0.000000 0.000000 0.000000 0.000000 0.000000
 517.000000 -0.901724 0.248558 0.000000 -3.506522 -3.506522 -3.506522 0.000000 0.000000 0.000000 0.000000 0.000000 0.000000 0.000000 0.000000
 518.000000 -0.801505 -0.172754 0.000000 -3.590916 -3.590916 -3.590916 0.000000 0.000000 0.000000 0.000000 0.000000 0.000000 0.000000 0.000000
 519.000000 -1.007691 0.212394 0.000000 -3.717947 -3.717947 -3.717947 0.000000 0.000000 0.000000 0.000000 0.000000 0.000000 0.000000 0.000000
 520.000000 -1.426861 -0.585250 0.000000 -1.831013 -1.831013 -1.831013 0.000000 0.000000 0.000000 0.000000 0.000000 0.000000 0.000000 0.000000
 521.000000 -1.713651 -0.357042 0.000000 -0.781453 -0.781453 -0.781453 0.000000 0.000000 0.000000 0.000000 0.000000 0.000000 0.000000 0.000000
 522.000000 -1.336053 -0.144454 0.000000 -3.365330 -3.365330 -3.365330 0.000000 0.000000 0.000000 0.000000 0.000000 0.000000 0.000000 0.000000
 523.000000 -0.579580 -0.091564 0.000000 -2.842398 -2.842398 -2.842398 0.000000 0.000000 0.000000 0.000000 0.000000 0.000000 0.000000 0.000000
 524.000000 -0.625591 -0.206906 0.000000 -3.002853 -3.002853 -3.002853 0.000000 0.000000 0.000000 0.000000 0.000000 0.000000 0.000000 0.000000
 525.000000 -1.047509 -0.183494 0.000000 -3.907579 -3.907579 -3.907579 0.000000 0.000000 0.000000 0.000000 0.000000 0.000000 0.000000 0.000000
 526.000000 -0.885821 0.065262 0.000000 -3.763653 -3.763653 -3.763653 0.000000 0.000000 0.000000 0.000000 0.000000 0.000000 0.000000 0.000000
 527.000000 -1.274163 0.203669 0.000000 -3.437334 -3.437334 -3.437334 0.000000 0.000000 0.000000 0.000000 0.000000 0.000000 0.000000 0.000000
 528.000000 -1.074258 -0.342058 0.000000 -3.592855 -3.592855 -3.592855 0.000000 0.000000 0.000000 0.000000 0.000000 0.000000 0.000000 0.000000
 529.000000 -0.753605 -0.406540 0.000000 -3.099643 -3.099643 -3.099643 0.000000 0.000000 0.000000 0.000000 0.000000 0.000000 0.000000 0.000000
 530.000000 -0.613263 -0.183397 0.000000 -2.968818 -2.968818 -2.968818 0.000000 0.000000 0.000000 0.000000 0.000000 0.000000 0.000000 0.000000
 531.000000 -0.426743 0.084279 0.000000 -2.069388 -2.069388 -2.069388 0.000000 0.000000 0.000000 0.000000 0.000000 0.000000 0.000000 0.000000
 532.000000 -0.760690 0.038016 0.000000 -3.448349 -3.448349 -3.448349 0.000000 0.000000 0.000000 0.000000 0.000000 0.000000 0.000000 0.000000
 533.000000 -1.272953 -0.112354 0.000000 -3.616452 -3.616452 -3.616452 0.000000 0.000000 0.000000 0.000000 0.000000 0.000000 0.000000 0.000000
 534.000000 -1.165199 -0.312820 0.000000 -3.557030 -3.557030 -3.557030 0.000000 0.000000 0.000000 0.000000 0.000000 0.000000 0.000000 0.000000
 535.000000 -0.967015 -0.232667 0.000000 -3.811957 -3.811957 -3.811957 0.000000 0.000000 0.000000 0.000000 0.000000 0.000000 0.000000 0.000000
 536.000000 -1.935583 -0.758627 0.000000 1.940478 1.940478 1.940478 0.000000 0.000000 0.000000 0.000000 0.000000 0.000000 0.000000 0.000000
 537.000000 -1.096978 0.142953 0.000000 -3.843286 -3.843286 -3.843286 0.000000 0.000000 0.000000 0.000000 0.000000 0.000000 0.000000 0.000000
 538.000000 -0.387447 -0.055208 0.000000 -2.056400 -2.056400 -2.056400 0.000000 0.000000 0.000000 0.000000 0.000000 0.000000 0.000000 0.000000
 539.000000 -0.760265 -0.592857 0.000000 -2.562918 -2.562918 -2.562918 0.000000 0.000000 0.000000 0.000000 0.000000 0.000000 0.000000 0.000000
 540.000000 -0.591178 -0.179885 0.000000 -2.886868 -2.886868 -2.886868 0.000000 0.000000 0.000000 0.000000 0.000000 0.000000 0.000000 0.000000
 541.000000 -0.501858 0.214587 0.000000 -2.197159 -2.197159 -2.197159 0.000000 0.000000 0.000000 0.000000 0.000000 0.000000 0.000000 0.000000
 542.000000 -0.885787 -0.078392 0.000000 -3.827659 -3.827659 -3.827659 0.000000 0.000000 0.000000 0.000000 0.000000 0.000000 0.000000 0.000000
 543.000000 -1.057243 -0.455797 0.000000 -3.264844 -3.264844 -3.264844 0.000000 0.000000 0.000000 0.000000 0.000000 0.000000 0.000000 0.000000
 544.000000 -1.238625 -0.083896 0.000000 -3.733041 -3.733041 -3.733041 0.000000 0.000000 0.000000 0.000000 0.000000 0.000000 0.000000 0.000000
 545.000000 -0.691043 -0.392237 0.000000 -2.968872 -2.968872 -2.968872 0.000000 0.000000 0.000000 0.000000 0.000000 0.000000 0.000000 0.000000
 546.000000 -0.914460 -0.388842 0.000000 -3.430143 -3.430143 -3.430143 0.000000 0.000000 0.000000 0.000000 0.000000 0.000000 0.000000 0.000000
 547.000000 -1.089028 0.393283 0.000000 -3.290887 -3.290887 -3.290887 0.000000 0.000000 0.000000 0.000000 0.000000 0.000000 0.000000 0.000000
 548.000000 -0.564265 0.240245 0.000000 -2.413773 -2.413773 -2.413773 0.000000 0.000000 0.000000 0.000000 0.000000 0.000000 0.000000 0.000000
 549.000000 -1.156328 -0.539444 0.000000 -2.847745 -2.847745 -2.847745 0.000000 0.000000 0.000000 0.000000 0.000000 0.000000 0.000000 0.000000
 550.000000 -0.585006 -0.351443 0.000000 -2.714101 -2.714101 -2.714101 0.000000 0.000000 0.000000 0.000000 0.000000 0.000000 0.000000 0.000000
 551.000000 -0.548447 0.187677 0.000000 -2.432412 -2.432412 -2.432412 0.000000 0.000000 0.000000 0.000000 0.000000 0.000000 0.000000 0.000000
 552.000000 -1.243284 0.025313 0.000000 -3.724219 -3.724219 -3.724219 0.000000 0.000000 0.000000 0.000000 0.000000 0.000000 0.000000 0.000000
 553.000000 -0.580434 -0.282853 0.000000 -2.781369 -2.781369 -2.781369 0.000000 0.000000 0.000000 0.000000 0.000000 0.000000 0.000000 0.000000
 554.000000 -0.791651 -0.361876 0.000000 -3.289221 -3.289221 -3.289221 0.000000 0.000000 0.000000 0.000000 0.000000 0.000000 0.000000 0.000000
 555.000000 -0.786119 -0.007881 0.000000 -3.561407 -3.561407 -3.561407 0.000000 0.000000 0.000000 0.000000 0.000000 0.000000 0.000000 0.000000
 556.000000 -0.929922 0.818500 0.000000 -2.064138 -2.064138 -2.064138 0.000000 0.000000 0.000000 0.000000 0.000000 0.000000 0.000000 0.000000
 557.000000 -0.995944 0.537923 0.000000 -2.860400 -2.860400 -2.860400 0.000000 0.000000 0.000000 0.000000 0.000000 0.000000 0.000000 0.000000
 558.000000 -1.078961 0.473038 0.000000 -3.061447 -3.061447 -3.061447 0.000000 0.000000 0.000000 0.000000 0.000000 0.000000 0.000000 0.000000
 559.000000 -0.917325 0.006279 0.000000 -3.868518 -3.868518 -3.868518 0.000000 0.000000 0.000000 0.000000 0.000000 0.000000 0.000000 0.000000
 560.000000 -0.901683 -0.074284 0.000000 -3.857957 -3.857957 -3.857957 0.000000 0.000000 0.000000 0.000000 0.000000 0.000000 0.000000 0.000000
 561.000000 -1.296507 0.156841 0.000000 -3.443303 -3.443303 -3.443303 0.000000 0.000000 0.000000 0.000000 0.000000 0.000000 0.000000 0.000000
 562.000000 -1.295527 -0.124430 0.000000 -3.533100 -3.533100 -3.533100 0.000000 0.000000 0.000000 0.000000 0.000000 0.000000 0.000000 0.000000
 563.000000 -1.478162 -0.057491 0.000000 -2.743815 -2.743815 -2.743815 0.000000 0.000000 0.000000 0.000000 0.000000 0.000000 0.000000 0.000000
 564.000000 -1.278349 0.624703 0.000000 -2.275354 -2.275354 -2.275354 0.000000 0.000000 0.000000 0.000000 0.000000 0.000000 0.000000 0.000000
 565.000000 -0.970605 0.498124 0.000000 -2.960971 -2.960971 -2.960971 0.000000 0.000000 0.000000 0.000000 0.000000 0.000000 0.000000 0.000000
 566.000000 -0.985617 -0.389439 0.000000 -3.478557 -3.478557 -3.478557 0.000000 0.000000 0.000000 0.000000 0.000000 0.000000 0.000000 0.000000
 567.000000 -1.152642 -0.326611 0.000000 -3.544227 -3.544227 -3.544227 0.000000 0.000000 0.000000 0.000000 0.000000 0.000000 0.000000 0.000000
 568.000000 -1.052243 -0.388881 0.000000 -3.476655 -3.476655 -3.476655 0.000000 0.000000 0.000000 0.000000 0.000000 0.000000 0.000000 0.000000
 569.000000 -1.052274 -0.110189 0.000000 -3.974267 -3.974267 -3.974267 0.000000 0.000000 0.000000 0.000000 0.000000 0.000000 0.000000 0.000000
 570.000000 -1.257053 -0.303655 0.000000 -3.364652 -3.364652 -3.364652 0.000000 0.000000 0.000000 0.000000 0.000000 0.000000 0.000000 0.000000
 571.000000 -1.372531 0.225112 0.000000 -3.050699 -3.050699 -3.050699 0.000000 0.000000 0.000000 0.000000 0.000000 0.000000 0.000000 0.000000
 572.000000 -0.873450 -0.035293 0.000000 -3.799719 -3.799719 -3.799719 0.000000 0.000000 0.000000 0.000000 0.000000 0.000000 0.000000 0.000000
 573.000000 -1.269323 0.474968 0.000000 -2.772605 -2.772605 -2.772605 0.000000 0.000000 0.000000 0.000000 0.000000 0.000000 0.000000 0.000000
 574.000000 -1.043423 -0.138088 0.000000 -3.954961 -3.954961 -3.954961 0.000000 0.000000 0.000000 0.000000 0.000000 0.000000 0.000000 0.000000
 575.000000 -1.259624 0.113027 0.000000 -3.610884 -3.610884 -3.610884 0.000000 0.000000 0.000000 0.000000 0.000000 0.000000 0.000000 0.000000
 576.000000 -0.936145 0.349351 0.000000 -3.329817 -3.329817 -3.329817 0.000000 0.000000 0.000000 0.000000 0.000000 0.000000 0.000000 0.000000
 577.000000 -1.278386 0.362466 0.000000 -3.069730 -3.069730 -3.069730 0.000000 0.000000 0.000000 0.000000 0.000000 0.000000 0.000000 0.000000
 578.000000 -1.247198 0.451113 0.000000 -2.899694 -2.899694 -2.899694 0.000000 0.000000 0.000000 0.000000 0.000000 0.000000 0.000000 0.000000
 579.000000 -1.479912 -0.482134 0.000000 -1.939033 -1.939033 -1.939033 0.000000 0.000000 0.000000 0.000000 0.000000 0.000000 0.000000 0.000000
 580.000000 -1.301433 -0.191054 0.000000 -3.435923 -3.435923 -3.435923 0.000000 0.000000 0.000000 0.000000 0.000000 0.000000 0.000000 0.000000
 581.000000 -0.866792 0.164148 0.000000 -3.590373 -3.590373 -3.590373 0.000000 0.000000 0.000000 0.000000 0.000000 0.000000 0.000000 0.000000
 582.000000 -0.943089 -0.679988 0.000000 -2.405344 -2.405344 -2.405344 0.000000 0.000000 0.000000 0.000000 0.000000 0.000000 0.000000 0.000000
 583.000000 -0.680886 -0.694314 0.000000 -2.056394 -2.056394 -2.056394 0.000000 0.000000 0.000000 0.000000 0.000000 0.000000 0.000000 0.000000
 584.000000 -0.574360 -0.550468 0.000000 -2.275014 -2.275014 -2.275014 0.000000 0.000000 0.000000 0.000000 0.000000 0.000000 0.000000 0.000000
 585.000000 -0.439957 0.492458 0.000000 -1.565182 -1.565182 -1.565182 0.000000 0.000000 0.000000 0.000000 0.000000 0.000000 0.000000 0.000000
 586.000000 -0.507755 0.463461 0.000000 -1.833303 -1.833303 -1.833303 0.000000 0.000000 0.000000 0.000000 0.000000 0.000000 0.000000 0.000000
 587.000000 -0.891880 0.137224 0.000000 -3.687247 -3.687247 -3.687247 0.000000 0.000000 0.000000 0.000000 0.000000 0.000000 0.000000 0.000000
 588.000000 -0.681702 0.030181 0.000000 -3.174657 -3.174657 -3.174657 0.000000 0.000000 0.000000 0.000000 0.000000 0.000000 0.000000 0.000000
 589.000000 -1.188939 0.240475 0.000000 -3.565004 -3.565004 -3.565004 0.000000 0.000000 0.000000 0.000000 0.000000 0.000000 0.000000 0.000000
 590.000000 -1.573431 -0.278401 0.000000 -1.914988 -1.914988 -1.914988 0.000000 0.000000 0.000000 0.000000 0.000000 0.000000 0.000000 0.000000
 591.000000 -1.300242 0.237806 0.000000 -3.293542 -3.293542 -3.293542 0.000000 0.000000 0.000000 0.000000 0.000000 0.000000 0.000000 0.000000
 592.000000 -1.131707 0.130554 0.000000 -3.833631 -3.833631 -3.833631 0.000000 0.000000 0.000000 0.000000 0.000000 0.000000 0.000000 0.000000
 593.000000 -1.182864 0.886662 0.000000 -1.669966 -1.669966 -1.669966 0.000000 0.000000 0.000000 0.000000 0.000000 0.000000 0.000000 0.000000
 594.000000 -0.711375 1.387567 0.000000 -1.489433 -1.489433 -1.489433 0.000000 0.000000 0.000000 0.000000 0.000000 0.000000 0.000000 0.000000
 595.000000 -0.611106 1.113412 0.000000 -1.647076 -1.647076 -1.647076 0.000000 0.000000 0.000000 0.000000 0.000000 0.000000 0.000000 0.000000
 596.000000 -0.494846 0.312686 0.000000 -2.014479 -2.014479 -2.014479 0.000000 0.000000 0.000000 0.000000 0.000000 0.000000 0.000000 0.000000
 597.000000 -0.600695 -0.092239 0.000000 -2.926724 -2.926724 -2.926724 0.000000 0.000000 0.000000 0.000000 0.000000 0.000000 0.000000 0.000000
 598.000000 -1.254506 0.210524 0.000000 -3.479630 -3.479630 -3.479630 0.000000 0.000000 0.000000 0.000000 0.000000 0.000000 0.000000 0.000000
 599.000000 -1.122359 -0.115950 0.000000 -3.928815 -3.928815 -3.928815 0.000000 0.000000 0.000000 0.000000 0.000000 0.000000 0.000000 0.000000
 600.000000 -1.065501 0.040683 0.000000 -3.964836 -3.964836 -3.964836 0.000000 0.000000 0.000000 0.000000 0.000000 0.000000 0.000000 0.000000
 601.000000 -1.338726 0.135908 0.000000 -3.321717 -3.321717 -3.321717 0.000000 0.000000 0.000000 0.000000 0.000000 0.000000 0.000000 0.000000
 602.000000 -1.534271 0.070441 0.000000 -2.395028 -2.395028 -2.395028 0.000000 0.000000 0.000000 0.000000 0.000000 0.000000 0.000000 0.000000
 603.000000 -1.051963 -0.598902 0.000000 -2.729266 -2.729266 -2.729266 0.000000 0.000000 0.000000 0.000000 0.000000 0.000000 0.000000 0.000000
 604.000000 -0.928248 0.203535 0.000000 -3.643169 -3.643169 -3.643169 0.000000 0.000000 0.000000 0.000000 0.000000 0.000000 0.000000 0.000000
 605.000000 -0.827012 0.074391 0.000000 -3.612186 -3.612186 -3.612186 0.000000 0.000000 0.000000 0.000000 0.000000 0.000000 0.000000 0.000000
 606.000000 -0.851167 0.637181 0.000000 -2.438340 -2.438340 -2.438340 0.000000 0.000000 0.000000 0.000000 0.000000 0.000000 0.000000 0.000000
 607.000000 -0.896350 0.111819 0.000000 -3.731681 -3.731681 -3.731681 0.000000 0.000000 0.000000 0.000000 0.000000 0.000000 0.000000 0.000000
 608.000000 -0.693900 0.341213 0.000000 -2.725022 -2.725022 -2.725022 0.000000 0.000000 0.000000 0.000000 0.000000 0.000000 0.000000 0.000000
 609.000000 -0.821218 0.406047 0.000000 -2.961038 -2.961038 -2.961038 0.000000 0.000000 0.000000 0.000000 0.000000 0.000000 0.000000 0.000000
 610.000000 -0.615491 -0.141571 0.000000 -2.987627 -2.987627 -2.987627 0.000000 0.000000 0.000000 0.000000 0.000000 0.000000 0.000000 0.000000
 611.000000 -0.230620 -0.272054 0.000000 -1.657246 -1.657246 -1.657246 0.000000 0.000000 0.000000 0.000000 0.000000 0.000000 0.000000 0.000000
 612.000000 -0.724585 -0.476164 0.000000 -2.853576 -2.853576 -2.853576 0.000000 0.000000 0.000000 0.000000 0.000000 0.000000 0.000000 0.000000
 613.000000 -0.750022 -0.369877 0.000000 -3.172831 -3.172831 -3.172831 0.000000 0.000000 0.000000 0.000000 0.000000 0.000000 0.000000 0.000000
 614.000000 -1.311132 -0.132798 0.000000 -3.470791 -3.470791 -3.470791 0.000000 0.000000 0.000000 0.000000 0.000000 0.000000 0.000000 0.000000
 615.000000 -0.933422 0.144985 0.000000 -3.751193 -3.751193 -3.751193 0.000000 0.000000 0.000000 0.000000 0.000000 0.000000 0.000000 0.000000
 616.000000 -1.125409 -0.012509 0.000000 -3.952404 -3.952404 -3.952404 0.000000 0.000000 0.000000 0.000000 0.000000 0.000000 0.000000 0.000000
 617.000000 -0.847834 -0.158645 0.000000 -3.714003 -3.714003 -3.714003 0.000000 0.000000 0.000000 0.000000 0.000000 0.000000 0.000000 0.000000
 618.000000 -0.664293 -0.158227 0.000000 -3.165254 -3.165254 -3.165254 0.000000 0.000000 0.000000 0.000000 0.000000 0.000000 0.000000 0.000000
 619.000000 -0.740301 -0.211107 0.000000 -3.385551 -3.385551 -3.385551 0.000000 0.000000 0.000000 0.000000 0.000000 0.000000 0.000000 0.000000
 620.000000 -1.273995 0.393743 0.000000 -2.997058 -2.997058 -2.997058 0.000000 0.000000 0.000000 0.000000 0.000000 0.000000 0.000000 0.000000
 621.000000 -1.260552 0.356971 0.000000 -3.132587 -3.132587 -3.132587 0.000000 0.000000 0.000000 0.000000 0.000000 0.000000 0.000000 0.000000
 622.000000 -1.554811 0.118362 0.000000 -2.231073 -2.231073 -2.231073 0.000000 0.000000 0.000000 0.000000 0.000000 0.000000 0.000000 0.000000
 623.000000 -0.920609 0.064620 0.000000 -3.830514 -3.830514 -3.830514 0.000000 0.000000 0.000000 0.000000 0.000000 0.000000 0.000000 0.000000
 624.000000 -0.987263 0.126615 0.000000 -3.845181 -3.845181 -3.845181 0.000000 0.000000 0.000000 0.000000 0.000000 0.000000 0.000000 0.000000
 625.000000 -1.021665 0.207186 0.000000 -3.735974 -3.735974 -3.735974 0.000000 0.000000 0.000000 0.000000 0.000000 0.000000 0.000000 0.000000
 626.000000 -1.287773 -0.601174 0.000000 -2.287377 -2.287377 -2.287377 0.000000 0.000000 0.000000 0.000000 0.000000 0.000000 0.000000 0.000000
 627.000000 -0.883401 -0.970356 0.000000 -1.030419 -1.030419 -1.030419 0.000000 0.000000 0.000000 0.000000 0.000000 0.000000 0.000000 0.000000
 628.000000 -0.944093 -0.815471 0.000000 -1.788685 -1.788685 -1.788685 0.000000 0.000000 0.000000 0.000000 0.000000 0.000000 0.000000 0.000000
 629.000000 -1.486084 -0.460365 0.000000 -1.975413 -1.975413 -1.975413 0.000000 0.000000 0.000000 0.000000 0.000000 0.000000 0.000000 0.000000
 630.000000 -1.190830 0.293461 0.000000 -3.443797 -3.443797 -3.443797 0.000000 0.000000 0.000000 0.000000 0.000000 0.000000 0.000000 0.000000
 631.000000 -1.020206 0.188230 0.000000 -3.770380 -3.770380 -3.770380 0.000000 0.000000 0.000000 0.000000 0.000000 0.000000 0.000000 0.000000
 632.000000 -1.386682 -0.000930 0.000000 -3.215377 -3.215377 -3.215377 0.000000 0.000000 0.000000 0.000000 0.000000 0.000000 0.000000 0.000000
 633.000000 -1.008035 -0.383342 0.000000 -3.500171 -3.500171 -3.500171 0.000000 0.000000 0.000000 0.000000 0.000000 0.000000 0.000000 0.000000
 634.000000 -1.034156 -0.459743 0.000000 -3.261683 -3.261683 -3.261683 0.000000 0.000000 0.000000 0.000000 0.000000 0.000000 0.000000 0.000000
 635.000000 -1.015044 -0.631048 0.000000 -2.612423 -2.612423 -2.612423 0.000000 0.000000 0.000000 0.000000 0.000000 0.000000 0.000000 0.000000
 636.000000 -0.584736 -0.260119 0.000000 -2.817232 -2.817232 -2.817232 0.000000 0.000000 0.000000 0.000000 0.000000 0.000000 0.000000 0.000000
 637.000000 -0.843138 -0.545479 0.000000 -2.857154 -2.857154 -2.857154 0.000000 0.000000 0.000000 0.000000 0.000000 0.000000 0.000000 0.000000
 638.000000 -1.071497 0.335967 0.000000 -3.451339 -3.451339 -3.451339 0.000000 0.000000 0.000000 0.000000 0.000000 0.000000 0.000000 0.000000
 639.000000 -0.956445 0.391194 0.000000 -3.246796 -3.246796 -3.246796 0.000000 0.000000 0.000000 0.000000 0.000000 0.000000 0.000000 0.000000
 640.000000 -1.280875 -0.178713 0.000000 -3.521887 -3.521887 -3.521887 0.000000 0.000000 0.000000 0.000000 0.000000 0.000000 0.000000 0.000000
 641.000000 -1.294594 0.201308 0.000000 -3.379171 -3.379171 -3.379171 0.000000 0.000000 0.000000 0.000000 0.000000 0.000000 0.000000 0.000000
 642.000000 -0.349563 -0.536639 0.000000 -1.719857 -1.719857 -1.719857 0.000000 0.000000 0.000000 0.000000 0.000000 0.000000 0.000000 0.000000
 643.000000 -0.891493 -0.577384 0.000000 -2.794346 -2.794346 -2.794346 0.000000 0.000000 0.000000 0.000000 0.000000 0.000000 0.000000 0.000000
 644.000000 -0.520677 -0.270397 0.000000 -2.577226 -2.577226 -2.577226 0.000000 0.000000 0.000000 0.000000 0.000000 0.000000 0.000000 0.000000
 645.000000 -1.121025 0.465987 0.000000 -3.057468 -3.057468 -3.057468 0.000000 0.000000 0.000000 0.000000 0.000000 0.000000 0.000000 0.000000
 646.000000 -0.864315 0.547465 0.000000 -2.688698 -2.688698 -2.688698 0.000000 0.000000 0.000000 0.000000 0.000000 0.000000 0.000000 0.000000
 647.000000 -0.899359 -0.144636 0.000000 -3.825646 -3.825646 -3.825646 0.000000 0.000000 0.000000 0.000000 0.000000 0.000000 0.000000 0.000000
 648.000000 -1.267470 -0.421239 0.000000 -3.008629 -3.008629 -3.008629 0.000000 0.000000 0.000000 0.000000 0.000000 0.000000 0.000000 0.000000
 649.000000 -1.060629 -0.152979 0.000000 -3.938729 -3.938729 -3.938729 0.000000 0.000000 0.000000 0.000000 0.000000 0.000000 0.000000 0.000000
 650.000000 -1.022502 -0.089857 0.000000 -3.981808 -3.981808 -3.981808 0.000000 0.000000 0.000000 0.000000 0.000000 0.000000 0.000000 0.000000
 651.000000 -0.903250 0.028294 0.000000 -3.829776 -3.829776 -3.829776 0.000000 0.000000 0.000000 0.000000 0.000000 0.000000 0.000000 0.000000
 652.000000 -1.181438 0.752405 0.000000 -2.074038 -2.074038 -2.074038 0.000000 0.000000 0.000000 0.000000 0.000000 0.000000 0.000000 0.000000
 653.000000 -1.075399 0.793570 0.000000 -2.084672 -2.084672 -2.084672 0.000000 0.000000 0.000000 0.000000 0.000000 0.000000 0.000000 0.000000
 654.000000 -0.597683 0.339596 0.000000 -2.372965 -2.372965 -2.372965 0.000000 0.000000 0.000000 0.000000 0.000000 0.000000 0.000000 0.000000
 655.000000 -1.145044 0.526959 0.000000 -2.844550 -2.844550 -2.844550 0.000000 0.000000 0.000000 0.000000 0.000000 0.000000 0.000000 0.000000
 656.000000 -0.610488 0.167012 0.000000 -2.721288 -2.721288 -2.721288 0.000000 0.000000 0.000000 0.000000 0.000000 0.000000 0.000000 0.000000
 657.000000 -0.449840 0.109399 0.000000 -2.131544 -2.131544 -2.131544 0.000000 0.000000 0.000000 0.000000 0.000000 0.000000 0.000000 0.000000
 658.000000 -0.297875 0.115113 0.000000 -1.556900 -1.556900 -1.556900 0.000000 0.000000 0.000000 0.000000 0.000000 0.000000 0.000000 0.000000
 659.000000 -0.944592 0.497510 0.000000 -2.938120 -2.938120 -2.938120 0.000000 0.000000 0.000000 0.000000 0.000000 0.000000 0.000000 0.000000
 660.000000 -1.816019 0.150445 0.000000 -0.241759 -0.241759 -0.241759 0.000000 0.000000 0.000000 0.000000 0.000000 0.000000 0.000000 0.000000
 661.000000 -1.586488 0.261477 0.000000 -1.842042 -1.842042 -1.842042 0.000000 0.000000 0.000000 0.000000 0.000000 0.000000 0.000000 0.000000
 662.000000 -0.814418 0.149050 0.000000 -3.478749 -3.478749 -3.478749 0.000000 0.000000 0.000000 0.000000 0.000000 0.000000 0.000000 0.000000
 663.000000 -1.290267 0.802753 0.000000 -1.676300 -1.676300 -1.676300 0.000000 0.000000 0.000000 0.000000 0.000000 0.000000 0.000000 0.000000
 664.000000 -1.164880 0.604900 0.000000 -2.570183 -2.570183 -2.570183 0.000000 0.000000 0.000000 0.000000 0.000000 0.000000 0.000000 0.000000
 665.000000 -1.057003 -0.294346 0.000000 -3.715174 -3.715174 -3.715174 0.000000 0.000000 0.000000 0.000000 0.000000 0.000000 0.000000 0.000000
 666.000000 -0.730707 -0.481176 0.000000 -2.853961 -2.853961 -2.853961 0.000000 0.000000 0.000000 0.000000 0.000000 0.000000 0.000000 0.000000
 667.000000 -0.354130 -0.612826 0.000000 -1.582148 -1.582148 -1.582148 0.000000 0.000000 0.000000 0.000000 0.000000 0.000000 0.000000 0.000000
 668.000000 -0.714819 0.000421 0.000000 -3.320072 -3.320072 -3.320072 0.000000 0.000000 0.000000 0.000000 0.000000 0.000000 0.000000 0.000000
 669.000000 -0.703362 -0.022296 0.000000 -3.292614 -3.292614 -3.292614 0.000000 0.000000 0.000000 0.000000 0.000000 0.000000 0.000000 0.000000
 670.000000 -1.050160 -0.352856 0.000000 -3.576994 -3.576994 -3.576994 0.000000 0.000000 0.000000 0.000000 0.000000 0.000000 0.000000 0.000000
 671.000000 -1.228507 -0.270165 0.000000 -3.516683 -3.516683 -3.516683 0.000000 0.000000 0.000000 0.000000 0.000000 0.000000 0.000000 0.000000
 672.000000 -1.072642 -0.290350 0.000000 -3.716348 -3.716348 -3.716348 0.000000 0.000000 0.000000 0.000000 0.000000 0.000000 0.000000 0.000000
 673.000000 -0.960983 0.025277 0.000000 -3.920660 -3.920660 -3.920660 0.000000 0.000000 0.000000 0.000000 0.000000 0.000000 0.000000 0.000000
 674.000000 -1.283987 0.486669 0.000000 -2.697379 -2.697379 -2.697379 0.000000 0.000000 0.000000 0.000000 0.000000 0.000000 0.000000 0.000000
 675.000000 -0.358446 1.038011 0.000000 -1.515502 -1.515502 -1.515502 0.000000 0.000000 0.000000 0.000000 0.000000 0.000000 0.000000 0.000000
 676.000000 -0.669608 1.278029 0.000000 -1.598519 -1.598519 -1.598519 0.000000 0.000000 0.000000 0.000000 0.000000 0.000000 0.000000 0.000000
 677.000000 -0.868988 0.779281 0.000000 -2.124568 -2.124568 -2.124568 0.000000 0.000000 0.000000 0.000000 0.000000 0.000000 0.000000 0.000000
 678.000000 -0.559977 0.262867 0.000000 -2.358394 -2.358394 -2.358394 0.000000 0.000000 0.000000 0.000000 0.000000 0.000000 0.000000 0.000000
 679.000000 -1.119476 -0.372146 0.000000 -3.469310 -3.469310 -3.469310 0.000000 0.000000 0.000000 0.000000 0.000000 0.000000 0.000000 0.000000
 680.000000 -1.119105 -0.151528 0.000000 -3.901340 -3.901340 -3.901340 0.000000 0.000000 0.000000 0.000000 0.000000 0.000000 0.000000 0.000000
 681.000000 -0.699667 -0.495785 0.000000 -2.740728 -2.740728 -2.740728 0.000000 0.000000 0.000000 0.000000 0.000000 0.000000 0.000000 0.000000
 682.000000 -0.357571 -0.292339 0.000000 -2.003230 -2.003230 -2.003230 0.000000 0.000000 0.000000 0.000000 0.000000 0.000000 0.000000 0.000000
 683.000000 -0.242054 -0.514130 0.000000 -1.522665 -1.522665 -1.522665 0.000000 0.000000 0.000000 0.000000 0.000000 0.000000 0.000000 0.000000
 684.000000 -0.892770 0.288267 0.000000 -3.402556 -3.402556 -3.402556 0.000000 0.000000 0.000000 0.000000 0.000000 0.000000 0.000000 0.000000
 685.000000 -0.512391 0.135257 0.000000 -2.357473 -2.357473 -2.357473 0.000000 0.000000 0.000000 0.000000 0.000000 0.000000 0.000000 0.000000
 686.000000 -1.195554 0.596974 0.000000 -2.546964 -2.546964 -2.546964 0.000000 0.000000 0.000000 0.000000 0.000000 0.000000 0.000000 0.000000
 687.000000 -1.311949 0.860326 0.000000 -1.441069 -1.441069 -1.441069 0.000000 0.000000 0.000000 0.000000 0.000000 0.000000 0.000000 0.000000
 688.000000 -0.537493 0.010394 0.000000 -2.607944 -2.607944 -2.607944 0.000000 0.000000 0.000000 0.000000 0.000000 0.000000 0.000000 0.000000
 689.000000 -0.778813 0.013863 0.000000 -3.525404 -3.525404 -3.525404 0.000000 0.000000 0.000000 0.000000 0.000000 0.000000 0.000000 0.000000
 690.000000 -0.332561 -0.354328 0.000000 -1.895807 -1.895807 -1.895807 0.000000 0.000000 0.000000 0.000000 0.000000 0.000000 0.000000 0.000000
 691.000000 -0.827055 -0.173177 0.000000 -3.654892 -3.654892 -3.654892 0.000000 0.000000 0.000000 0.000000 0.000000 0.000000 0.000000 0.000000
 692.000000 -0.653022 -0.012517 0.000000 -3.097245 -3.097245 -3.097245 0.000000 0.000000 0.000000 0.000000 0.000000 0.000000 0.000000 0.000000
 693.000000 -0.730709 -0.196792 0.000000 -3.368016 -3.368016 -3.368016 0.000000 0.000000 0.000000 0.000000 0.000000 0.000000 0.000000 0.000000
 694.000000 -0.717411 -0.612452 0.000000 -2.416236 -2.416236 -2.416236 0.000000 0.000000 0.000000 0.000000 0.000000 0.000000 0.000000 0.000000
 695.000000 -0.865973 0.069136 0.000000 -3.715887 -3.715887 -3.715887 0.000000 0.000000 0.000000 0.000000 0.000000 0.000000 0.000000 0.000000
 696.000000 -1.341785 -0.272915 0.000000 -3.141679 -3.141679 -3.141679 0.000000 0.000000 0.000000 0.000000 0.000000 0.000000 0.000000 0.000000
 697.000000 -1.436897 -0.434151 0.000000 -2.303863 -2.303863 -2.303863 0.000000 0.000000 0.000000 0.000000 0.000000 0.000000 0.000000 0.000000
 698.000000 -1.037197 -0.221306 0.000000 -3.855886 -3.855886 -3.855886 0.000000 0.000000 0.000000 0.000000 0.000000 0.000000 0.000000 0.000000
 699.000000 -1.091208 -0.037764 0.000000 -3.982379 -3.982379 -3.982379 0.000000 0.000000 0.000000 0.000000 0.000000 0.000000 0.000000 0.000000
 700.000000 -1.287456 0.005519 0.000000 -3.600871 -3.600871 -3.600871 0.000000 0.000000 0.000000 0.000000 0.000000 0.000000 0.000000 0.000000
 701.000000 -1.261379 -0.224529 0.000000 -3.512552 -3.512552 -3.512552 0.000000 0.000000 0.000000 0.000000 0.000000 0.000000 0.000000 0.000000
 702.000000 -1.168723 0.055656 0.000000 -3.863966 -3.863966 -3.863966 0.000000 0.000000 0.000000 0.000000 0.000000 0.000000 0.000000 0.000000
 703.000000 -0.541248 0.032302 0.000000 -2.602980 -2.602980 -2.602980 0.000000 0.000000 0.000000 0.000000 0.000000 0.000000 0.000000 0.000000
 704.000000 -0.649341 -0.512608 0.000000 -2.569927 -2.569927 -2.569927 0.000000 0.000000 0.000000 0.000000 0.000000 0.000000 0.000000 0.000000
 705.000000 -0.975946 -0.211783 0.000000 -3.849304 -3.849304 -3.849304 0.000000 0.000000 0.000000 0.000000 0.000000 0.000000 0.000000 0.000000
 706.000000 -0.919087 -0.233649 0.000000 -3.759327 -3.759327 -3.759327 0.000000 0.000000 0.000000 0.000000 0.000000 0.000000 0.000000 0.000000
 707.000000 -0.911953 -0.060958 0.000000 -3.876661 -3.876661 -3.876661 0.000000 0.000000 0.000000 0.000000 0.000000 0.000000 0.000000 0.000000
 708.000000 -1.012060 0.259252 0.000000 -3.623377 -3.623377 -3.623377 0.000000 0.000000 0.000000 0.000000 0.000000 0.000000 0.000000 0.000000
 709.000000 -1.402452 0.074789 0.000000 -3.110251 -3.110251 -3.110251 0.000000 0.000000 0.000000 0.000000 0.000000 0.000000 0.000000 0.000000
 710.000000 -0.889411 -0.189020 0.000000 -3.769819 -3.769819 -3.769819 0.000000 0.000000 0.000000 0.000000 0.000000 0.000000 0.000000 0.000000
 711.000000 -1.411428 -0.292998 0.000000 -2.795672 -2.795672 -2.795672 0.000000 0.000000 0.000000 0.000000 0.000000 0.000000 0.000000 0.000000
 712.000000 -0.774125 -0.176338 0.000000 -3.513186 -3.513186 -3.513186 0.000000 0.000000 0.000000 0.000000 0.000000 0.000000 0.000000 0.000000
 713.000000 -0.516233 0.124208 0.000000 -2.388696 -2.388696 -2.388696 0.000000 0.000000 0.000000 0.000000 0.000000 0.000000 0.000000 0.000000
 714.000000 -0.384289 0.306544 0.000000 -1.601572 -1.601572 -1.601572 0.000000 0.000000 0.000000 0.000000 0.000000 0.000000 0.000000 0.000000
 715.000000 -0.282079 0.787780 0.000000 -1.141282 -1.141282 -1.141282 0.000000 0.000000 0.000000 0.000000 0.000000 0.000000 0.000000 0.000000
 716.000000 -0.861695 0.713530 0.000000 -2.267613 -2.267613 -2.267613 0.000000 0.000000 0.000000 0.000000 0.000000 0.000000 0.000000 0.000000
 717.000000 -0.890919 0.885844 0.000000 -1.911145 -1.911145 -1.911145 0.000000 0.000000 0.000000 0.000000 0.000000 0.000000 0.000000 0.000000
 718.000000 -1.182890 0.875921 0.000000 -1.700609 -1.700609 -1.700609 0.000000 0.000000 0.000000 0.000000 0.000000 0.000000 0.000000 0.000000
 719.000000 -1.594366 1.100344 0.000000 0.273116 0.273116 0.273116 0.000000 0.000000 0.000000 0.000000 0.000000 0.000000 0.000000 0.000000
 720.000000 -1.527840 0.680575 0.000000 -1.146159 -1.146159 -1.146159 0.000000 0.000000 0.000000 0.000000 0.000000 0.000000 0.000000 0.000000
 721.000000 -1.394962 0.345482 0.000000 -2.699831 -2.699831 -2.699831 0.000000 0.000000 0.000000 0.000000 0.000000 0.000000 0.000000 0.000000
 722.000000 -1.184073 0.416086 0.000000 -3.128843 -3.128843 -3.128843 0.000000 0.000000 0.000000 0.000000 0.000000 0.000000 0.000000 0.000000
 723.000000 -1.228828 0.160406 0.000000 -3.627452 -3.627452 -3.627452 0.000000 0.000000 0.000000 0.000000 0.000000 0.000000 0.000000 0.000000
 724.000000 -0.798623 0.013233 0.000000 -3.585787 -3.585787 -3.585787 0.000000 0.000000 0.000000 0.000000 0.000000 0.000000 0.000000 0.000000
 725.000000 -0.932581 -0.214201 0.000000 -3.803885 -3.803885 -3.803885 0.000000 0.000000 0.000000 0.000000 0.000000 0.000000 0.000000 0.000000
 726.000000 -1.280745 0.170960 0.000000 -3.471901 -3.471901 -3.471901 0.000000 0.000000 0.000000 0.000000 0.000000 0.000000 0.000000 0.000000
 727.000000 -0.335322 0.249727 0.000000 -1.505056 -1.505056 -1.505056 0.000000 0.000000 0.000000 0.000000 0.000000 0.000000 0.000000 0.000000
 728.000000 -0.801431 0.025026 0.000000 -3.585509 -3.585509 -3.585509 0.000000 0.000000 0.000000 0.000000 0.000000 0.000000 0.000000 0.000000
 729.000000 -0.768028 -0.768447 0.000000 -1.892786 -1.892786 -1.892786 0.000000 0.000000 0.000000 0.000000 0.000000 0.000000 0.000000 0.000000
 730.000000 -0.747302 -0.508197 0.000000 -2.812529 -2.812529 -2.812529 0.000000 0.000000 0.000000 0.000000 0.000000 0.000000 0.000000 0.000000
 731.000000 -0.845637 -0.796550 0.000000 -1.842305 -1.842305 -1.842305 0.000000 0.000000 0.000000 0.000000 0.000000 0.000000 0.000000 0.000000
 732.000000 -1.018810 -0.555555 0.000000 -2.918403 -2.918403 -2.918403 0.000000 0.000000 0.000000 0.000000 0.000000 0.000000 0.000000 0.000000
 733.000000 -0.996570 0.132698 0.000000 -3.844570 -3.844570 -3.844570 0.000000 0.000000 0.000000 0.000000 0.000000 0.000000 0.000000 0.000000
 734.000000 -1.146567 0.132181 0.000000 -3.814718 -3.814718 -3.814718 0.000000 0.000000 0.000000 0.000000 0.000000 0.000000 0.000000 0.000000
 735.000000 -1.386832 -0.052875 0.000000 -3.210702 -3.210702 -3.210702 0.000000 0.000000 0.000000 0.000000 0.000000 0.000000 0.000000 0.000000
 736.000000 -1.416677 0.074945 0.000000 -3.042375 -3.042375 -3.042375 0.000000 0.000000 0.000000 0.000000 0.000000 0.000000 0.000000 0.000000
 737.000000 -1.215899 0.010431 0.000000 -3.797059 -3.797059 -3.797059 0.000000 0.000000 0.000000 0.000000 0.000000 0.000000 0.000000 0.000000
 738.000000 -0.780882 -0.268972 0.000000 -3.431501 -3.431501 -3.431501 0.000000 0.000000 0.000000 0.000000 0.000000 0.000000 0.000000 0.000000
 739.000000 -1.028105 -0.823803 0.000000 -1.722827 -1.722827 -1.722827 0.000000 0.000000 0.000000 0.000000 0.000000 0.000000 0.000000 0.000000
 740.000000 -0.535084 -0.101345 0.000000 -2.666050 -2.666050 -2.666050 0.000000 0.000000 0.000000 0.000000 0.000000 0.000000 0.000000 0.000000
 741.000000 -0.912364 0.210784 0.000000 -3.602077 -3.602077 -3.602077 0.000000 0.000000 0.000000 0.000000 0.000000 0.000000 0.000000 0.000000
 742.000000 -0.811772 0.752277 0.000000 -2.124311 -2.124311 -2.124311 0.000000 0.000000 0.000000 0.000000 0.000000 0.000000 0.000000 0.000000
 743.000000 -0.423781 1.005292 0.000000 -1.520942 -1.520942 -1.520942 0.000000 0.000000 0.000000 0.000000 0.000000 0.000000 0.000000 0.000000
 744.000000 -0.577976 1.295608 0.000000 -1.685306 -1.685306 -1.685306 0.000000 0.000000 0.000000 0.000000 0.000000 0.000000 0.000000 0.000000
 745.000000 -0.297281 1.500927 0.000000 -2.014410 -2.014410 -2.014410 0.000000 0.000000 0.000000 0.000000 0.000000 0.000000 0.000000 0.000000
 746.000000 -0.723240 1.395991 0.000000 -1.464165 -1.464165 -1.464165 0.000000 0.000000 0.000000 0.000000 0.000000 0.000000 0.000000 0.000000
 747.000000 -0.333742 0.361488 0.000000 -1.359899 -1.359899 -1.359899 0.000000 0.000000 0.000000 0.000000 0.000000 0.000000 0.000000 0.000000
 748.000000 -0.493761 0.944202 0.000000 -1.543303 -1.543303 -1.543303 0.000000 0.000000 0.000000 0.000000 0.000000 0.000000 0.000000 0.000000
 749.000000 -0.913727 0.520494 0.000000 -2.836367 -2.836367 -2.836367 0.000000 0.000000 0.000000 0.000000 0.000000 0.000000 0.000000 0.000000
 750.000000 -1.395669 0.431151 0.000000 -2.473935 -2.473935 -2.473935 0.000000 0.000000 0.000000 0.000000 0.000000 0.000000 0.000000 0.000000
 751.000000 -1.297173 0.212931 0.000000 -3.350343 -3.350343 -3.350343 0.000000 0.000000 0.000000 0.000000 0.000000 0.000000 0.000000 0.000000
 752.000000 -1.191047 0.038180 0.000000 -3.836457 -3.836457 -3.836457 0.000000 0.000000 0.000000 0.000000 0.000000 0.000000 0.000000 0.000000
 753.000000 -0.938743 0.336698 0.000000 -3.365307 -3.365307 -3.365307 0.000000 0.000000 0.000000 0.000000 0.000000 0.000000 0.000000 0.000000
 754.000000 -0.659485 0.121922 0.000000 -2.983913 -2.983913 -2.983913 0.000000 0.000000 0.000000 0.000000 0.000000 0.000000 0.000000 0.000000
 755.000000 -1.105472 0.106888 0.000000 -3.885922 -3.885922 -3.885922 0.000000 0.000000 0.000000 0.000000 0.000000 0.000000 0.000000 0.000000
 756.000000 -1.409972 -0.455872 0.000000 -2.361663 -2.361663 -2.361663 0.000000 0.000000 0.000000 0.000000 0.000000 0.000000 0.000000 0.000000
 757.000000 -1.204807 -0.379599 0.000000 -3.299662 -3.299662 -3.299662 0.000000 0.000000 0.000000 0.000000 0.000000 0.000000 0.000000 0.000000
 758.000000 -0.959858 -0.052603 0.000000 -3.944391 -3.944391 -3.944391 0.000000 0.000000 0.000000 0.000000 0.000000 0.000000 0.000000 0.000000
 759.000000 -0.735838 -0.036072 0.000000 -3.413035 -3.413035 -3.413035 0.000000 0.000000 0.000000 0.000000 0.000000 0.000000 0.000000 0.000000
 760.000000 -1.072966 -0.121206 0.000000 -3.961525 -3.961525 -3.961525 0.000000 0.000000 0.000000 0.000000 0.000000 0.000000 0.000000 0.000000
 761.000000 -0.988583 -0.246812 0.000000 -3.803074 -3.803074 -3.803074 0.000000 0.000000 0.000000 0.000000 0.000000 0.000000 0.000000 0.000000
 762.000000 -1.118849 -0.103884 0.000000 -3.940421 -3.940421 -3.940421 0.000000 0.000000 0.000000 0.000000 0.000000 0.000000 0.000000 0.000000
 763.000000 -0.985887 -0.092713 0.000000 -3.961494 -3.961494 -3.961494 0.000000 0.000000 0.000000 0.000000 0.000000 0.000000 0.000000 0.000000
 764.000000 -0.738545 0.169044 0.000000 -3.207091 -3.207091 -3.207091 0.000000 0.000000 0.000000 0.000000 0.000000 0.000000 0.000000 0.000000
 765.000000 -1.022404 0.708545 0.000000 -2.358066 -2.358066 -2.358066 0.000000 0.000000 0.000000 0.000000 0.000000 0.000000 0.000000 0.000000
 766.000000 -1.191192 0.396947 0.000000 -3.172016 -3.172016 -3.172016 0.000000 0.000000 0.000000 0.000000 0.000000 0.000000 0.000000 0.000000
 767.000000 -0.715483 0.550560 0.000000 -2.349429 -2.349429 -2.349429 0.000000 0.000000 0.000000 0.000000 0.000000 0.000000 0.000000 0.000000
 768.000000 -0.565030 0.095250 0.000000 -2.632166 -2.632166 -2.632166 0.000000 0.000000 0.000000 0.000000 0.000000 0.000000 0.000000 0.000000
 769.000000 -1.283143 -0.261193 0.000000 -3.376773 -3.376773 -3.376773 0.000000 0.000000 0.000000 0.000000 0.000000 0.000000 0.000000 0.000000
 770.000000 -1.321143 -0.547718 0.000000 -2.391171 -2.391171 -2.391171 0.000000 0.000000 0.000000 0.000000 0.000000 0.000000 0.000000 0.000000
 771.000000 -1.203495 0.040449 0.000000 -3.810331 -3.810331 -3.810331 0.000000 0.000000 0.000000 0.000000 0.000000 0.000000 0.000000 0.000000
 772.000000 -1.239205 -0.038188 0.000000 -3.745415 -3.745415 -3.745415 0.000000 0.000000 0.000000 0.000000 0.000000 0.000000 0.000000 0.000000
 773.000000 -0.855497 -0.162396 0.000000 -3.727969 -3.727969 -3.727969 0.000000 0.000000 0.000000 0.000000 0.000000 0.000000 0.000000 0.000000
 774.000000 -0.997163 0.037682 0.000000 -3.947212 -3.947212 -3.947212 0.000000 0.000000 0.000000 0.000000 0.000000 0.000000 0.000000 0.000000
 775.000000 -1.015120 -0.091103 0.000000 -3.978828 -3.978828 -3.978828 0.000000 0.000000 0.000000 0.000000 0.000000 0.000000 0.000000 0.000000
 776.000000 -0.774525 -0.307652 0.000000 -3.353945 -3.353945 -3.353945 0.000000 0.000000 0.000000 0.000000 0.000000 0.000000 0.000000 0.000000
 777.000000 -0.715173 -0.433191 0.000000 -2.941190 -2.941190 -2.941190 0.000000 0.000000 0.000000 0.000000 0.000000 0.000000 0.000000 0.000000
 778.000000 -1.067614 0.130445 0.000000 -3.871101 -3.871101 -3.871101 0.000000 0.000000 0.000000 0.000000 0.000000 0.000000 0.000000 0.000000
 779.000000 -0.856177 0.216501 0.000000 -3.472200 -3.472200 -3.472200 0.000000 0.000000 0.000000 0.000000 0.000000 0.000000 0.000000 0.000000
 780.000000 -1.102426 -0.078644 0.000000 -3.967313 -3.967313 -3.967313 0.000000 0.000000 0.000000 0.000000 0.000000 0.000000 0.000000 0.000000
 781.000000 -0.527130 0.126804 0.000000 -2.431118 -2.431118 -2.431118 0.000000 0.000000 0.000000 0.000000 0.000000 0.000000 0.000000 0.000000
 782.000000 -0.779512 -0.206035 0.000000 -3.503504 -3.503504 -3.503504 0.000000 0.000000 0.000000 0.000000 0.000000 0.000000 0.000000 0.000000
 783.000000 -1.190805 -0.097818 0.000000 -3.836006 -3.836006 -3.836006 0.000000 0.000000 0.000000 0.000000 0.000000 0.000000 0.000000 0.000000
 784.000000 -0.934994 0.174245 0.000000 -3.706428 -3.706428 -3.706428 0.000000 0.000000 0.000000 0.000000 0.000000 0.000000 0.000000 0.000000
 785.000000 -0.963470 0.491871 0.000000 -2.972909 -2.972909 -2.972909 0.000000 0.000000 0.000000 0.000000 0.000000 0.000000 0.000000 0.000000
 786.000000 -0.597702 0.494587 0.000000 -2.095625 -2.095625 -2.095625 0.000000 0.000000 0.000000 0.000000 0.000000 0.000000 0.000000 0.000000
 787.000000 -1.007673 0.115589 0.000000 -3.875889 -3.875889 -3.875889 0.000000 0.000000 0.000000 0.000000 0.000000 0.000000 0.000000 0.000000
 788.000000 -1.135622 0.008837 0.000000 -3.935250 -3.935250 -3.935250 0.000000 0.000000 0.000000 0.000000 0.000000 0.000000 0.000000 0.000000
 789.000000 -1.417169 0.312956 0.000000 -2.677789 -2.677789 -2.677789 0.000000 0.000000 0.000000 0.000000 0.000000 0.000000 0.000000 0.000000
 790.000000 -1.649448 0.647396 0.000000 -0.568118 -0.568118 -0.568118 0.000000 0.000000 0.000000 0.000000 0.000000 0.000000 0.000000 0.000000
 791.000000 -1.583286 0.775325 0.000000 -0.598856 -0.598856 -0.598856 0.000000 0.000000 0.000000 0.000000 0.000000 0.000000 0.000000 0.000000
 792.000000 -1.767489 0.280913 0.000000 -0.501832 -0.501832 -0.501832 0.000000 0.000000 0.000000 0.000000 0.000000 0.000000 0.000000 0.000000
 793.000000 -1.340805 0.102526 0.000000 -3.350668 -3.350668 -3.350668 0.000000 0.000000 0.000000 0.000000 0.000000 0.000000 0.000000 0.000000
 794.000000 -1.463033 -0.144978 0.000000 -2.768362 -2.768362 -2.768362 0.000000 0.000000 0.000000 0.000000 0.000000 0.000000 0.000000 0.000000
 795.000000 -0.828331 0.509104 0.000000 -2.719294 -2.719294 -2.719294 0.000000 0.000000 0.000000 0.000000 0.000000 0.000000 0.000000 0.000000
 796.000000 -0.770556 -0.006602 0.000000 -3.512533 -3.512533 -3.512533 0.000000 0.000000 0.000000 0.000000 0.000000 0.000000 0.000000 0.000000
 797.000000 -0.318880 0.343685 0.000000 -1.333103 -1.333103 -1.333103 0.000000 0.000000 0.000000 0.000000 0.000000 0.000000 0.000000 0.000000
 798.000000 -0.539054 -0.034095 0.000000 -2.649357 -2.649357 -2.649357 0.000000 0.000000 0.000000 0.000000 0.000000 0.000000 0.000000 0.000000
 799.000000 -1.132819 0.054353 0.000000 -3.912890 -3.912890 -3.912890 0.000000 0.000000 0.000000 0.000000 0.000000 0.000000 0.000000 0.000000
 800.000000 -1.428603 -0.237100 0.000000 -2.821115 -2.821115 -2.821115 0.000000 0.000000 0.000000 0.000000 0.000000 0.000000 0.000000 0.000000
 801.000000 -1.377899 -0.093810 0.000000 -3.232244 -3.232244 -3.232244 0.000000 0.000000 0.000000 0.000000 0.000000 0.000000 0.000000 0.000000
 802.000000 -0.900768 0.869927 0.000000 -1.945038 -1.945038 -1.945038 0.000000 0.000000 0.000000 0.000000 0.000000 0.000000 0.000000 0.000000
 803.000000 -0.796306 1.324753 0.000000 -1.410297 -1.410297 -1.410297 0.000000 0.000000 0.000000 0.000000 0.000000 0.000000 0.000000 0.000000
 804.000000 -0.802218 1.101332 0.000000 -1.606074 -1.606074 -1.606074 0.000000 0.000000 0.000000 0.000000 0.000000 0.000000 0.000000 0.000000
 805.000000 -1.048419 0.840986 0.000000 -1.974454 -1.974454 -1.974454 0.000000 0.000000 0.000000 0.000000 0.000000 0.000000 0.000000 0.000000
 806.000000 -1.080297 0.788363 0.000000 -2.095432 -2.095432 -2.095432 0.000000 0.000000 0.000000 0.000000 0.000000 0.000000 0.000000 0.000000
 807.000000 -0.740352 0.100918 0.000000 -3.311893 -3.311893 -3.311893 0.000000 0.000000 0.000000 0.000000 0.000000 0.000000 0.000000 0.000000
 808.000000 -0.668635 -0.193980 0.000000 -3.164011 -3.164011 -3.164011 0.000000 0.000000 0.000000 0.000000 0.000000 0.000000 0.000000 0.000000
 809.000000 -0.387387 -0.671290 0.000000 -1.515607 -1.515607 -1.515607 0.000000 0.000000 0.000000 0.000000 0.000000 0.000000 0.000000 0.000000
 810.000000 -0.841136 -0.721843 0.000000 -2.166815 -2.166815 -2.166815 0.000000 0.000000 0.000000 0.000000 0.000000 0.000000 0.000000 0.000000
 811.000000 -1.281776 -0.667447 0.000000 -2.024568 -2.024568 -2.024568 0.000000 0.000000 0.000000 0.000000 0.000000 0.000000 0.000000 0.000000
 812.000000 -1.324899 -0.561485 0.000000 -2.325227 -2.325227 -2.325227 0.000000 0.000000 0.000000 0.000000 0.000000 0.000000 0.000000 0.000000
 813.000000 -1.690195 -0.303314 0.000000 -1.059084 -1.059084 -1.059084 0.000000 0.000000 0.000000 0.000000 0.000000 0.000000 0.000000 0.000000
 814.000000 -1.294143 -0.269657 0.000000 -3.323142 -3.323142 -3.323142 0.000000 0.000000 0.000000 0.000000 0.000000 0.000000 0.000000 0.000000
 815.000000 -0.837243 0.119916 0.000000 -3.583657 -3.583657 -3.583657 0.000000 0.000000 0.000000 0.000000 0.000000 0.000000 0.000000 0.000000
 816.000000 -0.738689 -0.007090 0.000000 -3.408166 -3.408166 -3.408166 0.000000 0.000000 0.000000 0.000000 0.000000 0.000000 0.000000 0.000000
 817.000000 -1.231632 -0.668814 0.000000 -2.151497 -2.151497 -2.151497 0.000000 0.000000 0.000000 0.000000 0.000000 0.000000 0.000000 0.000000
 818.000000 -0.878088 -0.171152 0.000000 -3.766418 -3.766418 -3.766418 0.000000 0.000000 0.000000 0.000000 0.000000 0.000000 0.000000 0.000000
 819.000000 -0.528099 -0.835944 0.000000 -1.266777 -1.266777 -1.266777 0.000000 0.000000 0.000000 0.000000 0.000000 0.000000 0.000000 0.000000
 820.000000 -1.096937 -0.250124 0.000000 -3.780004 -3.780004 -3.780004 0.000000 0.000000 0.000000 0.000000 0.000000 0.000000 0.000000 0.000000
 821.000000 -1.149585 -0.488002 0.000000 -3.051862 -3.051862 -3.051862 0.000000 0.000000 0.000000 0.000000 0.000000 0.000000 0.000000 0.000000
 822.000000 -0.654152 -0.840153 0.000000 -1.444472 -1.444472 -1.444472 0.000000 0.000000 0.000000 0.000000 0.000000 0.000000 0.000000 0.000000
 823.000000 -1.172831 -0.193189 0.000000 -3.773465 -3.773465 -3.773465 0.000000 0.000000 0.000000 0.000000 0.000000 0.000000 0.000000 0.000000
 824.000000 -1.071438 0.680088 0.000000 -2.424721 -2.424721 -2.424721 0.000000 0.000000 0.000000 0.000000 0.000000 0.000000 0.000000 0.000000
 825.000000 -0.705757 0.918077 0.000000 -1.764003 -1.764003 -1.764003 0.000000 0.000000 0.000000 0.000000 0.000000 0.000000 0.000000 0.000000
 826.000000 -0.479938 1.254251 0.000000 -1.742505 -1.742505 -1.742505 0.000000 0.000000 0.000000 0.000000 0.000000 0.000000 0.000000 0.000000
 827.000000 -0.760475 0.820905 0.000000 -1.939509 -1.939509 -1.939509 0.000000 0.000000 0.000000 0.000000 0.000000 0.000000 0.000000 0.000000
 828.000000 -0.532330 0.228598 0.000000 -2.301204 -2.301204 -2.301204 0.000000 0.000000 0.000000 0.000000 0.000000 0.000000 0.000000 0.000000
 829.000000 -0.584173 0.068092 0.000000 -2.744814 -2.744814 -2.744814 0.000000 0.000000 0.000000 0.000000 0.000000 0.000000 0.000000 0.000000
 830.000000 -1.096722 0.086617 0.000000 -3.913862 -3.913862 -3.913862 0.000000 0.000000 0.000000 0.000000 0.000000 0.000000 0.000000 0.000000
 831.000000 -1.095284 -0.061815 0.000000 -3.977292 -3.977292 -3.977292 0.000000 0.000000 0.000000 0.000000 0.000000 0.000000 0.000000 0.000000
 832.000000 -0.944225 0.237440 0.000000 -3.600820 -3.600820 -3.600820 0.000000 0.000000 0.000000 0.000000 0.000000 0.000000 0.000000 0.000000
 833.000000 -1.143462 0.143786 0.000000 -3.802221 -3.802221 -3.802221 0.000000 0.000000 0.000000 0.000000 0.000000 0.000000 0.000000 0.000000
 834.000000 -1.039550 -0.094801 0.000000 -3.982733 -3.982733 -3.982733 0.000000 0.000000 0.000000 0.000000 0.000000 0.000000 0.000000 0.000000
 835.000000 -0.278948 -0.484171 0.000000 -1.636168 -1.636168 -1.636168 0.000000 0.000000 0.000000 0.000000 0.000000 0.000000 0.000000 0.000000
 836.000000 -0.220695 -0.883127 0.000000 -0.680663 -0.680663 -0.680663 0.000000 0.000000 0.000000 0.000000 0.000000 0.000000 0.000000 0.000000
 837.000000 -1.276804 -0.666507 0.000000 -2.042934 -2.042934 -2.042934 0.000000 0.000000 0.000000 0.000000 0.000000 0.000000 0.000000 0.000000
 838.000000 -1.024100 -0.995611 0.000000 -0.862683 -0.862683 -0.862683 0.000000 0.000000 0.000000 0.000000 0.000000 0.000000 0.000000 0.000000
 839.000000 -1.398088 -0.607632 0.000000 -1.867042 -1.867042 -1.867042 0.000000 0.000000 0.000000 0.000000 0.000000 0.000000 0.000000 0.000000
 840.000000 -1.180609 0.274721 0.000000 -3.504504 -3.504504 -3.504504 0.000000 0.000000 0.000000 0.000000 0.000000 0.000000 0.000000 0.000000
 841.000000 -1.186862 0.644005 0.000000 -2.409948 -2.409948 -2.409948 0.000000 0.000000 0.000000 0.000000 0.000000 0.000000 0.000000 0.000000
 842.000000 -0.683090 0.657841 0.000000 -2.065407 -2.065407 -2.065407 0.000000 0.000000 0.000000 0.000000 0.000000 0.000000 0.000000 0.000000
 843.000000 -0.442219 0.375093 0.000000 -1.719837 -1.719837 -1.719837 0.000000 0.000000 0.000000 0.000000 0.000000 0.000000 0.000000 0.000000
 844.000000 -0.630130 -0.453967 0.000000 -2.662911 -2.662911 -2.662911 0.000000 0.000000 0.000000 0.000000 0.000000 0.000000 0.000000 0.000000
 845.000000 -0.775196 -0.383600 0.000000 -3.203532 -3.203532 -3.203532 0.000000 0.000000 0.000000 0.000000 0.000000 0.000000 0.000000 0.000000
 846.000000 -1.138225 0.269097 0.000000 -3.573709 -3.573709 -3.573709 0.000000 0.000000 0.000000 0.000000 0.000000 0.000000 0.000000 0.000000
 847.000000 -1.178510 -0.175346 0.000000 -3.787097 -3.787097 -3.787097 0.000000 0.000000 0.000000 0.000000 0.000000 0.000000 0.000000 0.000000
 848.000000 -0.870707 -0.285623 0.000000 -3.599631 -3.599631 -3.599631 0.000000 0.000000 0.000000 0.000000 0.000000 0.000000 0.000000 0.000000
 849.000000 -0.493030 -0.323079 0.000000 -2.435151 -2.435151 -2.435151 0.000000 0.000000 0.000000 0.000000 0.000000 0.000000 0.000000 0.000000
 850.000000 -0.426547 0.069290 0.000000 -2.086619 -2.086619 -2.086619 0.000000 0.000000 0.000000 0.000000 0.000000 0.000000 0.000000 0.000000
 851.000000 -1.057902 0.338271 0.000000 -3.446655 -3.446655 -3.446655 0.000000 0.000000 0.000000 0.000000 0.000000 0.000000 0.000000 0.000000
 852.000000 -1.033795 0.542310 0.000000 -2.857220 -2.857220 -2.857220 0.000000 0.000000 0.000000 0.000000 0.000000 0.000000 0.000000 0.000000
 853.000000 -0.837740 0.459187 0.000000 -2.866277 -2.866277 -2.866277 0.000000 0.000000 0.000000 0.000000 0.000000 0.000000 0.000000 0.000000
 854.000000 -1.353803 0.000025 0.000000 -3.357440 -3.357440 -3.357440 0.000000 0.000000 0.000000 0.000000 0.000000 0.000000 0.000000 0.000000
 855.000000 -1.145912 1.094851 0.000000 -1.209179 -1.209179 -1.209179 0.000000 0.000000 0.000000 0.000000 0.000000 0.000000 0.000000 0.000000
 856.000000 -0.657090 0.842018 0.000000 -1.777934 -1.777934 -1.777934 0.000000 0.000000 0.000000 0.000000 0.000000 0.000000 0.000000 0.000000
 857.000000 -0.391891 1.581570 0.000000 -1.864617 -1.864617 -1.864617 0.000000 0.000000 0.000000 0.000000 0.000000 0.000000 0.000000 0.000000
 858.000000 -0.255995 1.291238 0.000000 -1.886114 -1.886114 -1.886114 0.000000 0.000000 0.000000 0.000000 0.000000 0.000000 0.000000 0.000000
 859.000000 -0.513173 1.044663 0.000000 -1.605405 -1.605405 -1.605405 0.000000 0.000000 0.000000 0.000000 0.000000 0.000000 0.000000 0.000000
 860.000000 -0.788881 0.997018 0.000000 -1.720666 -1.720666 -1.720666 0.000000 0.000000 0.000000 0.000000 0.000000 0.000000 0.000000 0.000000
 861.000000 -0.456060 1.260316 0.000000 -1.759887 -1.759887 -1.759887 0.000000 0.000000 0.000000 0.000000 0.000000 0.000000 0.000000 0.000000
 862.000000 -0.511211 1.389603 0.000000 -1.764597 -1.764597 -1.764597 0.000000 0.000000 0.000000 0.000000 0.000000 0.000000 0.000000 0.000000
 863.000000 -0.823843 1.119776 0.000000 -1.574497 -1.574497 -1.574497 0.000000 0.000000 0.000000 0.000000 0.000000 0.000000 0.000000 0.000000
 864.000000 -1.192159 0.911875 0.000000 -1.580917 -1.580917 -1.580917 0.000000 0.000000 0.000000 0.000000 0.000000 0.000000 0.000000 0.000000
 865.000000 -0.362098 0.868946 0.000000 -1.329415 -1.329415 -1.329415 0.000000 0.000000 0.000000 0.000000 0.000000 0.000000 0.000000 0.000000
 866.000000 -1.189874 0.581698 0.000000 -2.605994 -2.605994 -2.605994 0.000000 0.000000 0.000000 0.000000 0.000000 0.000000 0.000000 0.000000
 867.000000 -0.836700 0.477887 0.000000 -2.816354 -2.816354 -2.816354 0.000000 0.000000 0.000000 0.000000 0.000000 0.000000 0.000000 0.000000
 868.000000 -1.068544 0.109635 0.000000 -3.898129 -3.898129 -3.898129 0.000000 0.000000 0.000000 0.000000 0.000000 0.000000 0.000000 0.000000
 869.000000 -1.291782 0.134460 0.000000 -3.488651 -3.488651 -3.488651 0.000000 0.000000 0.000000 0.000000 0.000000 0.000000 0.000000 0.000000
 870.000000 -0.979362 0.383196 0.000000 -3.291759 -3.291759 -3.291759 0.000000 0.000000 0.000000 0.000000 0.000000 0.000000 0.000000 0.000000
 871.000000 -1.378572 0.019330 0.000000 -3.247274 -3.247274 -3.247274 0.000000 0.000000 0.000000 0.000000 0.000000 0.000000 0.000000 0.000000
 872.000000 -1.301669 -0.277579 0.000000 -3.280778 -3.280778 -3.280778 0.000000 0.000000 0.000000 0.000000 0.000000 0.000000 0.000000 0.000000
 873.000000 -1.287996 -0.243331 0.000000 -3.395412 -3.395412 -3.395412 0.000000 0.000000 0.000000 0.000000 0.000000 0.000000 0.000000 0.000000
 874.000000 -0.993739 -0.533852 0.000000 -3.004408 -3.004408 -3.004408 0.000000 0.000000 0.000000 0.000000 0.000000 0.000000 0.000000 0.000000
 875.000000 -1.027827 -0.065117 0.000000 -3.990283 -3.990283 -3.990283 0.000000 0.000000 0.000000 0.000000 0.000000 0.000000 0.000000 0.000000
 876.000000 -1.078528 -0.236746 0.000000 -3.817223 -3.817223 -3.817223 0.000000 0.000000 0.000000 0.000000 0.000000 0.000000 0.000000 0.000000
 877.000000 -0.844261 -0.052973 0.000000 -3.736124 -3.736124 -3.736124 0.000000 0.000000 0.000000 0.000000 0.000000 0.000000 0.000000 0.000000
 878.000000 -0.802894 -0.320488 0.000000 -3.398724 -3.398724 -3.398724 0.000000 0.000000 0.000000 0.000000 0.000000 0.000000 0.000000 0.000000
 879.000000 -0.444780 -0.551468 0.000000 -1.930155 -1.930155 -1.930155 0.000000 0.000000 0.000000 0.000000 0.000000 0.000000 0.000000 0.000000
 880.000000 -0.939921 -0.947780 0.000000 -1.142501 -1.142501 -1.142501 0.000000 0.000000 0.000000 0.000000 0.000000 0.000000 0.000000 0.000000
 881.000000 -1.069087 -0.615334 0.000000 -2.648048 -2.648048 -2.648048 0.000000 0.000000 0.000000 0.000000 0.000000 0.000000 0.000000 0.000000
 882.000000 -1.385988 0.138896 0.000000 -3.123293 -3.123293 -3.123293 0.000000 0.000000 0.000000 0.000000 0.000000 0.000000 0.000000 0.000000
 883.000000 -1.579257 0.236569 0.000000 -1.928853 -1.928853 -1.928853 0.000000 0.000000 0.000000 0.000000 0.000000 0.000000 0.000000 0.000000
 884.000000 -1.372817 0.077691 0.000000 -3.241257 -3.241257 -3.241257 0.000000 0.000000 0.000000 0.000000 0.000000 0.000000 0.000000 0.000000
 885.000000 -1.804980 0.191286 0.000000 -0.300403 -0.300403 -0.300403 0.000000 0.000000 0.000000 0.000000 0.000000 0.000000 0.000000 0.000000
 886.000000 -0.709695 0.041162 0.000000 -3.268786 -3.268786 -3.268786 0.000000 0.000000 0.000000 0.000000 0.000000 0.000000 0.000000 0.000000
 887.000000 -0.779124 -0.004315 0.000000 -3.538003 -3.538003 -3.538003 0.000000 0.000000 0.000000 0.000000 0.000000 0.000000 0.000000 0.000000
 888.000000 -0.906307 0.378845 0.000000 -3.207637 -3.207637 -3.207637 0.000000 0.000000 0.000000 0.000000 0.000000 0.000000 0.000000 0.000000
 889.000000 -0.722476 0.213935 0.000000 -3.074384 -3.074384 -3.074384 0.000000 0.000000 0.000000 0.000000 0.000000 0.000000 0.000000 0.000000
 890.000000 -0.492915 0.092884 0.000000 -2.331248 -2.331248 -2.331248 0.000000 0.000000 0.000000 0.000000 0.000000 0.000000 0.000000 0.000000
 891.000000 -1.101544 -0.064903 0.000000 -3.972196 -3.972196 -3.972196 0.000000 0.000000 0.000000 0.000000 0.000000 0.000000 0.000000 0.000000
 892.000000 -0.937295 -0.129877 0.000000 -3.892643 -3.892643 -3.892643 0.000000 0.000000 0.000000 0.000000 0.000000 0.000000 0.000000 0.000000
 893.000000 -0.825591 0.111286 0.000000 -3.563988 -3.563988 -3.563988 0.000000 0.000000 0.000000 0.000000 0.000000 0.000000 0.000000 0.000000
 894.000000 -0.934874 -0.235925 0.000000 -3.775613 -3.775613 -3.775613 0.000000 0.000000 0.000000 0.000000 0.000000 0.000000 0.000000 0.000000
 895.000000 -0.701210 0.235187 0.000000 -2.959596 -2.959596 -2.959596 0.000000 0.000000 0.000000 0.000000 0.000000 0.000000 0.000000 0.000000
 896.000000 -0.944279 0.656560 0.000000 -2.487387 -2.487387 -2.487387 0.000000 0.000000 0.000000 0.000000 0.000000 0.000000 0.000000 0.000000
 897.000000 -1.011968 -0.078691 0.000000 -3.981708 -3.981708 -3.981708 0.000000 0.000000 0.000000 0.000000 0.000000 0.000000 0.000000 0.000000
 898.000000 -1.253200 0.084309 0.000000 -3.657899 -3.657899 -3.657899 0.000000 0.000000 0.000000 0.000000 0.000000 0.000000 0.000000 0.000000
 899.000000 -0.710774 -0.174911 0.000000 -3.318439 -3.318439 -3.318439 0.000000 0.000000 0.000000 0.000000 0.000000 0.000000 0.000000 0.000000
 900.000000 -0.717062 -0.475414 0.000000 -2.837851 -2.837851 -2.837851 0.000000 0.000000 0.000000 0.000000 0.000000 0.000000 0.000000 0.000000
 901.000000 -0.753953 -0.235856 0.000000 -3.400711 -3.400711 -3.400711 0.000000 0.000000 0.000000 0.000000 0.000000 0.000000 0.000000 0.000000
 902.000000 -0.675572 0.064651 0.000000 -3.117189 -3.117189 -3.117189 0.000000 0.000000 0.000000 0.000000 0.000000 0.000000 0.000000 0.000000
 903.000000 -0.663119 0.158429 0.000000 -2.945155 -2.945155 -2.945155 0.000000 0.000000 0.000000 0.000000 0.000000 0.000000 0.000000 0.000000
 904.000000 -0.745094 -0.386579 0.000000 -3.124479 -3.124479 -3.124479 0.000000 0.000000 0.000000 0.000000 0.000000 0.000000 0.000000 0.000000
 905.000000 -0.309661 -0.065349 0.000000 -1.790821 -1.790821 -1.790821 0.000000 0.000000 0.000000 0.000000 0.000000 0.000000 0.000000 0.000000
 906.000000 -0.281709 -0.539620 0.000000 -1.564145 -1.564145 -1.564145 0.000000 0.000000 0.000000 0.000000 0.000000 0.000000 0.000000 0.000000
 907.000000 -1.174068 -0.034068 0.000000 -3.887158 -3.887158 -3.887158 0.000000 0.000000 0.000000 0.000000 0.000000 0.000000 0.000000 0.000000
 908.000000 -1.289399 1.145997 0.000000 -0.743599 -0.743599 -0.743599 0.000000 0.000000 0.000000 0.000000 0.000000 0.000000 0.000000 0.000000
 909.000000 -0.975914 1.461049 0.000000 -0.883158 -0.883158 -0.883158 0.000000 0.000000 0.000000 0.000000 0.000000 0.000000 0.000000 0.000000
 910.000000 -0.700803 1.345404 0.000000 -1.532029 -1.532029 -1.532029 0.000000 0.000000 0.000000 0.000000 0.000000 0.000000 0.000000 0.000000
 911.000000 -0.408679 1.569390 0.000000 -1.850108 -1.850108 -1.850108 0.000000 0.000000 0.000000 0.000000 0.000000 0.000000 0.000000 0.000000
 912.000000 -0.218275 1.274422 0.000000 -1.873615 -1.873615 -1.873615 0.000000 0.000000 0.000000 0.000000 0.000000 0.000000 0.000000 0.000000
 913.000000 -0.416239 1.651728 0.000000 -1.744649 -1.744649 -1.744649 0.000000 0.000000 0.000000 0.000000 0.000000 0.000000 0.000000 0.000000
 914.000000 -0.238779 1.653546 0.000000 -1.981015 -1.981015 -1.981015 0.000000 0.000000 0.000000 0.000000 0.000000 0.000000 0.000000 0.000000
 915.000000 -0.532017 1.373193 0.000000 -1.739412 -1.739412 -1.739412 0.000000 0.000000 0.000000 0.000000 0.000000 0.000000 0.000000 0.000000
 916.000000 -1.072705 1.371948 0.000000 -0.817554 -0.817554 -0.817554 0.000000 0.000000 0.000000 0.000000 0.000000 0.000000 0.000000 0.000000
 917.000000 -0.794965 1.127519 0.000000 -1.584813 -1.584813 -1.584813 0.000000 0.000000 0.000000 0.000000 0.000000 0.000000 0.000000 0.000000
 918.000000 -0.530405 0.506276 0.000000 -1.851103 -1.851103 -1.851103 0.000000 0.000000 0.000000 0.000000 0.000000 0.000000 0.000000 0.000000
 919.000000 -1.135023 0.518765 0.000000 -2.881342 -2.881342 -2.881342 0.000000 0.000000 0.000000 0.000000 0.000000 0.000000 0.000000 0.000000
 920.000000 -0.767480 0.200303 0.000000 -3.250825 -3.250825 -3.250825 0.000000 0.000000 0.000000 0.000000 0.000000 0.000000 0.000000 0.000000
 921.000000 -0.747497 -0.493605 0.000000 -2.855918 -2.855918 -2.855918 0.000000 0.000000 0.000000 0.000000 0.000000 0.000000 0.000000 0.000000
 922.000000 -0.835892 -0.156384 0.000000 -3.688260 -3.688260 -3.688260 0.000000 0.000000 0.000000 0.000000 0.000000 0.000000 0.000000 0.000000
 923.000000 -1.049508 0.189097 0.000000 -3.777875 -3.777875 -3.777875 0.000000 0.000000 0.000000 0.000000 0.000000 0.000000 0.000000 0.000000
 924.000000 -1.456082 -0.424094 0.000000 -2.239380 -2.239380 -2.239380 0.000000 0.000000 0.000000 0.000000 0.000000 0.000000 0.000000 0.000000
 925.000000 -1.353880 -0.540110 0.000000 -2.301493 -2.301493 -2.301493 0.000000 0.000000 0.000000 0.000000 0.000000 0.000000 0.000000 0.000000
 926.000000 -0.902922 -0.185790 0.000000 -3.795792 -3.795792 -3.795792 0.000000 0.000000 0.000000 0.000000 0.000000 0.000000 0.000000 0.000000
 927.000000 -1.159105 0.072604 0.000000 -3.864794 -3.864794 -3.864794 0.000000 0.000000 0.000000 0.000000 0.000000 0.000000 0.000000 0.000000
 928.000000 -1.273800 -0.217858 0.000000 -3.485904 -3.485904 -3.485904 0.000000 0.000000 0.000000 0.000000 0.000000 0.000000 0.000000 0.000000
 929.000000 -1.480238 0.007371 0.000000 -2.737957 -2.737957 -2.737957 0.000000 0.000000 0.000000 0.000000 0.000000 0.000000 0.000000 0.000000
 930.000000 -0.373214 0.486305 0.000000 -1.357917 -1.357917 -1.357917 0.000000 0.000000 0.000000 0.000000 0.000000 0.000000 0.000000 0.000000
 931.000000 -0.222064 0.406856 0.000000 -1.008349 -1.008349 -1.008349 0.000000 0.000000 0.000000 0.000000 0.000000 0.000000 0.000000 0.000000
 932.000000 -1.192957 0.490834 0.000000 -2.889004 -2.889004 -2.889004 0.000000 0.000000 0.000000 0.000000 0.000000 0.000000 0.000000 0.000000
 933.000000 -0.943530 0.081418 0.000000 -3.849370 -3.849370 -3.849370 0.000000 0.000000 0.000000 0.000000 0.000000 0.000000 0.000000 0.000000
 934.000000 -1.171645 0.305043 0.000000 -3.446796 -3.446796 -3.446796 0.000000 0.000000 0.000000 0.000000 0.000000 0.000000 0.000000 0.000000
 935.000000 -1.082301 0.303594 0.000000 -3.530275 -3.530275 -3.530275 0.000000 0.000000 0.000000 0.000000 0.000000 0.000000 0.000000 0.000000
 936.000000 -0.873940 -0.105822 0.000000 -3.797676 -3.797676 -3.797676 0.000000 0.000000 0.000000 0.000000 0.000000 0.000000 0.000000 0.000000
 937.000000 -0.638476 0.026550 0.000000 -3.009398 -3.009398 -3.009398 0.000000 0.000000 0.000000 0.000000 0.000000 0.000000 0.000000 0.000000
 938.000000 -0.312250 0.129251 0.000000 -1.586240 -1.586240 -1.586240 0.000000 0.000000 0.000000 0.000000 0.000000 0.000000 0.000000 0.000000
 939.000000 -1.130831 0.106397 0.000000 -3.864961 -3.864961 -3.864961 0.000000 0.000000 0.000000 0.000000 0.000000 0.000000 0.000000 0.000000
 940.000000 -0.913157 -0.172260 0.000000 -3.825213 -3.825213 -3.825213 0.000000 0.000000 0.000000 0.000000 0.000000 0.000000 0.000000 0.000000
 941.000000 -0.565137 0.201582 0.000000 -2.480189 -2.480189 -2.480189 0.000000 0.000000 0.000000 0.000000 0.000000 0.000000 0.000000 0.000000
 942.000000 -0.788453 -0.097983 0.000000 -3.587345 -3.587345 -3.587345 0.000000 0.000000 0.000000 0.000000 0.000000 0.000000 0.000000 0.000000
 943.000000 -0.921071 -0.123762 0.000000 -3.873528 -3.873528 -3.873528 0.000000 0.000000 0.000000 0.000000 0.000000 0.000000 0.000000 0.000000
 944.000000 -1.236807 -0.110605 0.000000 -3.721292 -3.721292 -3.721292 0.000000 0.000000 0.000000 0.000000 0.000000 0.000000 0.000000 0.000000
 945.000000 -1.598301 0.350236 0.000000 -1.600086 -1.600086 -1.600086 0.000000 0.000000 0.000000 0.000000 0.000000 0.000000 0.000000 0.000000
 946.000000 -1.488515 -0.102736 0.000000 -2.661878 -2.661878 -2.661878 0.000000 0.000000 0.000000 0.000000 0.000000 0.000000 0.000000 0.000000
 947.000000 -1.091035 0.415539 0.000000 -3.226544 -3.226544 -3.226544 0.000000 0.000000 0.000000 0.000000 0.000000 0.000000 0.000000 0.000000
 948.000000 -1.288434 0.836413 0.000000 -1.578342 -1.578342 -1.578342 0.000000 0.000000 0.000000 0.000000 0.000000 0.000000 0.000000 0.000000
 949.000000 -1.123508 0.410660 0.000000 -3.219268 -3.219268 -3.219268 0.000000 0.000000 0.000000 0.000000 0.000000 0.000000 0.000000 0.000000
 950.000000 -1.155718 0.015716 0.000000 -3.906551 -3.906551 -3.906551 0.000000 0.000000 0.000000 0.000000 0.000000 0.000000 0.000000 0.000000
 951.000000 -0.912722 -0.258773 0.000000 -3.711321 -3.711321 -3.711321 0.000000 0.000000 0.000000 0.000000 0.000000 0.000000 0.000000 0.000000
 952.000000 -0.909917 -0.564277 0.000000 -2.858325 -2.858325 -2.858325 0.000000 0.000000 0.000000 0.000000 0.000000 0.000000 0.000000 0.000000
 953.000000 -0.902859 -0.606404 0.000000 -2.691348 -2.691348 -2.691348 0.000000 0.000000 0.000000 0.000000 0.000000 0.000000 0.000000 0.000000
 954.000000 -0.746578 -0.552594 0.000000 -2.672867 -2.672867 -2.672867 0.000000 0.000000 0.000000 0.000000 0.000000 0.000000 0.000000 0.000000
 955.000000 -0.310158 -0.211438 0.000000 -1.865495 -1.865495 -1.865495 0.000000 0.000000 0.000000 0.000000 0.000000 0.000000 0.000000 0.000000
 956.000000 -1.117956 0.359268 0.000000 -3.367441 -3.367441 -3.367441 0.000000 0.000000 0.000000 0.000000 0.000000 0.000000 0.000000 0.000000
 957.000000 -0.692648 0.192702 0.000000 -3.002888 -3.002888 -3.002888 0.000000 0.000000 0.000000 0.000000 0.000000 0.000000 0.000000 0.000000
 958.000000 -0.651415 0.059947 0.000000 -3.027959 -3.027959 -3.027959 0.000000 0.000000 0.000000 0.000000 0.000000 0.000000 0.000000 0.000000
 959.000000 -1.233760 0.292784 0.000000 -3.358555 -3.358555 -3.358555 0.000000 0.000000 0.000000 0.000000 0.000000 0.000000 0.000000 0.000000
 960.000000 -1.302640 0.517408 0.000000 -2.549061 -2.549061 -2.549061 0.000000 0.000000 0.000000 0.000000 0.000000 0.000000 0.000000 0.000000
 961.000000 -1.051933 -0.232326 0.000000 -3.835968 -3.835968 -3.835968 0.000000 0.000000 0.000000 0.000000 0.000000 0.000000 0.000000 0.000000
 962.000000 -0.968686 0.269418 0.000000 -3.563293 -3.563293 -3.563293 0.000000 0.000000 0.000000 0.000000 0.000000 0.000000 0.000000 0.000000
 963.000000 -0.963511 -0.426295 0.000000 -3.361926 -3.361926 -3.361926 0.000000 0.000000 0.000000 0.000000 0.000000 0.000000 0.000000 0.000000
 964.000000 -1.060120 -0.183871 0.000000 -3.904321 -3.904321 -3.904321 0.000000 0.000000 0.000000 0.000000 0.000000 0.000000 0.000000 0.000000
 965.000000 -1.008623 0.160747 0.000000 -3.810593 -3.810593 -3.810593 0.000000 0.000000 0.000000 0.000000 0.000000 0.000000 0.000000 0.000000
 966.000000 -1.133030 -0.262900 0.000000 -3.716373 -3.716373 -3.716373 0.000000 0.000000 0.000000 0.000000 0.000000 0.000000 0.000000 0.000000
 967.000000 -0.739348 0.549767 0.000000 -2.413864 -2.413864 -2.413864 0.000000 0.000000 0.000000 0.000000 0.000000 0.000000 0.000000 0.000000
 968.000000 -1.216444 1.122057 0.000000 -0.990886 -0.990886 -0.990886 0.000000 0.000000 0.000000 0.000000 0.000000 0.000000 0.000000 0.000000
 969.000000 -1.487562 1.481771 0.000000 0.658006 0.658006 0.658006 0.000000 0.000000 0.000000 0.000000 0.000000 0.000000 0.000000 0.000000
 970.000000 -1.948617 1.394591 0.000000 2.805757 2.805757 2.805757 0.000000 0.000000 0.000000 0.000000 0.000000 0.000000 0.000000 0.000000
 971.000000 -1.637196 1.494038 0.000000 1.295836 1.295836 1.295836 0.000000 0.000000 0.000000 0.000000 0.000000 0.000000 0.000000 0.000000
 972.000000 -1.874819 1.355004 0.000000 2.268242 2.268242 2.268242 0.000000 0.000000 0.000000 0.000000 0.000000 0.000000 0.000000 0.000000
 973.000000 -1.306373 1.178237 0.000000 -0.619724 -0.619724 -0.619724 0.000000 0.000000 0.000000 0.000000 0.000000 0.000000 0.000000 0.000000
 974.000000 -1.126052 0.742094 0.000000 -2.186307 -2.186307 -2.186307 0.000000 0.000000 0.000000 0.000000 0.000000 0.000000 0.000000 0.000000
 975.000000 -1.232113 0.095678 0.000000 -3.701418 -3.701418 -3.701418 0.000000 0.000000 0.000000 0.000000 0.000000 0.000000 0.000000 0.000000
 976.000000 -1.477506 0.324082 0.000000 -2.357978 -2.357978 -2.357978 0.000000 0.000000 0.000000 0.000000 0.000000 0.000000 0.000000 0.000000
 977.000000 -1.206528 -0.399179 0.000000 -3.237494 -3.237494 -3.237494 0.000000 0.000000 0.000000 0.000000 0.000000 0.000000 0.000000 0.000000
 978.000000 -1.492598 0.132839 0.000000 -2.591167 -2.591167 -2.591167 0.000000 0.000000 0.000000 0.000000 0.000000 0.000000 0.000000 0.000000
 979.000000 -0.861586 -0.469048 0.000000 -3.133549 -3.133549 -3.133549 0.000000 0.000000 0.000000 0.000000 0.000000 0.000000 0.000000 0.000000
 980.000000 -0.680212 -0.125357 0.000000 -3.230100 -3.230100 -3.230100 0.000000 0.000000 0.000000 0.000000 0.000000 0.000000 0.000000 0.000000
 981.000000 -0.940914 -0.116806 0.000000 -3.904818 -3.904818 -3.904818 0.000000 0.000000 0.000000 0.000000 0.000000 0.000000 0.000000 0.000000
 982.000000 -1.166608 0.476628 0.000000 -2.973799 -2.973799 -2.973799 0.000000 0.000000 0.000000 0.000000 0.000000 0.000000 0.000000 0.000000
 983.000000 -0.804478 0.931687 0.000000 -1.808778 -1.808778 -1.808778 0.000000 0.000000 0.000000 0.000000 0.000000 0.000000 0.000000 0.000000
 984.000000 -1.086824 0.225403 0.000000 -3.703863 -3.703863 -3.703863 0.000000 0.000000 0.000000 0.000000 0.000000 0.000000 0.000000 0.000000
 985.000000 -1.495617 0.509981 0.000000 -1.795591 -1.795591 -1.795591 0.000000 0.000000 0.000000 0.000000 0.000000 0.000000 0.000000 0.000000
 986.000000 -0.899389 0.207382 0.000000 -3.584071 -3.584071 -3.584071 0.000000 0.000000 0.000000 0.000000 0.000000 0.000000 0.000000 0.000000
 987.000000 -1.140836 0.074500 0.000000 -3.887062 -3.887062 -3.887062 0.000000 0.000000 0.000000 0.000000 0.000000 0.000000 0.000000 0.000000
 988.000000 -0.919376 0.813811 0.000000 -2.072617 -2.072617 -2.072617 0.000000 0.000000 0.000000 0.000000 0.000000 0.000000 0.000000 0.000000
 989.000000 -1.204718 0.288786 0.000000 -3.429364 -3.429364 -3.429364 0.000000 0.000000 0.000000 0.000000 0.000000 0.000000 0.000000 0.000000
 990.000000 -1.198971 0.236634 0.000000 -3.554721 -3.554721 -3.554721 0.000000 0.000000 0.000000 0.000000 0.000000 0.000000 0.000000 0.000000
 991.000000 -1.682164 -0.456566 0.000000 -0.779672 -0.779672 -0.779672 0.000000 0.000000 0.000000 0.000000 0.000000 0.000000 0.000000 0.000000
 992.000000 -1.102303 -0.351036 0.000000 -3.546333 -3.546333 -3.546333 0.000000 0.000000 0.000000 0.000000 0.000000 0.000000 0.000000 0.000000
 993.000000 -1.026503 -0.259789 0.000000 -3.790366 -3.790366 -3.790366 0.000000 0.000000 0.000000 0.000000 0.000000 0.000000 0.000000 0.000000
 994.000000 -1.188536 0.301798 0.000000 -3.427773 -3.427773 -3.427773 0.000000 0.000000 0.000000 0.000000 0.000000 0.000000 0.000000 0.000000
 995.000000 -0.729494 -0.411739 0.000000 -3.028293 -3.028293 -3.028293 0.000000 0.000000 0.000000 0.000000 0.000000 0.000000 0.000000 0.000000
 996.000000 -1.059255 -0.228751 0.000000 -3.839696 -3.839696 -3.839696 0.000000 0.000000 0.000000 0.000000 0.000000 0.000000 0.000000 0.000000
 997.000000 -0.689038 0.047281 0.000000 -3.186414 -3.186414 -3.186414 0.000000 0.000000 0.000000 0.000000 0.000000 0.000000 0.000000 0.000000
 998.000000 -0.810221 0.085438 0.000000 -3.552836 -3.552836 -3.552836 0.000000 0.000000 0.000000 0.000000 0.000000 0.000000 0.000000 0.000000
 999.000000 -1.077669 0.238616 0.000000 -3.679531 -3.679531 -3.679531 0.000000 0.000000 0.000000 0.000000 0.000000 0.000000 0.000000 0.000000
 1000.000000 -1.407951 0.109752 0.000000 -3.054812 -3.054812 -3.054812 0.000000 0.000000 0.000000 0.000000 0.000000 0.000000 0.000000 0.000000
 1001.000000 -1.169772 -0.360943 0.000000 -3.424182 -3.424182 -3.424182 0.000000 0.000000 0.000000 0.000000 0.000000 0.000000 0.000000 0.000000
 1002.000000 -1.525718 -0.643514 0.000000 -1.135157 -1.135157 -1.135157 0.000000 0.000000 0.000000 0.000000 0.000000 0.000000 0.000000 0.000000
 1003.000000 -0.717167 -0.220367 0.000000 -3.305619 -3.305619 -3.305619 0.000000 0.000000 0.000000 0.000000 0.000000 0.000000 0.000000 0.000000
 1004.000000 -0.808683 0.061527 0.000000 -3.574297 -3.574297 -3.574297 0.000000 0.000000 0.000000 0.000000 0.000000 0.000000 0.000000 0.000000
 1005.000000 -1.326453 -0.312747 0.000000 -3.112069 -3.112069 -3.112069 0.000000 0.000000 0.000000 0.000000 0.000000 0.000000 0.000000 0.000000
 1006.000000 -1.333557 0.089922 0.000000 -3.390273 -3.390273 -3.390273 0.000000 0.000000 0.000000 0.000000 0.000000 0.000000 0.000000 0.000000
 1007.000000 -1.160928 0.315527 0.000000 -3.435996 -3.435996 -3.435996 0.000000 0.000000 0.000000 0.000000 0.000000 0.000000 0.000000 0.000000
 1008.000000 -0.793944 0.494351 0.000000 -2.678058 -2.678058 -2.678058 0.000000 0.000000 0.000000 0.000000 0.000000 0.000000 0.000000 0.000000
 1009.000000 -1.069158 -0.124933 0.000000 -3.960266 -3.960266 -3.960266 0.000000 0.000000 0.000000 0.000000 0.000000 0.000000 0.000000 0.000000
 1010.000000 -1.128311 -0.177424 0.000000 -3.861399 -3.861399 -3.861399 0.000000 0.000000 0.000000 0.000000 0.000000 0.000000 0.000000 0.000000
 1011.000000 -1.259736 -0.679328 0.000000 -2.033643 -2.033643 -2.033643 0.000000 0.000000 0.000000 0.000000 0.000000 0.000000 0.000000 0.000000
 1012.000000 -0.651715 -0.361031 0.000000 -2.912587 -2.912587 -2.912587 0.000000 0.000000 0.000000 0.000000 0.000000 0.000000 0.000000 0.000000
 1013.000000 -0.515368 -0.532573 0.000000 -2.160865 -2.160865 -2.160865 0.000000 0.000000 0.000000 0.000000 0.000000 0.000000 0.000000 0.000000
 1014.000000 -0.430624 -0.707308 0.000000 -1.507519 -1.507519 -1.507519 0.000000 0.000000 0.000000 0.000000 0.000000 0.000000 0.000000 0.000000
 1015.000000 -0.390302 -0.960326 0.000000 -0.613222 -0.613222 -0.613222 0.000000 0.000000 0.000000 0.000000 0.000000 0.000000 0.000000 0.000000
 1016.000000 -0.277834 -0.692467 0.000000 -1.260611 -1.260611 -1.260611 0.000000 0.000000 0.000000 0.000000 0.000000 0.000000 0.000000 0.000000
 1017.000000 -1.057526 -0.681481 0.000000 -2.369312 -2.369312 -2.369312 0.000000 0.000000 0.000000 0.000000 0.000000 0.000000 0.000000 0.000000
 1018.000000 -0.776934 -0.747632 0.000000 -1.990819 -1.990819 -1.990819 0.000000 0.000000 0.000000 0.000000 0.000000 0.000000 0.000000 0.000000
 1019.000000 -0.782003 -0.755792 0.000000 -1.962441 -1.962441 -1.962441 0.000000 0.000000 0.000000 0.000000 0.000000 0.000000 0.000000 0.000000
 1020.000000 -0.631837 -0.686225 0.000000 -1.992430 -1.992430 -1.992430 0.000000 0.000000 0.000000 0.000000 0.000000 0.000000 0.000000 0.000000
 1021.000000 -1.075019 -0.169810 0.000000 -3.915330 -3.915330 -3.915330 0.000000 0.000000 0.000000 0.000000 0.000000 0.000000 0.000000 0.000000
 1022.000000 -0.829096 0.027900 0.000000 -3.660701 -3.660701 -3.660701 0.000000 0.000000 0.000000 0.000000 0.000000 0.000000 0.000000 0.000000
 1023.000000 -0.964219 -0.205567 0.000000 -3.848398 -3.848398 -3.848398 0.000000 0.000000 0.000000 0.000000 0.000000 0.000000 0.000000 0.000000
 1024.000000 -1.056882 0.222897 0.000000 -3.714128 -3.714128 -3.714128 0.000000 0.000000 0.000000 0.000000 0.000000 0.000000 0.000000 0.000000
 1025.000000 -0.488433 0.607801 0.000000 -1.602875 -1.602875 -1.602875 0.000000 0.000000 0.000000 0.000000 0.000000 0.000000 0.000000 0.000000
 1026.000000 -0.642711 0.171293 0.000000 -2.844794 -2.844794 -2.844794 0.000000 0.000000 0.000000 0.000000 0.000000 0.000000 0.000000 0.000000
 1027.000000 -0.780273 0.132647 0.000000 -3.400857 -3.400857 -3.400857 0.000000 0.000000 0.000000 0.000000 0.000000 0.000000 0.000000 0.000000
 1028.000000 -0.830175 -0.327779 0.000000 -3.442886 -3.442886 -3.442886 0.000000 0.000000 0.000000 0.000000 0.000000 0.000000 0.000000 0.000000
 1029.000000 -0.189195 -0.564951 0.000000 -1.364237 -1.364237 -1.364237 0.000000 0.000000 0.000000 0.000000 0.000000 0.000000 0.116745 466.979380
 1030.000000 -0.988220 -0.552118 0.000000 -2.935199 -2.935199 -2.935199 0.000000 0.000000 0.000000 0.000000 0.000000 0.000000 0.000000 0.000000
 1031.000000 -1.032518 -0.196255 0.000000 -3.891970 -3.891970 -3.891970 0.000000 0.000000 0.000000 0.000000 0.000000 0.000000 0.000000 0.000000
 1032.000000 -1.447822 -0.100662 0.000000 -2.887416 -2.887416 -2.887416 0.000000 0.000000 0.000000 0.000000 0.000000 0.000000 0.000000 0.000000
 1033.000000 -1.173632 -0.266873 0.000000 -3.644112 -3.644112 -3.644112 0.000000 0.000000 0.000000 0.000000 0.000000 0.000000 0.000000 0.000000
 1034.000000 -0.643962 -0.156155 0.000000 -3.091820 -3.091820 -3.091820 0.000000 0.000000 0.000000 0.000000 0.000000 0.000000 0.000000 0.000000
 1035.000000 -0.858880 -0.622803 0.000000 -2.589213 -2.589213 -2.589213 0.000000 0.000000 0.000000 0.000000 0.000000 0.000000 0.000000 0.000000
 1036.000000 -1.287515 -0.249072 0.000000 -3.386183 -3.386183 -3.386183 0.000000 0.000000 0.000000 0.000000 0.000000 0.000000 0.000000 0.000000
 1037.000000 -1.120880 -0.333393 0.000000 -3.571779 -3.571779 -3.571779 0.000000 0.000000 0.000000 0.000000 0.000000 0.000000 0.000000 0.000000
 1038.000000 -1.117980 -0.265271 0.000000 -3.730059 -3.730059 -3.730059 0.000000 0.000000 0.000000 0.000000 0.000000 0.000000 0.000000 0.000000
 1039.000000 -0.344144 -0.643742 0.000000 -1.493075 -1.493075 -1.493075 0.000000 0.000000 0.000000 0.000000 0.000000 0.000000 0.000000 0.000000
 1040.000000 -0.658335 -0.263512 0.000000 -3.070706 -3.070706 -3.070706 0.000000 0.000000 0.000000 0.000000 0.000000 0.000000 0.000000 0.000000
 1041.000000 -0.790878 0.123177 0.000000 -3.447175 -3.447175 -3.447175 0.000000 0.000000 0.000000 0.000000 0.000000 0.000000 0.000000 0.000000
 1042.000000 -1.238056 0.201326 0.000000 -3.538036 -3.538036 -3.538036 0.000000 0.000000 0.000000 0.000000 0.000000 0.000000 0.000000 0.000000
 1043.000000 -0.910522 -0.301628 0.000000 -3.629717 -3.629717 -3.629717 0.000000 0.000000 0.000000 0.000000 0.000000 0.000000 0.000000 0.000000
 1044.000000 -0.693269 0.256569 0.000000 -2.890790 -2.890790 -2.890790 0.000000 0.000000 0.000000 0.000000 0.000000 0.000000 0.000000 0.000000
 1045.000000 -0.891499 0.199673 0.000000 -3.582633 -3.582633 -3.582633 0.000000 0.000000 0.000000 0.000000 0.000000 0.000000 0.000000 0.000000
 1046.000000 -0.841691 -0.268946 0.000000 -3.572848 -3.572848 -3.572848 0.000000 0.000000 0.000000 0.000000 0.000000 0.000000 0.000000 0.000000
 1047.000000 -0.983325 0.308236 0.000000 -3.487742 -3.487742 -3.487742 0.000000 0.000000 0.000000 0.000000 0.000000 0.000000 0.000000 0.000000
 1048.000000 -1.045516 0.535100 0.000000 -2.879236 -2.879236 -2.879236 0.000000 0.000000 0.000000 0.000000 0.000000 0.000000 0.000000 0.000000
 1049.000000 -1.290248 0.067612 0.000000 -3.561052 -3.561052 -3.561052 0.000000 0.000000 0.000000 0.000000 0.000000 0.000000 0.000000 0.000000
 1050.000000 -1.035648 0.206119 0.000000 -3.743487 -3.743487 -3.743487 0.000000 0.000000 0.000000 0.000000 0.000000 0.000000 0.000000 0.000000
 1051.000000 -0.587299 0.911505 0.000000 -1.646733 -1.646733 -1.646733 0.000000 0.000000 0.000000 0.000000 0.000000 0.000000 0.000000 0.000000
 1052.000000 -0.989820 0.538620 0.000000 -2.855282 -2.855282 -2.855282 0.000000 0.000000 0.000000 0.000000 0.000000 0.000000 0.000000 0.000000
 1053.000000 -0.765204 0.408456 0.000000 -2.805741 -2.805741 -2.805741 0.000000 0.000000 0.000000 0.000000 0.000000 0.000000 0.000000 0.000000
 1054.000000 -0.467374 0.795765 0.000000 -1.470573 -1.470573 -1.470573 0.000000 0.000000 0.000000 0.000000 0.000000 0.000000 0.000000 0.000000
 1055.000000 -0.200728 1.622436 0.000000 -2.051210 -2.051210 -2.051210 0.000000 0.000000 0.000000 0.000000 0.000000 0.000000 0.000000 0.000000
 1056.000000 -0.173007 1.615835 0.000000 -2.078852 -2.078852 -2.078852 0.000000 0.000000 0.000000 0.000000 0.000000 0.000000 0.728627 2914.506205
 1057.000000 -0.273685 1.550458 0.000000 -2.029196 -2.029196 -2.029196 0.000000 0.000000 0.000000 0.000000 0.000000 0.000000 0.000000 0.000000
 1058.000000 -0.701551 1.787131 0.000000 -0.842998 -0.842998 -0.842998 0.000000 0.000000 0.000000 0.000000 0.000000 0.000000 0.000000 0.000000
 1059.000000 -0.266782 1.263709 0.000000 -1.843565 -1.843565 -1.843565 0.000000 0.000000 0.000000 0.000000 0.000000 0.000000 0.000000 0.000000
 1060.000000 -0.958842 0.644301 0.000000 -2.530545 -2.530545 -2.530545 0.000000 0.000000 0.000000 0.000000 0.000000 0.000000 0.000000 0.000000
 1061.000000 -1.332030 1.372295 0.000000 -0.115455 -0.115455 -0.115455 0.000000 0.000000 0.000000 0.000000 0.000000 0.000000 0.000000 0.000000
 1062.000000 -1.349734 1.204141 0.000000 -0.428238 -0.428238 -0.428238 0.000000 0.000000 0.000000 0.000000 0.000000 0.000000 0.000000 0.000000
 1063.000000 -0.527810 1.189058 0.000000 -1.683762 -1.683762 -1.683762 0.000000 0.000000 0.000000 0.000000 0.000000 0.000000 0.000000 0.000000
 1064.000000 -1.116092 0.637783 0.000000 -2.522852 -2.522852 -2.522852 0.000000 0.000000 0.000000 0.000000 0.000000 0.000000 0.000000 0.000000
 1065.000000 -1.471314 0.500250 0.000000 -1.942292 -1.942292 -1.942292 0.000000 0.000000 0.000000 0.000000 0.000000 0.000000 0.000000 0.000000
 1066.000000 -1.332482 1.043591 0.000000 -0.870274 -0.870274 -0.870274 0.000000 0.000000 0.000000 0.000000 0.000000 0.000000 0.000000 0.000000
 1067.000000 -0.853206 1.056132 0.000000 -1.634961 -1.634961 -1.634961 0.000000 0.000000 0.000000 0.000000 0.000000 0.000000 0.000000 0.000000
 1068.000000 -0.556484 1.348350 0.000000 -1.710659 -1.710659 -1.710659 0.000000 0.000000 0.000000 0.000000 0.000000 0.000000 0.000000 0.000000
 1069.000000 -0.588047 1.705602 0.000000 -1.315640 -1.315640 -1.315640 0.000000 0.000000 0.000000 0.000000 0.000000 0.000000 0.000000 0.000000
 1070.000000 -0.497491 1.661713 0.000000 -1.585149 -1.585149 -1.585149 0.000000 0.000000 0.000000 0.000000 0.000000 0.000000 0.000000 0.000000
 1071.000000 -0.315267 1.103976 0.000000 -1.593535 -1.593535 -1.593535 0.000000 0.000000 0.000000 0.000000 0.000000 0.000000 0.000000 0.000000
 1072.000000 -0.899067 1.323793 0.000000 -1.245683 -1.245683 -1.245683 0.000000 0.000000 0.000000 0.000000 0.000000 0.000000 0.000000 0.000000
 1073.000000 -1.009288 0.277389 0.000000 -3.580832 -3.580832 -3.580832 0.000000 0.000000 0.000000 0.000000 0.000000 0.000000 0.000000 0.000000
 1074.000000 -0.872570 0.187352 0.000000 -3.564116 -3.564116 -3.564116 0.000000 0.000000 0.000000 0.000000 0.000000 0.000000 0.000000 0.000000
 1075.000000 -0.808203 0.011542 0.000000 -3.614660 -3.614660 -3.614660 0.000000 0.000000 0.000000 0.000000 0.000000 0.000000 0.000000 0.000000
 1076.000000 -1.105638 -0.763476 0.000000 -1.942332 -1.942332 -1.942332 0.000000 0.000000 0.000000 0.000000 0.000000 0.000000 0.000000 0.000000
 1077.000000 -1.021810 -0.585364 0.000000 -2.799344 -2.799344 -2.799344 0.000000 0.000000 0.000000 0.000000 0.000000 0.000000 0.000000 0.000000
 1078.000000 -0.344813 -0.225635 0.000000 -1.975091 -1.975091 -1.975091 0.000000 0.000000 0.000000 0.000000 0.000000 0.000000 0.000000 0.000000
 1079.000000 -0.598810 -0.309098 0.000000 -2.816681 -2.816681 -2.816681 0.000000 0.000000 0.000000 0.000000 0.000000 0.000000 0.000000 0.000000
 1080.000000 -0.318732 0.190702 0.000000 -1.527283 -1.527283 -1.527283 0.000000 0.000000 0.000000 0.000000 0.000000 0.000000 0.000000 0.000000
 1081.000000 -0.939478 -0.519993 0.000000 -3.039509 -3.039509 -3.039509 0.000000 0.000000 0.000000 0.000000 0.000000 0.000000 0.000000 0.000000
 1082.000000 -0.883545 -0.203907 0.000000 -3.743078 -3.743078 -3.743078 0.000000 0.000000 0.000000 0.000000 0.000000 0.000000 0.000000 0.000000
 1083.000000 -1.231840 -0.265985 0.000000 -3.516745 -3.516745 -3.516745 0.000000 0.000000 0.000000 0.000000 0.000000 0.000000 0.000000 0.000000
 1084.000000 -0.845284 0.030005 0.000000 -3.700989 -3.700989 -3.700989 0.000000 0.000000 0.000000 0.000000 0.000000 0.000000 0.000000 0.000000
 1085.000000 -1.183129 -0.147873 0.000000 -3.810062 -3.810062 -3.810062 0.000000 0.000000 0.000000 0.000000 0.000000 0.000000 0.000000 0.000000
 1086.000000 -1.462048 -0.211121 0.000000 -2.689818 -2.689818 -2.689818 0.000000 0.000000 0.000000 0.000000 0.000000 0.000000 0.000000 0.000000
 1087.000000 -1.289600 -0.575017 0.000000 -2.387541 -2.387541 -2.387541 0.000000 0.000000 0.000000 0.000000 0.000000 0.000000 0.000000 0.000000
 1088.000000 -1.026709 0.533575 0.000000 -2.882971 -2.882971 -2.882971 0.000000 0.000000 0.000000 0.000000 0.000000 0.000000 0.000000 0.000000
 1089.000000 -1.708582 0.069324 0.000000 -1.171281 -1.171281 -1.171281 0.000000 0.000000 0.000000 0.000000 0.000000 0.000000 0.000000 0.000000
 1090.000000 -1.626573 -0.375124 0.000000 -1.361741 -1.361741 -1.361741 0.000000 0.000000 0.000000 0.000000 0.000000 0.000000 0.000000 0.000000
 1091.000000 -0.980589 -0.744133 0.000000 -2.119544 -2.119544 -2.119544 0.000000 0.000000 0.000000 0.000000 0.000000 0.000000 0.000000 0.000000
 1092.000000 -0.582469 -0.392671 0.000000 -2.640962 -2.640962 -2.640962 0.000000 0.000000 0.000000 0.000000 0.000000 0.000000 0.000000 0.000000
 1093.000000 -0.490483 -0.189663 0.000000 -2.498073 -2.498073 -2.498073 0.000000 0.000000 0.000000 0.000000 0.000000 0.000000 0.000000 0.000000
 1094.000000 -0.721020 -0.154261 0.000000 -3.362412 -3.362412 -3.362412 0.000000 0.000000 0.000000 0.000000 0.000000 0.000000 0.000000 0.000000
 1095.000000 -1.342301 0.086697 0.000000 -3.359391 -3.359391 -3.359391 0.000000 0.000000 0.000000 0.000000 0.000000 0.000000 0.000000 0.000000
 1096.000000 -1.127475 -0.202422 0.000000 -3.828236 -3.828236 -3.828236 0.000000 0.000000 0.000000 0.000000 0.000000 0.000000 0.000000 0.000000
 1097.000000 -0.633001 -0.228345 0.000000 -3.015212 -3.015212 -3.015212 0.000000 0.000000 0.000000 0.000000 0.000000 0.000000 0.000000 0.000000
 1098.000000 -0.929352 -0.571338 0.000000 -2.844092 -2.844092 -2.844092 0.000000 0.000000 0.000000 0.000000 0.000000 0.000000 0.000000 0.000000
 1099.000000 -1.422303 -0.336913 0.000000 -2.642172 -2.642172 -2.642172 0.000000 0.000000 0.000000 0.000000 0.000000 0.000000 0.000000 0.000000
 1100.000000 -1.069572 -0.149212 0.000000 -3.939402 -3.939402 -3.939402 0.000000 0.000000 0.000000 0.000000 0.000000 0.000000 0.000000 0.000000
 1101.000000 -0.402434 -0.256360 0.000000 -2.162773 -2.162773 -2.162773 0.000000 0.000000 0.000000 0.000000 0.000000 0.000000 0.000000 0.000000
 1102.000000 -1.150613 -0.466738 0.000000 -3.125528 -3.125528 -3.125528 0.000000 0.000000 0.000000 0.000000 0.000000 0.000000 0.000000 0.000000
 1103.000000 -1.219002 -0.131599 0.000000 -3.748654 -3.748654 -3.748654 0.000000 0.000000 0.000000 0.000000 0.000000 0.000000 0.000000 0.000000
 1104.000000 -1.435590 0.274164 0.000000 -2.673493 -2.673493 -2.673493 0.000000 0.000000 0.000000 0.000000 0.000000 0.000000 0.000000 0.000000
 1105.000000 -1.586201 0.234809 0.000000 -1.886719 -1.886719 -1.886719 0.000000 0.000000 0.000000 0.000000 0.000000 0.000000 0.000000 0.000000
 1106.000000 -0.754530 0.059991 0.000000 -3.407062 -3.407062 -3.407062 0.000000 0.000000 0.000000 0.000000 0.000000 0.000000 0.000000 0.000000
 1107.000000 -1.126456 -0.153348 0.000000 -3.891336 -3.891336 -3.891336 0.000000 0.000000 0.000000 0.000000 0.000000 0.000000 0.000000 0.000000
 1108.000000 -1.120319 0.202462 0.000000 -3.728244 -3.728244 -3.728244 0.000000 0.000000 0.000000 0.000000 0.000000 0.000000 0.000000 0.000000
 1109.000000 -1.293723 0.559898 0.000000 -2.441376 -2.441376 -2.441376 0.000000 0.000000 0.000000 0.000000 0.000000 0.000000 0.000000 0.000000
 1110.000000 -1.098761 -0.608928 0.000000 -2.646335 -2.646335 -2.646335 0.000000 0.000000 0.000000 0.000000 0.000000 0.000000 0.000000 0.000000
 1111.000000 -0.981184 -0.217143 0.000000 -3.845314 -3.845314 -3.845314 0.000000 0.000000 0.000000 0.000000 0.000000 0.000000 0.000000 0.000000
 1112.000000 -1.037378 -0.339496 0.000000 -3.614954 -3.614954 -3.614954 0.000000 0.000000 0.000000 0.000000 0.000000 0.000000 0.000000 0.000000
 1113.000000 -1.342028 0.002141 0.000000 -3.404671 -3.404671 -3.404671 0.000000 0.000000 0.000000 0.000000 0.000000 0.000000 0.000000 0.000000
 1114.000000 -1.341448 0.245525 0.000000 -3.134884 -3.134884 -3.134884 0.000000 0.000000 0.000000 0.000000 0.000000 0.000000 0.000000 0.000000
 1115.000000 -1.005124 0.187240 0.000000 -3.763144 -3.763144 -3.763144 0.000000 0.000000 0.000000 0.000000 0.000000 0.000000 0.000000 0.000000
 1116.000000 -1.417082 0.137752 0.000000 -2.981398 -2.981398 -2.981398 0.000000 0.000000 0.000000 0.000000 0.000000 0.000000 0.000000 0.000000
 1117.000000 -1.123477 0.071118 0.000000 -3.908594 -3.908594 -3.908594 0.000000 0.000000 0.000000 0.000000 0.000000 0.000000 0.000000 0.000000
 1118.000000 -1.185947 0.540666 0.000000 -2.743944 -2.743944 -2.743944 0.000000 0.000000 0.000000 0.000000 0.000000 0.000000 0.000000 0.000000
 1119.000000 -0.949506 -0.176137 0.000000 -3.868659 -3.868659 -3.868659 0.000000 0.000000 0.000000 0.000000 0.000000 0.000000 0.000000 0.000000
 1120.000000 -1.193484 0.057136 0.000000 -3.819385 -3.819385 -3.819385 0.000000 0.000000 0.000000 0.000000 0.000000 0.000000 0.000000 0.000000
 1121.000000 -0.551301 -0.259889 0.000000 -2.696250 -2.696250 -2.696250 0.000000 0.000000 0.000000 0.000000 0.000000 0.000000 0.000000 0.000000
 1122.000000 -0.821534 -0.566106 0.000000 -2.754917 -2.754917 -2.754917 0.000000 0.000000 0.000000 0.000000 0.000000 0.000000 0.000000 0.000000
 1123.000000 -0.974905 -0.344304 0.000000 -3.592924 -3.592924 -3.592924 0.000000 0.000000 0.000000 0.000000 0.000000 0.000000 0.000000 0.000000
 1124.000000 -1.122673 -0.210224 0.000000 -3.822130 -3.822130 -3.822130 0.000000 0.000000 0.000000 0.000000 0.000000 0.000000 0.000000 0.000000
 1125.000000 -0.324836 -0.865129 0.000000 -0.856102 -0.856102 -0.856102 0.000000 0.000000 0.000000 0.000000 0.000000 0.000000 0.000000 0.000000
 1126.000000 -0.570369 -1.004472 0.000000 -0.648582 -0.648582 -0.648582 0.019995 79.979711 0.000000 0.000000 0.000000 0.000000 0.000000 0.000000
 1127.000000 -1.336703 -0.800184 0.000000 -1.257825 -1.257825 -1.257825 0.000000 0.000000 0.000000 0.000000 0.000000 0.000000 0.000000 0.000000
 1128.000000 -0.874135 -0.863073 0.000000 -1.549278 -1.549278 -1.549278 0.000000 0.000000 0.000000 0.000000 0.000000 0.000000 0.000000 0.000000
 1129.000000 -0.724762 -0.460965 0.000000 -2.894654 -2.894654 -2.894654 0.000000 0.000000 0.000000 0.000000 0.000000 0.000000 0.000000 0.000000
 1130.000000 -0.672498 -0.029443 0.000000 -3.182090 -3.182090 -3.182090 0.000000 0.000000 0.000000 0.000000 0.000000 0.000000 0.000000 0.000000
 1131.000000 -0.612887 0.384346 0.000000 -2.347531 -2.347531 -2.347531 0.000000 0.000000 0.000000 0.000000 0.000000 0.000000 0.000000 0.000000
 1132.000000 -1.240790 0.562721 0.000000 -2.566894 -2.566894 -2.566894 0.000000 0.000000 0.000000 0.000000 0.000000 0.000000 0.000000 0.000000
 1133.000000 -1.016317 0.254698 0.000000 -3.635802 -3.635802 -3.635802 0.000000 0.000000 0.000000 0.000000 0.000000 0.000000 0.000000 0.000000
 1134.000000 -0.882784 -0.189168 0.000000 -3.757886 -3.757886 -3.757886 0.000000 0.000000 0.000000 0.000000 0.000000 0.000000 0.000000 0.000000
 1135.000000 -0.894068 -0.122898 0.000000 -3.829351 -3.829351 -3.829351 0.000000 0.000000 0.000000 0.000000 0.000000 0.000000 0.000000 0.000000
 1136.000000 -1.091837 0.028603 0.000000 -3.963106 -3.963106 -3.963106 0.000000 0.000000 0.000000 0.000000 0.000000 0.000000 0.000000 0.000000
 1137.000000 -0.979837 -0.006945 0.000000 -3.956694 -3.956694 -3.956694 0.000000 0.000000 0.000000 0.000000 0.000000 0.000000 0.000000 0.000000
 1138.000000 -0.823896 0.319565 0.000000 -3.173208 -3.173208 -3.173208 0.000000 0.000000 0.000000 0.000000 0.000000 0.000000 0.000000 0.000000
 1139.000000 -0.337716 -0.103106 0.000000 -1.911434 -1.911434 -1.911434 0.000000 0.000000 0.000000 0.000000 0.000000 0.000000 0.000000 0.000000
 1140.000000 -0.353970 -0.028601 0.000000 -1.911223 -1.911223 -1.911223 0.000000 0.000000 0.000000 0.000000 0.000000 0.000000 0.000000 0.000000
 1141.000000 -1.065241 0.564959 0.000000 -2.783643 -2.783643 -2.783643 0.000000 0.000000 0.000000 0.000000 0.000000 0.000000 0.000000 0.000000
 1142.000000 -1.139716 0.484866 0.000000 -2.981742 -2.981742 -2.981742 0.000000 0.000000 0.000000 0.000000 0.000000 0.000000 0.000000 0.000000
 1143.000000 -0.296210 0.322947 0.000000 -1.287029 -1.287029 -1.287029 0.000000 0.000000 0.000000 0.000000 0.000000 0.000000 0.000000 0.000000
 1144.000000 -1.115625 0.317993 0.000000 -3.476942 -3.476942 -3.476942 0.000000 0.000000 0.000000 0.000000 0.000000 0.000000 0.000000 0.000000
 1145.000000 -1.247782 -0.307369 0.000000 -3.382308 -3.382308 -3.382308 0.000000 0.000000 0.000000 0.000000 0.000000 0.000000 0.000000 0.000000
 1146.000000 -1.090260 -0.581585 0.000000 -2.768749 -2.768749 -2.768749 0.000000 0.000000 0.000000 0.000000 0.000000 0.000000 0.000000 0.000000
 1147.000000 -0.644657 -0.941823 0.000000 -1.002224 -1.002224 -1.002224 0.000000 0.000000 0.000000 0.000000 0.000000 0.000000 0.000000 0.000000
 1148.000000 -0.932193 -0.171718 0.000000 -3.852474 -3.852474 -3.852474 0.000000 0.000000 0.000000 0.000000 0.000000 0.000000 0.000000 0.000000
 1149.000000 -0.931723 0.042347 0.000000 -3.868239 -3.868239 -3.868239 0.000000 0.000000 0.000000 0.000000 0.000000 0.000000 0.000000 0.000000
 1150.000000 -1.490687 -0.079462 0.000000 -2.663235 -2.663235 -2.663235 0.000000 0.000000 0.000000 0.000000 0.000000 0.000000 0.000000 0.000000
 1151.000000 -1.632965 -0.478671 0.000000 -1.052648 -1.052648 -1.052648 0.000000 0.000000 0.000000 0.000000 0.000000 0.000000 0.000000 0.000000
 1152.000000 -1.275221 0.062078 0.000000 -3.612342 -3.612342 -3.612342 0.000000 0.000000 0.000000 0.000000 0.000000 0.000000 0.000000 0.000000
 1153.000000 -0.763698 0.354082 0.000000 -2.925254 -2.925254 -2.925254 0.000000 0.000000 0.000000 0.000000 0.000000 0.000000 0.000000 0.000000
 1154.000000 -1.050924 0.166200 0.000000 -3.817384 -3.817384 -3.817384 0.000000 0.000000 0.000000 0.000000 0.000000 0.000000 0.000000 0.000000
 1155.000000 -0.833660 -0.132145 0.000000 -3.696964 -3.696964 -3.696964 0.000000 0.000000 0.000000 0.000000 0.000000 0.000000 0.000000 0.000000
 1156.000000 -1.069250 -0.369430 0.000000 -3.522875 -3.522875 -3.522875 0.000000 0.000000 0.000000 0.000000 0.000000 0.000000 0.000000 0.000000
 1157.000000 -0.800778 -0.588130 0.000000 -2.645897 -2.645897 -2.645897 0.000000 0.000000 0.000000 0.000000 0.000000 0.000000 0.000000 0.000000
 1158.000000 -0.911743 -0.617862 0.000000 -2.651627 -2.651627 -2.651627 0.000000 0.000000 0.000000 0.000000 0.000000 0.000000 0.000000 0.000000
 1159.000000 -1.370209 -0.341136 0.000000 -2.867424 -2.867424 -2.867424 0.000000 0.000000 0.000000 0.000000 0.000000 0.000000 0.000000 0.000000
 1160.000000 -0.977154 0.003527 0.000000 -3.949919 -3.949919 -3.949919 0.000000 0.000000 0.000000 0.000000 0.000000 0.000000 0.000000 0.000000
 1161.000000 -0.447929 -0.135391 0.000000 -2.329981 -2.329981 -2.329981 0.000000 0.000000 0.000000 0.000000 0.000000 0.000000 0.000000 0.000000
 1162.000000 -0.854122 -0.026092 0.000000 -3.753447 -3.753447 -3.753447 0.000000 0.000000 0.000000 0.000000 0.000000 0.000000 0.000000 0.000000
 1163.000000 -1.214380 0.117668 0.000000 -3.717935 -3.717935 -3.717935 0.000000 0.000000 0.000000 0.000000 0.000000 0.000000 0.000000 0.000000
 1164.000000 -0.844515 0.558058 0.000000 -2.626574 -2.626574 -2.626574 0.000000 0.000000 0.000000 0.000000 0.000000 0.000000 0.000000 0.000000
 1165.000000 -0.898004 -0.058756 0.000000 -3.851949 -3.851949 -3.851949 0.000000 0.000000 0.000000 0.000000 0.000000 0.000000 0.000000 0.000000
 1166.000000 -0.503804 -0.483350 0.000000 -2.233285 -2.233285 -2.233285 0.000000 0.000000 0.000000 0.000000 0.000000 0.000000 0.000000 0.000000
 1167.000000 -1.004665 -0.374789 0.000000 -3.523456 -3.523456 -3.523456 0.000000 0.000000 0.000000 0.000000 0.000000 0.000000 0.000000 0.000000
 1168.000000 -1.698599 -0.133825 0.000000 -1.215466 -1.215466 -1.215466 0.000000 0.000000 0.000000 0.000000 0.000000 0.000000 0.000000 0.000000
 1169.000000 -0.993914 -0.624773 0.000000 -2.643564 -2.643564 -2.643564 0.000000 0.000000 0.000000 0.000000 0.000000 0.000000 0.000000 0.000000
 1170.000000 -0.280470 -0.027745 0.000000 -1.664966 -1.664966 -1.664966 0.000000 0.000000 0.000000 0.000000 0.000000 0.000000 0.000000 0.000000
 1171.000000 -0.787351 0.465892 0.000000 -2.730336 -2.730336 -2.730336 0.000000 0.000000 0.000000 0.000000 0.000000 0.000000 0.000000 0.000000
 1172.000000 -0.541928 0.050245 0.000000 -2.587284 -2.587284 -2.587284 0.000000 0.000000 0.000000 0.000000 0.000000 0.000000 0.000000 0.000000
 1173.000000 -0.811773 -0.304727 0.000000 -3.447827 -3.447827 -3.447827 0.000000 0.000000 0.000000 0.000000 0.000000 0.000000 0.000000 0.000000
 1174.000000 -0.749936 -0.428695 0.000000 -3.037024 -3.037024 -3.037024 0.000000 0.000000 0.000000 0.000000 0.000000 0.000000 0.000000 0.000000
 1175.000000 -0.853784 0.000961 0.000000 -3.740793 -3.740793 -3.740793 0.000000 0.000000 0.000000 0.000000 0.000000 0.000000 0.000000 0.000000
 1176.000000 -1.143600 0.027180 0.000000 -3.917507 -3.917507 -3.917507 0.000000 0.000000 0.000000 0.000000 0.000000 0.000000 0.000000 0.000000
 1177.000000 -0.738876 -0.037425 0.000000 -3.423833 -3.423833 -3.423833 0.000000 0.000000 0.000000 0.000000 0.000000 0.000000 0.000000 0.000000
 1178.000000 -0.957171 -0.137603 0.000000 -3.910835 -3.910835 -3.910835 0.000000 0.000000 0.000000 0.000000 0.000000 0.000000 0.000000 0.000000
 1179.000000 -1.025651 -0.226461 0.000000 -3.847620 -3.847620 -3.847620 0.000000 0.000000 0.000000 0.000000 0.000000 0.000000 0.000000 0.000000
 1180.000000 -1.279330 -0.244201 0.000000 -3.421968 -3.421968 -3.421968 0.000000 0.000000 0.000000 0.000000 0.000000 0.000000 0.000000 0.000000
 1181.000000 -0.409336 -0.802167 0.000000 -1.182765 -1.182765 -1.182765 0.000000 0.000000 0.000000 0.000000 0.000000 0.000000 0.000000 0.000000
 1182.000000 -0.629046 -0.763298 0.000000 -1.707943 -1.707943 -1.707943 0.000000 0.000000 0.000000 0.000000 0.000000 0.000000 0.000000 0.000000
 1183.000000 -0.320463 -0.296328 0.000000 -1.889642 -1.889642 -1.889642 0.000000 0.000000 0.000000 0.000000 0.000000 0.000000 0.000000 0.000000
 1184.000000 -0.939735 -0.489972 0.000000 -3.144095 -3.144095 -3.144095 0.000000 0.000000 0.000000 0.000000 0.000000 0.000000 0.000000 0.000000
 1185.000000 -1.037855 -0.154053 0.000000 -3.940612 -3.940612 -3.940612 0.000000 0.000000 0.000000 0.000000 0.000000 0.000000 0.000000 0.000000
 1186.000000 -0.737327 0.066243 0.000000 -3.341964 -3.341964 -3.341964 0.000000 0.000000 0.000000 0.000000 0.000000 0.000000 0.000000 0.000000
 1187.000000 -1.260938 -0.265233 0.000000 -3.437471 -3.437471 -3.437471 0.000000 0.000000 0.000000 0.000000 0.000000 0.000000 0.000000 0.000000
 1188.000000 -1.516046 0.403174 0.000000 -1.968567 -1.968567 -1.968567 0.000000 0.000000 0.000000 0.000000 0.000000 0.000000 0.000000 0.000000
 1189.000000 -1.179533 0.571047 0.000000 -2.657079 -2.657079 -2.657079 0.000000 0.000000 0.000000 0.000000 0.000000 0.000000 0.000000 0.000000
 1190.000000 -1.118778 -0.220472 0.000000 -3.810319 -3.810319 -3.810319 0.000000 0.000000 0.000000 0.000000 0.000000 0.000000 0.000000 0.000000
 1191.000000 -1.193823 -0.106662 0.000000 -3.824267 -3.824267 -3.824267 0.000000 0.000000 0.000000 0.000000 0.000000 0.000000 0.000000 0.000000
 1192.000000 -1.090143 -0.042061 0.000000 -3.982913 -3.982913 -3.982913 0.000000 0.000000 0.000000 0.000000 0.000000 0.000000 0.000000 0.000000
 1193.000000 -1.009700 -0.337406 0.000000 -3.621127 -3.621127 -3.621127 0.000000 0.000000 0.000000 0.000000 0.000000 0.000000 0.000000 0.000000
 1194.000000 -0.611245 0.193967 0.000000 -2.682027 -2.682027 -2.682027 0.000000 0.000000 0.000000 0.000000 0.000000 0.000000 0.000000 0.000000
 1195.000000 -0.824504 0.651191 0.000000 -2.363496 -2.363496 -2.363496 0.000000 0.000000 0.000000 0.000000 0.000000 0.000000 0.000000 0.000000
 1196.000000 -0.727008 0.237476 0.000000 -3.047107 -3.047107 -3.047107 0.000000 0.000000 0.000000 0.000000 0.000000 0.000000 0.000000 0.000000
 1197.000000 -0.996134 0.214872 0.000000 -3.704629 -3.704629 -3.704629 0.000000 0.000000 0.000000 0.000000 0.000000 0.000000 0.000000 0.000000
 1198.000000 -1.088765 -0.072831 0.000000 -3.978457 -3.978457 -3.978457 0.000000 0.000000 0.000000 0.000000 0.000000 0.000000 0.000000 0.000000
 1199.000000 -0.504082 0.307822 0.000000 -2.058831 -2.058831 -2.058831 0.000000 0.000000 0.000000 0.000000 0.000000 0.000000 0.000000 0.000000
 1200.000000 -0.788673 0.015675 0.000000 -3.554399 -3.554399 -3.554399 0.000000 0.000000 0.000000 0.000000 0.000000 0.000000 0.000000 0.000000
 1201.000000 -1.159797 -0.337434 0.000000 -3.504819 -3.504819 -3.504819 0.000000 0.000000 0.000000 0.000000 0.000000 0.000000 0.000000 0.000000
 1202.000000 -0.750083 0.032904 0.000000 -3.417601 -3.417601 -3.417601 0.000000 0.000000 0.000000 0.000000 0.000000 0.000000 0.000000 0.000000
 1203.000000 -1.348132 0.286535 0.000000 -3.024401 -3.024401 -3.024401 0.000000 0.000000 0.000000 0.000000 0.000000 0.000000 0.000000 0.000000
 1204.000000 -1.123018 1.017890 0.000000 -1.431064 -1.431064 -1.431064 0.000000 0.000000 0.000000 0.000000 0.000000 0.000000 0.000000 0.000000
 1205.000000 -1.302263 0.241601 0.000000 -3.279516 -3.279516 -3.279516 0.000000 0.000000 0.000000 0.000000 0.000000 0.000000 0.000000 0.000000
 1206.000000 -1.349994 -0.098636 0.000000 -3.348408 -3.348408 -3.348408 0.000000 0.000000 0.000000 0.000000 0.000000 0.000000 0.000000 0.000000
 1207.000000 -1.474866 0.066406 0.000000 -2.745593 -2.745593 -2.745593 0.000000 0.000000 0.000000 0.000000 0.000000 0.000000 0.000000 0.000000
 1208.000000 -1.312631 0.609161 0.000000 -2.228915 -2.228915 -2.228915 0.000000 0.000000 0.000000 0.000000 0.000000 0.000000 0.000000 0.000000
 1209.000000 -0.794069 0.291278 0.000000 -3.153570 -3.153570 -3.153570 0.000000 0.000000 0.000000 0.000000 0.000000 0.000000 0.000000 0.000000
 1210.000000 -1.004526 -0.076665 0.000000 -3.978616 -3.978616 -3.978616 0.000000 0.000000 0.000000 0.000000 0.000000 0.000000 0.000000 0.000000
 1211.000000 -1.007960 0.341019 0.000000 -3.424593 -3.424593 -3.424593 0.000000 0.000000 0.000000 0.000000 0.000000 0.000000 0.000000 0.000000
 1212.000000 -0.325601 0.634110 0.000000 -1.159715 -1.159715 -1.159715 0.000000 0.000000 0.000000 0.000000 0.000000 0.000000 0.000000 0.000000
 1213.000000 -0.817073 1.491707 0.000000 -1.183324 -1.183324 -1.183324 0.000000 0.000000 0.000000 0.000000 0.000000 0.000000 0.000000 0.000000
 1214.000000 -0.352974 1.772049 0.000000 -1.602131 -1.602131 -1.602131 0.000000 0.000000 0.000000 0.000000 0.000000 0.000000 0.000000 0.000000
 1215.000000 -0.658287 1.497660 0.000000 -1.489893 -1.489893 -1.489893 0.000000 0.000000 0.000000 0.000000 0.000000 0.000000 0.000000 0.000000
 1216.000000 -0.408097 0.775025 0.000000 -1.353439 -1.353439 -1.353439 0.000000 0.000000 0.000000 0.000000 0.000000 0.000000 0.000000 0.000000
 1217.000000 -0.969795 1.090005 0.000000 -1.490818 -1.490818 -1.490818 0.000000 0.000000 0.000000 0.000000 0.000000 0.000000 0.000000 0.000000
 1218.000000 -1.293512 1.194488 0.000000 -0.619918 -0.619918 -0.619918 0.000000 0.000000 0.000000 0.000000 0.000000 0.000000 0.000000 0.000000
 1219.000000 -0.768261 1.992788 0.000000 0.103910 0.103910 0.103910 0.000000 0.000000 0.000000 0.000000 0.000000 0.000000 0.000000 0.000000
 1220.000000 -1.010754 1.580759 0.000000 -0.569307 -0.569307 -0.569307 0.000000 0.000000 0.000000 0.000000 0.000000 0.000000 0.000000 0.000000
 1221.000000 -1.379297 0.899185 0.000000 -1.115837 -1.115837 -1.115837 0.000000 0.000000 0.000000 0.000000 0.000000 0.000000 0.000000 0.000000
 1222.000000 -1.121406 0.782156 0.000000 -2.070699 -2.070699 -2.070699 0.000000 0.000000 0.000000 0.000000 0.000000 0.000000 0.000000 0.000000
 1223.000000 -1.287445 -0.010774 0.000000 -3.603689 -3.603689 -3.603689 0.000000 0.000000 0.000000 0.000000 0.000000 0.000000 0.000000 0.000000
 1224.000000 -1.409485 -0.482617 0.000000 -2.276134 -2.276134 -2.276134 0.000000 0.000000 0.000000 0.000000 0.000000 0.000000 0.000000 0.000000
 1225.000000 -1.421656 -0.471435 0.000000 -2.258046 -2.258046 -2.258046 0.000000 0.000000 0.000000 0.000000 0.000000 0.000000 0.000000 0.000000
 1226.000000 -0.524364 0.496765 0.000000 -1.843953 -1.843953 -1.843953 0.000000 0.000000 0.000000 0.000000 0.000000 0.000000 0.000000 0.000000
 1227.000000 -0.579423 0.118736 0.000000 -2.662020 -2.662020 -2.662020 0.000000 0.000000 0.000000 0.000000 0.000000 0.000000 0.000000 0.000000
 1228.000000 -0.363430 -0.359788 0.000000 -1.981544 -1.981544 -1.981544 0.000000 0.000000 0.000000 0.000000 0.000000 0.000000 0.000000 0.000000
 1229.000000 -0.233646 -0.681799 0.000000 -1.216480 -1.216480 -1.216480 0.000000 0.000000 0.000000 0.000000 0.000000 0.000000 0.000000 0.000000
 1230.000000 -0.787482 -0.894155 0.000000 -1.354254 -1.354254 -1.354254 0.000000 0.000000 0.000000 0.000000 0.000000 0.000000 0.000000 0.000000
 1231.000000 -0.767145 -0.062278 0.000000 -3.522566 -3.522566 -3.522566 0.000000 0.000000 0.000000 0.000000 0.000000 0.000000 0.000000 0.000000
 1232.000000 -0.604270 0.468814 0.000000 -2.162464 -2.162464 -2.162464 0.000000 0.000000 0.000000 0.000000 0.000000 0.000000 0.000000 0.000000
 1233.000000 -0.362168 0.947011 0.000000 -1.406849 -1.406849 -1.406849 0.000000 0.000000 0.000000 0.000000 0.000000 0.000000 0.000000 0.000000
 1234.000000 -0.591462 1.501414 0.000000 -1.606152 -1.606152 -1.606152 0.000000 0.000000 0.000000 0.000000 0.000000 0.000000 0.000000 0.000000
 1235.000000 -0.588497 1.316121 0.000000 -1.675881 -1.675881 -1.675881 0.000000 0.000000 0.000000 0.000000 0.000000 0.000000 0.000000 0.000000
 1236.000000 -0.663177 1.681030 0.000000 -1.202496 -1.202496 -1.202496 0.000000 0.000000 0.000000 0.000000 0.000000 0.000000 0.000000 0.000000
 1237.000000 -0.204560 1.479378 0.000000 -2.087856 -2.087856 -2.087856 0.000000 0.000000 0.000000 0.000000 0.000000 0.000000 0.000000 0.000000
 1238.000000 -0.429319 1.509599 0.000000 -1.855173 -1.855173 -1.855173 0.000000 0.000000 0.000000 0.000000 0.000000 0.000000 0.000000 0.000000
 1239.000000 -0.460092 1.733158 0.000000 -1.512622 -1.512622 -1.512622 0.000000 0.000000 0.000000 0.000000 0.000000 0.000000 0.000000 0.000000
 1240.000000 -0.221940 1.606472 0.000000 -2.046593 -2.046593 -2.046593 0.000000 0.000000 0.000000 0.000000 0.000000 0.000000 0.000000 0.000000
 1241.000000 -0.328469 1.367807 0.000000 -1.930318 -1.930318 -1.930318 0.000000 0.000000 0.000000 0.000000 0.000000 0.000000 0.000000 0.000000
 1242.000000 -0.828712 1.480249 0.000000 -1.175042 -1.175042 -1.175042 0.000000 0.000000 0.000000 0.000000 0.000000 0.000000 0.000000 0.000000
 1243.000000 -0.483101 1.177007 0.000000 -1.687560 -1.687560 -1.687560 0.000000 0.000000 0.000000 0.000000 0.000000 0.000000 0.000000 0.000000
 1244.000000 -0.255774 1.629834 0.000000 -1.991282 -1.991282 -1.991282 0.000000 0.000000 0.000000 0.000000 0.000000 0.000000 0.000000 0.000000
 1245.000000 -0.467496 1.537944 0.000000 -1.783972 -1.783972 -1.783972 0.000000 0.000000 0.000000 0.000000 0.000000 0.000000 0.000000 0.000000
 1246.000000 -0.218922 0.973388 0.000000 -1.327915 -1.327915 -1.327915 0.000000 0.000000 0.000000 0.000000 0.000000 0.000000 0.000000 0.000000
 1247.000000 -0.255528 1.999361 0.000000 -0.870820 -0.870820 -0.870820 0.000000 0.000000 0.000000 0.000000 0.000000 0.000000 0.000000 0.000000
 1248.000000 -0.363469 1.766501 0.000000 -1.599887 -1.599887 -1.599887 0.000000 0.000000 0.000000 0.000000 0.000000 0.000000 0.000000 0.000000
 1249.000000 -0.869079 1.663768 0.000000 -0.746899 -0.746899 -0.746899 0.000000 0.000000 0.000000 0.000000 0.000000 0.000000 0.000000 0.000000
 1250.000000 -0.704012 1.566015 0.000000 -1.316243 -1.316243 -1.316243 0.000000 0.000000 0.000000 0.000000 0.000000 0.000000 0.000000 0.000000
 1251.000000 -0.881351 1.811191 0.000000 -0.312002 -0.312002 -0.312002 0.000000 0.000000 0.000000 0.000000 0.000000 0.000000 0.000000 0.000000
 1252.000000 -0.265166 1.744713 0.000000 -1.790133 -1.790133 -1.790133 0.000000 0.000000 0.000000 0.000000 0.000000 0.000000 0.000000 0.000000
 1253.000000 -0.447779 1.811757 0.000000 -1.325779 -1.325779 -1.325779 0.000000 0.000000 0.000000 0.000000 0.000000 0.000000 0.000000 0.000000
 1254.000000 -0.512169 1.707431 0.000000 -1.468982 -1.468982 -1.468982 0.000000 0.000000 0.000000 0.000000 0.000000 0.000000 0.000000 0.000000
 1255.000000 -0.207033 1.144737 0.000000 -1.647020 -1.647020 -1.647020 0.000000 0.000000 0.000000 0.000000 0.000000 0.000000 0.000000 0.000000
 1256.000000 -1.029602 0.121615 0.000000 -3.878980 -3.878980 -3.878980 0.000000 0.000000 0.000000 0.000000 0.000000 0.000000 0.000000 0.000000
 1257.000000 -1.269498 -0.581751 0.000000 -2.420354 -2.420354 -2.420354 0.000000 0.000000 0.000000 0.000000 0.000000 0.000000 0.000000 0.000000
 1258.000000 -1.223192 -0.396325 0.000000 -3.206605 -3.206605 -3.206605 0.000000 0.000000 0.000000 0.000000 0.000000 0.000000 0.000000 0.000000
 1259.000000 -1.132709 -0.392520 0.000000 -3.392803 -3.392803 -3.392803 0.000000 0.000000 0.000000 0.000000 0.000000 0.000000 0.000000 0.000000
 1260.000000 -1.770594 -0.191276 0.000000 -0.588356 -0.588356 -0.588356 0.000000 0.000000 0.000000 0.000000 0.000000 0.000000 0.000000 0.000000
 1261.000000 -1.196174 -0.000321 0.000000 -3.842301 -3.842301 -3.842301 0.000000 0.000000 0.000000 0.000000 0.000000 0.000000 0.000000 0.000000
 1262.000000 -1.280204 -0.166822 0.000000 -3.539261 -3.539261 -3.539261 0.000000 0.000000 0.000000 0.000000 0.000000 0.000000 0.000000 0.000000
 1263.000000 -1.233104 -0.029221 0.000000 -3.761717 -3.761717 -3.761717 0.000000 0.000000 0.000000 0.000000 0.000000 0.000000 0.000000 0.000000
 1264.000000 -0.838062 -0.607229 0.000000 -2.626132 -2.626132 -2.626132 0.000000 0.000000 0.000000 0.000000 0.000000 0.000000 0.000000 0.000000
 1265.000000 -1.121622 -0.163439 0.000000 -3.885790 -3.885790 -3.885790 0.000000 0.000000 0.000000 0.000000 0.000000 0.000000 0.000000 0.000000
 1266.000000 -1.594151 -0.339659 0.000000 -1.656700 -1.656700 -1.656700 0.000000 0.000000 0.000000 0.000000 0.000000 0.000000 0.000000 0.000000
 1267.000000 -1.213592 0.623221 0.000000 -2.428627 -2.428627 -2.428627 0.000000 0.000000 0.000000 0.000000 0.000000 0.000000 0.000000 0.000000
 1268.000000 -0.724360 0.947037 0.000000 -1.750398 -1.750398 -1.750398 0.000000 0.000000 0.000000 0.000000 0.000000 0.000000 0.000000 0.000000
 1269.000000 -1.054284 0.352975 0.000000 -3.408036 -3.408036 -3.408036 0.000000 0.000000 0.000000 0.000000 0.000000 0.000000 0.000000 0.000000
 1270.000000 -1.303121 0.415914 0.000000 -2.850236 -2.850236 -2.850236 0.000000 0.000000 0.000000 0.000000 0.000000 0.000000 0.000000 0.000000
 1271.000000 -0.950191 0.167130 0.000000 -3.740739 -3.740739 -3.740739 0.000000 0.000000 0.000000 0.000000 0.000000 0.000000 0.000000 0.000000
 1272.000000 -1.085015 -0.063325 0.000000 -3.982995 -3.982995 -3.982995 0.000000 0.000000 0.000000 0.000000 0.000000 0.000000 0.000000 0.000000
 1273.000000 -0.895485 -0.207265 0.000000 -3.759519 -3.759519 -3.759519 0.000000 0.000000 0.000000 0.000000 0.000000 0.000000 0.000000 0.000000
 1274.000000 -0.768030 -0.728530 0.000000 -2.058740 -2.058740 -2.058740 0.000000 0.000000 0.000000 0.000000 0.000000 0.000000 0.000000 0.000000
 1275.000000 -1.114279 0.104822 0.000000 -3.881874 -3.881874 -3.881874 0.000000 0.000000 0.000000 0.000000 0.000000 0.000000 0.000000 0.000000
 1276.000000 -1.370462 0.387721 0.000000 -2.692618 -2.692618 -2.692618 0.000000 0.000000 0.000000 0.000000 0.000000 0.000000 0.000000 0.000000
 1277.000000 -1.158318 -0.188323 0.000000 -3.804990 -3.804990 -3.804990 0.000000 0.000000 0.000000 0.000000 0.000000 0.000000 0.000000 0.000000
 1278.000000 -0.694210 -0.439520 0.000000 -2.871919 -2.871919 -2.871919 0.000000 0.000000 0.000000 0.000000 0.000000 0.000000 0.000000 0.000000
 1279.000000 -0.660984 -0.409434 0.000000 -2.847838 -2.847838 -2.847838 0.000000 0.000000 0.000000 0.000000 0.000000 0.000000 0.000000 0.000000
 1280.000000 -1.297496 -0.059258 0.000000 -3.565034 -3.565034 -3.565034 0.000000 0.000000 0.000000 0.000000 0.000000 0.000000 0.000000 0.000000
 1281.000000 -1.023801 0.153868 0.000000 -3.829833 -3.829833 -3.829833 0.000000 0.000000 0.000000 0.000000 0.000000 0.000000 0.000000 0.000000
 1282.000000 -1.336927 0.087802 0.000000 -3.379271 -3.379271 -3.379271 0.000000 0.000000 0.000000 0.000000 0.000000 0.000000 0.000000 0.000000
 1283.000000 -1.431584 -0.300093 0.000000 -2.682345 -2.682345 -2.682345 0.000000 0.000000 0.000000 0.000000 0.000000 0.000000 0.000000 0.000000
 1284.000000 -1.079469 0.643771 0.000000 -2.532088 -2.532088 -2.532088 0.000000 0.000000 0.000000 0.000000 0.000000 0.000000 0.000000 0.000000
 1285.000000 -0.849517 0.588164 0.000000 -2.558622 -2.558622 -2.558622 0.000000 0.000000 0.000000 0.000000 0.000000 0.000000 0.000000 0.000000
 1286.000000 -1.055501 0.432679 0.000000 -3.185761 -3.185761 -3.185761 0.000000 0.000000 0.000000 0.000000 0.000000 0.000000 0.000000 0.000000
 1287.000000 -1.220511 0.349714 0.000000 -3.245776 -3.245776 -3.245776 0.000000 0.000000 0.000000 0.000000 0.000000 0.000000 0.000000 0.000000
 1288.000000 -0.797340 -0.161582 0.000000 -3.587574 -3.587574 -3.587574 0.000000 0.000000 0.000000 0.000000 0.000000 0.000000 0.000000 0.000000
 1289.000000 -0.950535 -0.077537 0.000000 -3.930971 -3.930971 -3.930971 0.000000 0.000000 0.000000 0.000000 0.000000 0.000000 0.000000 0.000000
 1290.000000 -0.937601 0.107248 0.000000 -3.810312 -3.810312 -3.810312 0.000000 0.000000 0.000000 0.000000 0.000000 0.000000 0.000000 0.000000
 1291.000000 -0.824013 0.332676 0.000000 -3.143440 -3.143440 -3.143440 0.000000 0.000000 0.000000 0.000000 0.000000 0.000000 0.000000 0.000000
 1292.000000 -1.009213 0.233874 0.000000 -3.675861 -3.675861 -3.675861 0.000000 0.000000 0.000000 0.000000 0.000000 0.000000 0.000000 0.000000
 1293.000000 -0.946112 0.391170 0.000000 -3.234419 -3.234419 -3.234419 0.000000 0.000000 0.000000 0.000000 0.000000 0.000000 0.000000 0.000000
 1294.000000 -1.170287 -0.048257 0.000000 -3.892297 -3.892297 -3.892297 0.000000 0.000000 0.000000 0.000000 0.000000 0.000000 0.000000 0.000000
 1295.000000 -0.884209 0.003450 0.000000 -3.807486 -3.807486 -3.807486 0.000000 0.000000 0.000000 0.000000 0.000000 0.000000 0.000000 0.000000
 1296.000000 -1.317519 0.500563 0.000000 -2.555447 -2.555447 -2.555447 0.000000 0.000000 0.000000 0.000000 0.000000 0.000000 0.000000 0.000000
 1297.000000 -0.798598 -0.056266 0.000000 -3.615609 -3.615609 -3.615609 0.000000 0.000000 0.000000 0.000000 0.000000 0.000000 0.000000 0.000000
 1298.000000 -0.954013 0.097102 0.000000 -3.846051 -3.846051 -3.846051 0.000000 0.000000 0.000000 0.000000 0.000000 0.000000 0.000000 0.000000
 1299.000000 -1.001920 0.136438 0.000000 -3.843262 -3.843262 -3.843262 0.000000 0.000000 0.000000 0.000000 0.000000 0.000000 0.000000 0.000000
 1300.000000 -0.699303 0.055785 0.000000 -3.216264 -3.216264 -3.216264 0.000000 0.000000 0.000000 0.000000 0.000000 0.000000 0.000000 0.000000
 1301.000000 -1.319590 0.416798 0.000000 -2.795559 -2.795559 -2.795559 0.000000 0.000000 0.000000 0.000000 0.000000 0.000000 0.000000 0.000000
 1302.000000 -1.162263 0.541226 0.000000 -2.777663 -2.777663 -2.777663 0.000000 0.000000 0.000000 0.000000 0.000000 0.000000 0.000000 0.000000
 1303.000000 -1.074011 0.066483 0.000000 -3.942674 -3.942674 -3.942674 0.000000 0.000000 0.000000 0.000000 0.000000 0.000000 0.000000 0.000000
 1304.000000 -1.334955 -0.093616 0.000000 -3.411829 -3.411829 -3.411829 0.000000 0.000000 0.000000 0.000000 0.000000 0.000000 0.000000 0.000000
 1305.000000 -1.303373 0.566630 0.000000 -2.392167 -2.392167 -2.392167 0.000000 0.000000 0.000000 0.000000 0.000000 0.000000 0.000000 0.000000
 1306.000000 -1.021216 0.402921 0.000000 -3.264681 -3.264681 -3.264681 0.000000 0.000000 0.000000 0.000000 0.000000 0.000000 0.000000 0.000000
 1307.000000 -0.735064 -0.273018 0.000000 -3.300092 -3.300092 -3.300092 0.000000 0.000000 0.000000 0.000000 0.000000 0.000000 0.000000 0.000000
 1308.000000 -1.137416 -0.412251 0.000000 -3.325861 -3.325861 -3.325861 0.000000 0.000000 0.000000 0.000000 0.000000 0.000000 0.000000 0.000000
 1309.000000 -1.449884 -0.361262 0.000000 -2.444401 -2.444401 -2.444401 0.000000 0.000000 0.000000 0.000000 0.000000 0.000000 0.000000 0.000000
 1310.000000 -1.567077 -0.234648 0.000000 -2.030896 -2.030896 -2.030896 0.000000 0.000000 0.000000 0.000000 0.000000 0.000000 0.000000 0.000000
 1311.000000 -1.247214 -0.473583 0.000000 -2.891748 -2.891748 -2.891748 0.000000 0.000000 0.000000 0.000000 0.000000 0.000000 0.000000 0.000000
 1312.000000 -0.757101 -0.232151 0.000000 -3.413842 -3.413842 -3.413842 0.000000 0.000000 0.000000 0.000000 0.000000 0.000000 0.000000 0.000000
 1313.000000 -0.910805 0.472148 0.000000 -2.965760 -2.965760 -2.965760 0.000000 0.000000 0.000000 0.000000 0.000000 0.000000 0.000000 0.000000
 1314.000000 -0.983130 -0.013706 0.000000 -3.961895 -3.961895 -3.961895 0.000000 0.000000 0.000000 0.000000 0.000000 0.000000 0.000000 0.000000
 1315.000000 -0.874949 0.157689 0.000000 -3.619425 -3.619425 -3.619425 0.000000 0.000000 0.000000 0.000000 0.000000 0.000000 0.000000 0.000000
 1316.000000 -1.225352 -0.226031 0.000000 -3.608595 -3.608595 -3.608595 0.000000 0.000000 0.000000 0.000000 0.000000 0.000000 0.000000 0.000000
 1317.000000 -1.220843 -0.145710 0.000000 -3.730507 -3.730507 -3.730507 0.000000 0.000000 0.000000 0.000000 0.000000 0.000000 0.000000 0.000000
 1318.000000 -1.247117 0.171006 0.000000 -3.566172 -3.566172 -3.566172 0.000000 0.000000 0.000000 0.000000 0.000000 0.000000 0.000000 0.000000
 1319.000000 -0.567338 0.074533 0.000000 -2.666952 -2.666952 -2.666952 0.000000 0.000000 0.000000 0.000000 0.000000 0.000000 0.000000 0.000000
 1320.000000 -0.876484 0.245502 0.000000 -3.461230 -3.461230 -3.461230 0.000000 0.000000 0.000000 0.000000 0.000000 0.000000 0.000000 0.000000
 1321.000000 -0.936001 -0.008780 0.000000 -3.904922 -3.904922 -3.904922 0.000000 0.000000 0.000000 0.000000 0.000000 0.000000 0.000000 0.000000
 1322.000000 -1.735061 0.386589 0.000000 -0.579668 -0.579668 -0.579668 0.000000 0.000000 0.000000 0.000000 0.000000 0.000000 0.000000 0.000000
 1323.000000 -1.205292 -0.089600 0.000000 -3.810419 -3.810419 -3.810419 0.000000 0.000000 0.000000 0.000000 0.000000 0.000000 0.000000 0.000000
 1324.000000 -1.160948 0.257255 0.000000 -3.572684 -3.572684 -3.572684 0.000000 0.000000 0.000000 0.000000 0.000000 0.000000 0.000000 0.000000
 1325.000000 -0.999963 -0.364743 0.000000 -3.549701 -3.549701 -3.549701 0.000000 0.000000 0.000000 0.000000 0.000000 0.000000 0.000000 0.000000
 1326.000000 -1.079407 0.120182 0.000000 -3.882196 -3.882196 -3.882196 0.000000 0.000000 0.000000 0.000000 0.000000 0.000000 0.000000 0.000000
 1327.000000 -0.755861 0.626599 0.000000 -2.288670 -2.288670 -2.288670 0.000000 0.000000 0.000000 0.000000 0.000000 0.000000 0.000000 0.000000
 1328.000000 -0.746310 0.037901 0.000000 -3.400526 -3.400526 -3.400526 0.000000 0.000000 0.000000 0.000000 0.000000 0.000000 0.000000 0.000000
 1329.000000 -1.097100 0.140955 0.000000 -3.846123 -3.846123 -3.846123 0.000000 0.000000 0.000000 0.000000 0.000000 0.000000 0.000000 0.000000
 1330.000000 -0.672817 0.229686 0.000000 -2.864040 -2.864040 -2.864040 0.000000 0.000000 0.000000 0.000000 0.000000 0.000000 0.000000 0.000000
 1331.000000 -1.029516 0.239234 0.000000 -3.675035 -3.675035 -3.675035 0.000000 0.000000 0.000000 0.000000 0.000000 0.000000 0.000000 0.000000
 1332.000000 -0.946020 -0.275826 0.000000 -3.719837 -3.719837 -3.719837 0.000000 0.000000 0.000000 0.000000 0.000000 0.000000 0.000000 0.000000
 1333.000000 -1.596769 0.097590 0.000000 -1.972081 -1.972081 -1.972081 0.000000 0.000000 0.000000 0.000000 0.000000 0.000000 0.000000 0.000000
 1334.000000 -1.311919 0.000553 0.000000 -3.518483 -3.518483 -3.518483 0.000000 0.000000 0.000000 0.000000 0.000000 0.000000 0.000000 0.000000
 1335.000000 -1.300275 0.488926 0.000000 -2.643700 -2.643700 -2.643700 0.000000 0.000000 0.000000 0.000000 0.000000 0.000000 0.000000 0.000000
 1336.000000 -0.358189 0.806384 0.000000 -1.276922 -1.276922 -1.276922 0.000000 0.000000 0.000000 0.000000 0.000000 0.000000 0.000000 0.000000
 1337.000000 -0.691349 0.907991 0.000000 -1.760244 -1.760244 -1.760244 0.000000 0.000000 0.000000 0.000000 0.000000 0.000000 0.000000 0.000000
 1338.000000 -0.892632 1.094302 0.000000 -1.557085 -1.557085 -1.557085 0.000000 0.000000 0.000000 0.000000 0.000000 0.000000 0.000000 0.000000
 1339.000000 -0.605108 1.289404 0.000000 -1.659837 -1.659837 -1.659837 0.000000 0.000000 0.000000 0.000000 0.000000 0.000000 0.000000 0.000000
 1340.000000 -0.181234 0.972283 0.000000 -1.304016 -1.304016 -1.304016 0.000000 0.000000 0.000000 0.000000 0.000000 0.000000 0.352157 1408.629927
 1341.000000 -0.657575 1.275767 0.000000 -1.611166 -1.611166 -1.611166 0.000000 0.000000 0.000000 0.000000 0.000000 0.000000 0.000000 0.000000
 1342.000000 -0.597666 1.126494 0.000000 -1.649178 -1.649178 -1.649178 0.000000 0.000000 0.000000 0.000000 0.000000 0.000000 0.000000 0.000000
 1343.000000 -0.835802 1.220207 0.000000 -1.458400 -1.458400 -1.458400 0.000000 0.000000 0.000000 0.000000 0.000000 0.000000 0.000000 0.000000
 1344.000000 -1.165731 0.205254 0.000000 -3.671294 -3.671294 -3.671294 0.000000 0.000000 0.000000 0.000000 0.000000 0.000000 0.000000 0.000000
 1345.000000 -1.466055 0.451181 0.000000 -2.103011 -2.103011 -2.103011 0.000000 0.000000 0.000000 0.000000 0.000000 0.000000 0.000000 0.000000
 1346.000000 -1.212138 -0.078852 0.000000 -3.800435 -3.800435 -3.800435 0.000000 0.000000 0.000000 0.000000 0.000000 0.000000 0.000000 0.000000
 1347.000000 -0.960584 0.009168 0.000000 -3.929421 -3.929421 -3.929421 0.000000 0.000000 0.000000 0.000000 0.000000 0.000000 0.000000 0.000000
 1348.000000 -0.907040 -0.652709 0.000000 -2.506644 -2.506644 -2.506644 0.000000 0.000000 0.000000 0.000000 0.000000 0.000000 0.000000 0.000000
 1349.000000 -1.037885 -0.798310 0.000000 -1.839752 -1.839752 -1.839752 0.000000 0.000000 0.000000 0.000000 0.000000 0.000000 0.000000 0.000000
 1350.000000 -1.055041 -0.716129 0.000000 -2.214105 -2.214105 -2.214105 0.000000 0.000000 0.000000 0.000000 0.000000 0.000000 0.000000 0.000000
 1351.000000 -0.916031 -0.363022 0.000000 -3.498404 -3.498404 -3.498404 0.000000 0.000000 0.000000 0.000000 0.000000 0.000000 0.000000 0.000000
 1352.000000 -0.975813 0.058607 0.000000 -3.911643 -3.911643 -3.911643 0.000000 0.000000 0.000000 0.000000 0.000000 0.000000 0.000000 0.000000
 1353.000000 -0.768796 -0.044825 0.000000 -3.523611 -3.523611 -3.523611 0.000000 0.000000 0.000000 0.000000 0.000000 0.000000 0.000000 0.000000
 1354.000000 -1.286063 -0.363548 0.000000 -3.122204 -3.122204 -3.122204 0.000000 0.000000 0.000000 0.000000 0.000000 0.000000 0.000000 0.000000
 1355.000000 -0.619136 -0.611865 0.000000 -2.209727 -2.209727 -2.209727 0.000000 0.000000 0.000000 0.000000 0.000000 0.000000 0.000000 0.000000
 1356.000000 -1.560406 -0.973042 0.000000 0.395869 0.395869 0.395869 0.000000 0.000000 0.000000 0.000000 0.000000 0.000000 0.000000 0.000000
 1357.000000 -1.336752 -0.789401 0.000000 -1.307569 -1.307569 -1.307569 0.000000 0.000000 0.000000 0.000000 0.000000 0.000000 0.000000 0.000000
 1358.000000 -1.247935 -0.229044 0.000000 -3.543507 -3.543507 -3.543507 0.000000 0.000000 0.000000 0.000000 0.000000 0.000000 0.000000 0.000000
 1359.000000 -1.028174 -0.095754 0.000000 -3.980760 -3.980760 -3.980760 0.000000 0.000000 0.000000 0.000000 0.000000 0.000000 0.000000 0.000000
 1360.000000 -1.513116 0.276050 0.000000 -2.261655 -2.261655 -2.261655 0.000000 0.000000 0.000000 0.000000 0.000000 0.000000 0.000000 0.000000
 1361.000000 -0.859630 0.565205 0.000000 -2.634495 -2.634495 -2.634495 0.000000 0.000000 0.000000 0.000000 0.000000 0.000000 0.000000 0.000000
 1362.000000 -1.801356 0.262819 0.000000 -0.251076 -0.251076 -0.251076 0.000000 0.000000 0.000000 0.000000 0.000000 0.000000 0.000000 0.000000
 1363.000000 -1.020275 0.263945 0.000000 -3.617436 -3.617436 -3.617436 0.000000 0.000000 0.000000 0.000000 0.000000 0.000000 0.000000 0.000000
 1364.000000 -1.042587 0.064893 0.000000 -3.945802 -3.945802 -3.945802 0.000000 0.000000 0.000000 0.000000 0.000000 0.000000 0.000000 0.000000
 1365.000000 -1.252865 -0.167964 0.000000 -3.620753 -3.620753 -3.620753 0.000000 0.000000 0.000000 0.000000 0.000000 0.000000 0.000000 0.000000
 1366.000000 -0.847415 0.550032 0.000000 -2.652395 -2.652395 -2.652395 0.000000 0.000000 0.000000 0.000000 0.000000 0.000000 0.000000 0.000000
 1367.000000 -0.957375 1.388068 0.000000 -1.042734 -1.042734 -1.042734 0.000000 0.000000 0.000000 0.000000 0.000000 0.000000 0.000000 0.000000
 1368.000000 -0.263806 1.392854 0.000000 -1.995841 -1.995841 -1.995841 0.000000 0.000000 0.000000 0.000000 0.000000 0.000000 0.000000 0.000000
 1369.000000 -0.507890 1.986053 0.000000 -0.522611 -0.522611 -0.522611 0.000000 0.000000 0.000000 0.000000 0.000000 0.000000 0.000000 0.000000
 1370.000000 -0.979782 1.608137 0.000000 -0.589986 -0.589986 -0.589986 0.000000 0.000000 0.000000 0.000000 0.000000 0.000000 0.000000 0.000000
 1371.000000 -0.613830 1.474884 0.000000 -1.587866 -1.587866 -1.587866 0.000000 0.000000 0.000000 0.000000 0.000000 0.000000 0.000000 0.000000
 1372.000000 -0.459509 1.787829 0.000000 -1.373724 -1.373724 -1.373724 0.000000 0.000000 0.000000 0.000000 0.000000 0.000000 0.000000 0.000000
 1373.000000 -0.947393 0.920988 0.000000 -1.833800 -1.833800 -1.833800 0.000000 0.000000 0.000000 0.000000 0.000000 0.000000 0.000000 0.000000
 1374.000000 -1.305662 0.857696 0.000000 -1.466845 -1.466845 -1.466845 0.000000 0.000000 0.000000 0.000000 0.000000 0.000000 0.000000 0.000000
 1375.000000 -0.812339 0.670729 0.000000 -2.299199 -2.299199 -2.299199 0.000000 0.000000 0.000000 0.000000 0.000000 0.000000 0.000000 0.000000
 1376.000000 -1.583939 1.388264 0.000000 0.842532 0.842532 0.842532 0.000000 0.000000 0.000000 0.000000 0.000000 0.000000 0.000000 0.000000
 1377.000000 -1.174926 1.146906 0.000000 -1.031127 -1.031127 -1.031127 0.000000 0.000000 0.000000 0.000000 0.000000 0.000000 0.000000 0.000000
 1378.000000 -0.983051 1.427148 0.000000 -0.924507 -0.924507 -0.924507 0.000000 0.000000 0.000000 0.000000 0.000000 0.000000 0.000000 0.000000
 1379.000000 -0.715293 1.163952 0.000000 -1.604787 -1.604787 -1.604787 0.000000 0.000000 0.000000 0.000000 0.000000 0.000000 0.000000 0.000000
 1380.000000 -0.987097 1.061077 0.000000 -1.524794 -1.524794 -1.524794 0.000000 0.000000 0.000000 0.000000 0.000000 0.000000 0.000000 0.000000
 1381.000000 -0.665882 0.717195 0.000000 -1.936280 -1.936280 -1.936280 0.000000 0.000000 0.000000 0.000000 0.000000 0.000000 0.000000 0.000000
 1382.000000 -0.348404 1.376856 0.000000 -1.921742 -1.921742 -1.921742 0.000000 0.000000 0.000000 0.000000 0.000000 0.000000 0.000000 0.000000
 1383.000000 -0.566713 1.705237 0.000000 -1.361947 -1.361947 -1.361947 0.000000 0.000000 0.000000 0.000000 0.000000 0.000000 0.000000 0.000000
 1384.000000 -0.510064 1.696631 0.000000 -1.495587 -1.495587 -1.495587 0.000000 0.000000 0.000000 0.000000 0.000000 0.000000 0.000000 0.000000
 1385.000000 -0.355775 1.666450 0.000000 -1.816349 -1.816349 -1.816349 0.000000 0.000000 0.000000 0.000000 0.000000 0.000000 0.000000 0.000000
 1386.000000 -0.579442 1.802937 0.000000 -1.080477 -1.080477 -1.080477 0.000000 0.000000 0.000000 0.000000 0.000000 0.000000 0.000000 0.000000
 1387.000000 -0.681767 1.554229 0.000000 -1.378931 -1.378931 -1.378931 0.000000 0.000000 0.000000 0.000000 0.000000 0.000000 0.000000 0.000000
 1388.000000 -0.298162 1.078254 0.000000 -1.547615 -1.547615 -1.547615 0.000000 0.000000 0.000000 0.000000 0.000000 0.000000 0.000000 0.000000
 1389.000000 -0.392884 1.705407 0.000000 -1.690074 -1.690074 -1.690074 0.000000 0.000000 0.000000 0.000000 0.000000 0.000000 0.000000 0.000000
 1390.000000 -0.239720 1.290779 0.000000 -1.891291 -1.891291 -1.891291 0.000000 0.000000 0.000000 0.000000 0.000000 0.000000 0.000000 0.000000
 1391.000000 -0.523087 1.004774 0.000000 -1.593325 -1.593325 -1.593325 0.000000 0.000000 0.000000 0.000000 0.000000 0.000000 0.000000 0.000000
 1392.000000 -0.680034 0.716939 0.000000 -1.966053 -1.966053 -1.966053 0.000000 0.000000 0.000000 0.000000 0.000000 0.000000 0.000000 0.000000
 1393.000000 -0.314238 1.515723 0.000000 -1.995682 -1.995682 -1.995682 0.000000 0.000000 0.000000 0.000000 0.000000 0.000000 0.000000 0.000000
 1394.000000 -0.381533 1.051805 0.000000 -1.545238 -1.545238 -1.545238 0.000000 0.000000 0.000000 0.000000 0.000000 0.000000 0.000000 0.000000
 1395.000000 -0.209603 0.423417 0.000000 -0.968983 -0.968983 -0.968983 0.000000 0.000000 0.000000 0.000000 0.000000 0.000000 0.000000 0.000000
 1396.000000 -0.180134 0.488641 0.000000 -0.878573 -0.878573 -0.878573 0.000000 0.000000 0.000000 0.000000 0.000000 0.000000 0.394656 1578.622773
 1397.000000 -0.579491 0.343916 0.000000 -2.294959 -2.294959 -2.294959 0.000000 0.000000 0.000000 0.000000 0.000000 0.000000 0.000000 0.000000
 1398.000000 -0.603129 0.459318 0.000000 -2.175334 -2.175334 -2.175334 0.000000 0.000000 0.000000 0.000000 0.000000 0.000000 0.000000 0.000000
 1399.000000 -0.793480 -0.521837 0.000000 -2.859526 -2.859526 -2.859526 0.000000 0.000000 0.000000 0.000000 0.000000 0.000000 0.000000 0.000000
 1400.000000 -0.831246 -0.251230 0.000000 -3.577487 -3.577487 -3.577487 0.000000 0.000000 0.000000 0.000000 0.000000 0.000000 0.000000 0.000000
 1401.000000 -0.910569 0.104410 0.000000 -3.768473 -3.768473 -3.768473 0.000000 0.000000 0.000000 0.000000 0.000000 0.000000 0.000000 0.000000
 1402.000000 -0.624847 0.107808 0.000000 -2.864143 -2.864143 -2.864143 0.000000 0.000000 0.000000 0.000000 0.000000 0.000000 0.000000 0.000000
 1403.000000 -1.154461 1.100348 0.000000 -1.179400 -1.179400 -1.179400 0.000000 0.000000 0.000000 0.000000 0.000000 0.000000 0.000000 0.000000
 1404.000000 -0.612969 1.320884 0.000000 -1.649471 -1.649471 -1.649471 0.000000 0.000000 0.000000 0.000000 0.000000 0.000000 0.000000 0.000000
 1405.000000 -0.580123 0.897871 0.000000 -1.641406 -1.641406 -1.641406 0.000000 0.000000 0.000000 0.000000 0.000000 0.000000 0.000000 0.000000
 1406.000000 -0.291896 0.564187 0.000000 -1.091136 -1.091136 -1.091136 0.000000 0.000000 0.000000 0.000000 0.000000 0.000000 0.000000 0.000000
 1407.000000 -0.625956 -0.006558 0.000000 -2.986144 -2.986144 -2.986144 0.000000 0.000000 0.000000 0.000000 0.000000 0.000000 0.000000 0.000000
 1408.000000 -1.220554 -0.045392 0.000000 -3.790990 -3.790990 -3.790990 0.000000 0.000000 0.000000 0.000000 0.000000 0.000000 0.000000 0.000000
 1409.000000 -1.321272 -0.120550 0.000000 -3.444496 -3.444496 -3.444496 0.000000 0.000000 0.000000 0.000000 0.000000 0.000000 0.000000 0.000000
 1410.000000 -1.502747 -0.005620 0.000000 -2.609683 -2.609683 -2.609683 0.000000 0.000000 0.000000 0.000000 0.000000 0.000000 0.000000 0.000000
 1411.000000 -1.072031 0.390818 0.000000 -3.303206 -3.303206 -3.303206 0.000000 0.000000 0.000000 0.000000 0.000000 0.000000 0.000000 0.000000
 1412.000000 -0.762166 0.827888 0.000000 -1.930683 -1.930683 -1.930683 0.000000 0.000000 0.000000 0.000000 0.000000 0.000000 0.000000 0.000000
 1413.000000 -1.015546 0.737075 0.000000 -2.277458 -2.277458 -2.277458 0.000000 0.000000 0.000000 0.000000 0.000000 0.000000 0.000000 0.000000
 1414.000000 -0.673197 0.326939 0.000000 -2.680362 -2.680362 -2.680362 0.000000 0.000000 0.000000 0.000000 0.000000 0.000000 0.000000 0.000000
 1415.000000 -0.545870 0.043966 0.000000 -2.610516 -2.610516 -2.610516 0.000000 0.000000 0.000000 0.000000 0.000000 0.000000 0.000000 0.000000
 1416.000000 -1.177151 0.337230 0.000000 -3.357336 -3.357336 -3.357336 0.000000 0.000000 0.000000 0.000000 0.000000 0.000000 0.000000 0.000000
 1417.000000 -0.844735 0.410319 0.000000 -3.005551 -3.005551 -3.005551 0.000000 0.000000 0.000000 0.000000 0.000000 0.000000 0.000000 0.000000
 1418.000000 -1.055607 0.627655 0.000000 -2.592696 -2.592696 -2.592696 0.000000 0.000000 0.000000 0.000000 0.000000 0.000000 0.000000 0.000000
 1419.000000 -0.875359 0.411581 0.000000 -3.066483 -3.066483 -3.066483 0.000000 0.000000 0.000000 0.000000 0.000000 0.000000 0.000000 0.000000
 1420.000000 -1.396594 0.059301 0.000000 -3.147712 -3.147712 -3.147712 0.000000 0.000000 0.000000 0.000000 0.000000 0.000000 0.000000 0.000000
 1421.000000 -1.092834 0.134623 0.000000 -3.857331 -3.857331 -3.857331 0.000000 0.000000 0.000000 0.000000 0.000000 0.000000 0.000000 0.000000
 1422.000000 -1.182383 -0.417376 0.000000 -3.232396 -3.232396 -3.232396 0.000000 0.000000 0.000000 0.000000 0.000000 0.000000 0.000000 0.000000
 1423.000000 -0.838519 -0.580885 0.000000 -2.724721 -2.724721 -2.724721 0.000000 0.000000 0.000000 0.000000 0.000000 0.000000 0.000000 0.000000
 1424.000000 -0.755085 -0.386686 0.000000 -3.148903 -3.148903 -3.148903 0.000000 0.000000 0.000000 0.000000 0.000000 0.000000 0.000000 0.000000
 1425.000000 -1.293720 -0.243664 0.000000 -3.375661 -3.375661 -3.375661 0.000000 0.000000 0.000000 0.000000 0.000000 0.000000 0.000000 0.000000
 1426.000000 -1.009633 0.033755 0.000000 -3.958095 -3.958095 -3.958095 0.000000 0.000000 0.000000 0.000000 0.000000 0.000000 0.000000 0.000000
 1427.000000 -1.099768 -0.506400 0.000000 -3.051516 -3.051516 -3.051516 0.000000 0.000000 0.000000 0.000000 0.000000 0.000000 0.000000 0.000000
 1428.000000 -1.339554 -0.094718 0.000000 -3.393037 -3.393037 -3.393037 0.000000 0.000000 0.000000 0.000000 0.000000 0.000000 0.000000 0.000000
 1429.000000 -1.327674 -0.057903 0.000000 -3.456537 -3.456537 -3.456537 0.000000 0.000000 0.000000 0.000000 0.000000 0.000000 0.000000 0.000000
 1430.000000 -1.003308 -0.163875 0.000000 -3.922767 -3.922767 -3.922767 0.000000 0.000000 0.000000 0.000000 0.000000 0.000000 0.000000 0.000000
 1431.000000 -1.071373 -0.723006 0.000000 -2.168740 -2.168740 -2.168740 0.000000 0.000000 0.000000 0.000000 0.000000 0.000000 0.000000 0.000000
 1432.000000 -1.240453 -0.080892 0.000000 -3.729675 -3.729675 -3.729675 0.000000 0.000000 0.000000 0.000000 0.000000 0.000000 0.000000 0.000000
 1433.000000 -1.070547 -0.098887 0.000000 -3.976222 -3.976222 -3.976222 0.000000 0.000000 0.000000 0.000000 0.000000 0.000000 0.000000 0.000000
 1434.000000 -0.581083 0.411017 0.000000 -2.181902 -2.181902 -2.181902 0.000000 0.000000 0.000000 0.000000 0.000000 0.000000 0.000000 0.000000
 1435.000000 -1.128732 -0.126167 0.000000 -3.913916 -3.913916 -3.913916 0.000000 0.000000 0.000000 0.000000 0.000000 0.000000 0.000000 0.000000
 1436.000000 -0.846425 0.556074 0.000000 -2.635104 -2.635104 -2.635104 0.000000 0.000000 0.000000 0.000000 0.000000 0.000000 0.000000 0.000000
 1437.000000 -0.502587 0.275826 0.000000 -2.103999 -2.103999 -2.103999 0.000000 0.000000 0.000000 0.000000 0.000000 0.000000 0.000000 0.000000
 1438.000000 -0.373883 0.154182 0.000000 -1.772953 -1.772953 -1.772953 0.000000 0.000000 0.000000 0.000000 0.000000 0.000000 0.000000 0.000000
 1439.000000 -0.549567 -0.143579 0.000000 -2.730743 -2.730743 -2.730743 0.000000 0.000000 0.000000 0.000000 0.000000 0.000000 0.000000 0.000000
 1440.000000 -1.146191 -0.582488 0.000000 -2.692299 -2.692299 -2.692299 0.000000 0.000000 0.000000 0.000000 0.000000 0.000000 0.000000 0.000000
 1441.000000 -0.984011 -0.512844 0.000000 -3.080803 -3.080803 -3.080803 0.000000 0.000000 0.000000 0.000000 0.000000 0.000000 0.000000 0.000000
 1442.000000 -0.955870 -0.467096 0.000000 -3.229411 -3.229411 -3.229411 0.000000 0.000000 0.000000 0.000000 0.000000 0.000000 0.000000 0.000000
 1443.000000 -0.673481 -0.496036 0.000000 -2.675537 -2.675537 -2.675537 0.000000 0.000000 0.000000 0.000000 0.000000 0.000000 0.000000 0.000000
 1444.000000 -0.515972 -1.005097 0.000000 -0.585854 -0.585854 -0.585854 0.025976 103.903765 0.000000 0.000000 0.000000 0.000000 0.000000 0.000000
 1445.000000 -0.710655 -0.517549 0.000000 -2.704650 -2.704650 -2.704650 0.000000 0.000000 0.000000 0.000000 0.000000 0.000000 0.000000 0.000000
 1446.000000 -1.297467 -0.369159 0.000000 -3.068946 -3.068946 -3.068946 0.000000 0.000000 0.000000 0.000000 0.000000 0.000000 0.000000 0.000000
 1447.000000 -1.122967 -0.546193 0.000000 -2.871971 -2.871971 -2.871971 0.000000 0.000000 0.000000 0.000000 0.000000 0.000000 0.000000 0.000000
 1448.000000 -0.808056 -0.333632 0.000000 -3.384574 -3.384574 -3.384574 0.000000 0.000000 0.000000 0.000000 0.000000 0.000000 0.000000 0.000000
 1449.000000 -1.209684 -0.106202 0.000000 -3.790546 -3.790546 -3.790546 0.000000 0.000000 0.000000 0.000000 0.000000 0.000000 0.000000 0.000000
 1450.000000 -1.371919 0.016168 0.000000 -3.277325 -3.277325 -3.277325 0.000000 0.000000 0.000000 0.000000 0.000000 0.000000 0.000000 0.000000
 1451.000000 -1.276042 0.484223 0.000000 -2.726579 -2.726579 -2.726579 0.000000 0.000000 0.000000 0.000000 0.000000 0.000000 0.000000 0.000000
 1452.000000 -1.456403 0.039916 0.000000 -2.859477 -2.859477 -2.859477 0.000000 0.000000 0.000000 0.000000 0.000000 0.000000 0.000000 0.000000
 1453.000000 -1.226799 0.334203 0.000000 -3.272583 -3.272583 -3.272583 0.000000 0.000000 0.000000 0.000000 0.000000 0.000000 0.000000 0.000000
 1454.000000 -0.876269 0.530073 0.000000 -2.754654 -2.754654 -2.754654 0.000000 0.000000 0.000000 0.000000 0.000000 0.000000 0.000000 0.000000
 1455.000000 -1.179574 0.802706 0.000000 -1.922643 -1.922643 -1.922643 0.000000 0.000000 0.000000 0.000000 0.000000 0.000000 0.000000 0.000000
 1456.000000 -1.119388 0.340781 0.000000 -3.415492 -3.415492 -3.415492 0.000000 0.000000 0.000000 0.000000 0.000000 0.000000 0.000000 0.000000
 1457.000000 -1.284670 0.302828 0.000000 -3.200955 -3.200955 -3.200955 0.000000 0.000000 0.000000 0.000000 0.000000 0.000000 0.000000 0.000000
 1458.000000 -1.154877 0.278424 0.000000 -3.533096 -3.533096 -3.533096 0.000000 0.000000 0.000000 0.000000 0.000000 0.000000 0.000000 0.000000
 1459.000000 -1.447030 -0.222239 0.000000 -2.751991 -2.751991 -2.751991 0.000000 0.000000 0.000000 0.000000 0.000000 0.000000 0.000000 0.000000
 1460.000000 -1.231934 0.166285 0.000000 -3.611154 -3.611154 -3.611154 0.000000 0.000000 0.000000 0.000000 0.000000 0.000000 0.000000 0.000000
 1461.000000 -1.252447 0.236926 0.000000 -3.434383 -3.434383 -3.434383 0.000000 0.000000 0.000000 0.000000 0.000000 0.000000 0.000000 0.000000
 1462.000000 -1.075899 -0.008272 0.000000 -3.985534 -3.985534 -3.985534 0.000000 0.000000 0.000000 0.000000 0.000000 0.000000 0.000000 0.000000
 1463.000000 -0.638837 0.426438 0.000000 -2.360612 -2.360612 -2.360612 0.000000 0.000000 0.000000 0.000000 0.000000 0.000000 0.000000 0.000000
 1464.000000 -0.771269 0.308213 0.000000 -3.049198 -3.049198 -3.049198 0.000000 0.000000 0.000000 0.000000 0.000000 0.000000 0.000000 0.000000
 1465.000000 -1.204988 0.635026 0.000000 -2.406828 -2.406828 -2.406828 0.000000 0.000000 0.000000 0.000000 0.000000 0.000000 0.000000 0.000000
 1466.000000 -1.262375 0.704029 0.000000 -2.059774 -2.059774 -2.059774 0.000000 0.000000 0.000000 0.000000 0.000000 0.000000 0.000000 0.000000
 1467.000000 -1.273953 0.515540 0.000000 -2.635355 -2.635355 -2.635355 0.000000 0.000000 0.000000 0.000000 0.000000 0.000000 0.000000 0.000000
 1468.000000 -0.693560 0.333820 0.000000 -2.739025 -2.739025 -2.739025 0.000000 0.000000 0.000000 0.000000 0.000000 0.000000 0.000000 0.000000
 1469.000000 -0.898830 0.258695 0.000000 -3.479494 -3.479494 -3.479494 0.000000 0.000000 0.000000 0.000000 0.000000 0.000000 0.000000 0.000000
 1470.000000 -0.930404 0.235801 0.000000 -3.583268 -3.583268 -3.583268 0.000000 0.000000 0.000000 0.000000 0.000000 0.000000 0.000000 0.000000
 1471.000000 -0.836707 0.152904 0.000000 -3.533795 -3.533795 -3.533795 0.000000 0.000000 0.000000 0.000000 0.000000 0.000000 0.000000 0.000000
 1472.000000 -0.985554 0.037870 0.000000 -3.937640 -3.937640 -3.937640 0.000000 0.000000 0.000000 0.000000 0.000000 0.000000 0.000000 0.000000
 1473.000000 -1.501135 0.476533 0.000000 -1.859143 -1.859143 -1.859143 0.000000 0.000000 0.000000 0.000000 0.000000 0.000000 0.000000 0.000000
 1474.000000 -1.263037 0.978258 0.000000 -1.237145 -1.237145 -1.237145 0.000000 0.000000 0.000000 0.000000 0.000000 0.000000 0.000000 0.000000
 1475.000000 -0.203963 0.776515 0.000000 -1.024161 -1.024161 -1.024161 0.000000 0.000000 0.000000 0.000000 0.000000 0.000000 0.000000 0.000000
 1476.000000 -0.822801 1.245765 0.000000 -1.448240 -1.448240 -1.448240 0.000000 0.000000 0.000000 0.000000 0.000000 0.000000 0.000000 0.000000
 1477.000000 -0.492228 0.669686 0.000000 -1.566234 -1.566234 -1.566234 0.000000 0.000000 0.000000 0.000000 0.000000 0.000000 0.000000 0.000000
 1478.000000 -1.074933 0.832285 0.000000 -1.975855 -1.975855 -1.975855 0.000000 0.000000 0.000000 0.000000 0.000000 0.000000 0.000000 0.000000
 1479.000000 -0.564395 0.509070 0.000000 -1.960961 -1.960961 -1.960961 0.000000 0.000000 0.000000 0.000000 0.000000 0.000000 0.000000 0.000000
 1480.000000 -0.887828 0.289670 0.000000 -3.389524 -3.389524 -3.389524 0.000000 0.000000 0.000000 0.000000 0.000000 0.000000 0.000000 0.000000
 1481.000000 -0.387989 0.743138 0.000000 -1.306204 -1.306204 -1.306204 0.000000 0.000000 0.000000 0.000000 0.000000 0.000000 0.000000 0.000000
 1482.000000 -0.619522 0.318060 0.000000 -2.496749 -2.496749 -2.496749 0.000000 0.000000 0.000000 0.000000 0.000000 0.000000 0.000000 0.000000
 1483.000000 -1.309940 -0.026394 0.000000 -3.527473 -3.527473 -3.527473 0.000000 0.000000 0.000000 0.000000 0.000000 0.000000 0.000000 0.000000
 1484.000000 -1.735697 0.200117 0.000000 -0.855574 -0.855574 -0.855574 0.000000 0.000000 0.000000 0.000000 0.000000 0.000000 0.000000 0.000000
 1485.000000 -1.428252 0.632167 0.000000 -1.743386 -1.743386 -1.743386 0.000000 0.000000 0.000000 0.000000 0.000000 0.000000 0.000000 0.000000
 1486.000000 -0.708514 -0.081444 0.000000 -3.330741 -3.330741 -3.330741 0.000000 0.000000 0.000000 0.000000 0.000000 0.000000 0.000000 0.000000
 1487.000000 -1.387737 -0.147478 0.000000 -3.142681 -3.142681 -3.142681 0.000000 0.000000 0.000000 0.000000 0.000000 0.000000 0.000000 0.000000
 1488.000000 -0.880600 -0.362556 0.000000 -3.453816 -3.453816 -3.453816 0.000000 0.000000 0.000000 0.000000 0.000000 0.000000 0.000000 0.000000
 1489.000000 -0.757947 -0.719485 0.000000 -2.082002 -2.082002 -2.082002 0.000000 0.000000 0.000000 0.000000 0.000000 0.000000 0.000000 0.000000
 1490.000000 -0.880061 0.125208 0.000000 -3.679461 -3.679461 -3.679461 0.000000 0.000000 0.000000 0.000000 0.000000 0.000000 0.000000 0.000000
 1491.000000 -1.176675 -0.290621 0.000000 -3.587623 -3.587623 -3.587623 0.000000 0.000000 0.000000 0.000000 0.000000 0.000000 0.000000 0.000000
 1492.000000 -0.414038 0.500670 0.000000 -1.472761 -1.472761 -1.472761 0.000000 0.000000 0.000000 0.000000 0.000000 0.000000 0.000000 0.000000
 1493.000000 -0.335453 0.353673 0.000000 -1.374445 -1.374445 -1.374445 0.000000 0.000000 0.000000 0.000000 0.000000 0.000000 0.000000 0.000000
 1494.000000 -0.545798 0.268866 0.000000 -2.290668 -2.290668 -2.290668 0.000000 0.000000 0.000000 0.000000 0.000000 0.000000 0.000000 0.000000
 1495.000000 -1.242595 -0.040755 0.000000 -3.736153 -3.736153 -3.736153 0.000000 0.000000 0.000000 0.000000 0.000000 0.000000 0.000000 0.000000
 1496.000000 -1.184912 -0.020161 0.000000 -3.867357 -3.867357 -3.867357 0.000000 0.000000 0.000000 0.000000 0.000000 0.000000 0.000000 0.000000
 1497.000000 -1.808346 -0.222690 0.000000 -0.238917 -0.238917 -0.238917 0.000000 0.000000 0.000000 0.000000 0.000000 0.000000 0.000000 0.000000
 1498.000000 -1.713240 -0.963354 0.000000 1.128255 1.128255 1.128255 0.000000 0.000000 0.000000 0.000000 0.000000 0.000000 0.000000 0.000000
 1499.000000 -1.536663 -0.485925 0.000000 -1.619574 -1.619574 -1.619574 0.000000 0.000000 0.000000 0.000000 0.000000 0.000000 0.000000 0.000000
 1500.000000 -1.692430 -0.061194 0.000000 -1.304083 -1.304083 -1.304083 0.000000 0.000000 0.000000 0.000000 0.000000 0.000000 0.000000 0.000000
 1501.000000 -1.242998 -0.515645 0.000000 -2.750794 -2.750794 -2.750794 0.000000 0.000000 0.000000 0.000000 0.000000 0.000000 0.000000 0.000000
 1502.000000 -1.691391 0.399965 0.000000 -0.871552 -0.871552 -0.871552 0.000000 0.000000 0.000000 0.000000 0.000000 0.000000 0.000000 0.000000
 1503.000000 -1.050873 0.494970 0.000000 -3.000986 -3.000986 -3.000986 0.000000 0.000000 0.000000 0.000000 0.000000 0.000000 0.000000 0.000000
 1504.000000 -1.089908 0.699561 0.000000 -2.352545 -2.352545 -2.352545 0.000000 0.000000 0.000000 0.000000 0.000000 0.000000 0.000000 0.000000
 1505.000000 -1.197410 0.686661 0.000000 -2.254209 -2.254209 -2.254209 0.000000 0.000000 0.000000 0.000000 0.000000 0.000000 0.000000 0.000000
 1506.000000 -1.046453 0.171646 0.000000 -3.807789 -3.807789 -3.807789 0.000000 0.000000 0.000000 0.000000 0.000000 0.000000 0.000000 0.000000
 1507.000000 -1.368527 0.600891 0.000000 -2.071195 -2.071195 -2.071195 0.000000 0.000000 0.000000 0.000000 0.000000 0.000000 0.000000 0.000000
 1508.000000 -1.015107 0.335058 0.000000 -3.443921 -3.443921 -3.443921 0.000000 0.000000 0.000000 0.000000 0.000000 0.000000 0.000000 0.000000
 1509.000000 -1.259070 0.082964 0.000000 -3.642847 -3.642847 -3.642847 0.000000 0.000000 0.000000 0.000000 0.000000 0.000000 0.000000 0.000000
 1510.000000 -1.557652 -0.064907 0.000000 -2.260042 -2.260042 -2.260042 0.000000 0.000000 0.000000 0.000000 0.000000 0.000000 0.000000 0.000000
 1511.000000 -1.606638 -0.120513 0.000000 -1.899626 -1.899626 -1.899626 0.000000 0.000000 0.000000 0.000000 0.000000 0.000000 0.000000 0.000000
 1512.000000 -1.616657 0.309781 0.000000 -1.559450 -1.559450 -1.559450 0.000000 0.000000 0.000000 0.000000 0.000000 0.000000 0.000000 0.000000
 1513.000000 -1.505903 0.238541 0.000000 -2.369693 -2.369693 -2.369693 0.000000 0.000000 0.000000 0.000000 0.000000 0.000000 0.000000 0.000000
 1514.000000 -1.398673 0.092703 0.000000 -3.113708 -3.113708 -3.113708 0.000000 0.000000 0.000000 0.000000 0.000000 0.000000 0.000000 0.000000
 1515.000000 -1.433415 0.132026 0.000000 -2.907938 -2.907938 -2.907938 0.000000 0.000000 0.000000 0.000000 0.000000 0.000000 0.000000 0.000000
 1516.000000 -1.210440 0.734915 0.000000 -2.075731 -2.075731 -2.075731 0.000000 0.000000 0.000000 0.000000 0.000000 0.000000 0.000000 0.000000
 1517.000000 -1.170751 0.368122 0.000000 -3.284565 -3.284565 -3.284565 0.000000 0.000000 0.000000 0.000000 0.000000 0.000000 0.000000 0.000000
 1518.000000 -0.288636 0.063058 0.000000 -1.591515 -1.591515 -1.591515 0.000000 0.000000 0.000000 0.000000 0.000000 0.000000 0.000000 0.000000
 1519.000000 -0.666873 0.461389 0.000000 -2.386403 -2.386403 -2.386403 0.000000 0.000000 0.000000 0.000000 0.000000 0.000000 0.000000 0.000000
 1520.000000 -1.223847 -0.443049 0.000000 -3.056603 -3.056603 -3.056603 0.000000 0.000000 0.000000 0.000000 0.000000 0.000000 0.000000 0.000000
 1521.000000 -0.964642 0.175425 0.000000 -3.745384 -3.745384 -3.745384 0.000000 0.000000 0.000000 0.000000 0.000000 0.000000 0.000000 0.000000
 1522.000000 -1.159832 0.103294 0.000000 -3.832938 -3.832938 -3.832938 0.000000 0.000000 0.000000 0.000000 0.000000 0.000000 0.000000 0.000000
 1523.000000 -1.162302 0.062930 0.000000 -3.868249 -3.868249 -3.868249 0.000000 0.000000 0.000000 0.000000 0.000000 0.000000 0.000000 0.000000
 1524.000000 -0.926656 -0.392375 0.000000 -3.432922 -3.432922 -3.432922 0.000000 0.000000 0.000000 0.000000 0.000000 0.000000 0.000000 0.000000
 1525.000000 -1.043725 -0.597795 0.000000 -2.738796 -2.738796 -2.738796 0.000000 0.000000 0.000000 0.000000 0.000000 0.000000 0.000000 0.000000
 1526.000000 -0.979929 -0.100980 0.000000 -3.953443 -3.953443 -3.953443 0.000000 0.000000 0.000000 0.000000 0.000000 0.000000 0.000000 0.000000
 1527.000000 -0.514657 -0.130378 0.000000 -2.591084 -2.591084 -2.591084 0.000000 0.000000 0.000000 0.000000 0.000000 0.000000 0.000000 0.000000
 1528.000000 -0.277880 -0.746505 0.000000 -1.129353 -1.129353 -1.129353 0.000000 0.000000 0.000000 0.000000 0.000000 0.000000 0.000000 0.000000
 1529.000000 -0.970912 -0.815994 0.000000 -1.783668 -1.783668 -1.783668 0.000000 0.000000 0.000000 0.000000 0.000000 0.000000 0.000000 0.000000
 1530.000000 -1.107914 -0.139501 0.000000 -3.923878 -3.923878 -3.923878 0.000000 0.000000 0.000000 0.000000 0.000000 0.000000 0.000000 0.000000
 1531.000000 -1.353218 -0.586828 0.000000 -2.124511 -2.124511 -2.124511 0.000000 0.000000 0.000000 0.000000 0.000000 0.000000 0.000000 0.000000
 1532.000000 -1.189090 -0.386897 0.000000 -3.312193 -3.312193 -3.312193 0.000000 0.000000 0.000000 0.000000 0.000000 0.000000 0.000000 0.000000
 1533.000000 -0.918709 0.811274 0.000000 -2.078316 -2.078316 -2.078316 0.000000 0.000000 0.000000 0.000000 0.000000 0.000000 0.000000 0.000000
 1534.000000 -0.935998 1.106661 0.000000 -1.498812 -1.498812 -1.498812 0.000000 0.000000 0.000000 0.000000 0.000000 0.000000 0.000000 0.000000
 1535.000000 -1.010888 0.775645 0.000000 -2.171040 -2.171040 -2.171040 0.000000 0.000000 0.000000 0.000000 0.000000 0.000000 0.000000 0.000000
 1536.000000 -0.743712 0.346534 0.000000 -2.879985 -2.879985 -2.879985 0.000000 0.000000 0.000000 0.000000 0.000000 0.000000 0.000000 0.000000
 1537.000000 -1.096074 0.148241 0.000000 -3.835939 -3.835939 -3.835939 0.000000 0.000000 0.000000 0.000000 0.000000 0.000000 0.000000 0.000000
 1538.000000 -0.772294 -0.075063 0.000000 -3.540010 -3.540010 -3.540010 0.000000 0.000000 0.000000 0.000000 0.000000 0.000000 0.000000 0.000000
 1539.000000 -0.853332 0.087038 0.000000 -3.666150 -3.666150 -3.666150 0.000000 0.000000 0.000000 0.000000 0.000000 0.000000 0.000000 0.000000
 1540.000000 -0.612642 -0.217325 0.000000 -2.949464 -2.949464 -2.949464 0.000000 0.000000 0.000000 0.000000 0.000000 0.000000 0.000000 0.000000
 1541.000000 -1.229098 -0.242917 0.000000 -3.568888 -3.568888 -3.568888 0.000000 0.000000 0.000000 0.000000 0.000000 0.000000 0.000000 0.000000
 1542.000000 -1.134382 0.026703 0.000000 -3.928737 -3.928737 -3.928737 0.000000 0.000000 0.000000 0.000000 0.000000 0.000000 0.000000 0.000000
 1543.000000 -1.045073 0.602585 0.000000 -2.672262 -2.672262 -2.672262 0.000000 0.000000 0.000000 0.000000 0.000000 0.000000 0.000000 0.000000
 1544.000000 -1.272200 0.030519 0.000000 -3.640013 -3.640013 -3.640013 0.000000 0.000000 0.000000 0.000000 0.000000 0.000000 0.000000 0.000000
 1545.000000 -1.578577 0.167714 0.000000 -2.027287 -2.027287 -2.027287 0.000000 0.000000 0.000000 0.000000 0.000000 0.000000 0.000000 0.000000
 1546.000000 -1.128433 0.127666 0.000000 -3.840781 -3.840781 -3.840781 0.000000 0.000000 0.000000 0.000000 0.000000 0.000000 0.000000 0.000000
 1547.000000 -0.804358 0.830874 0.000000 -1.968341 -1.968341 -1.968341 0.000000 0.000000 0.000000 0.000000 0.000000 0.000000 0.000000 0.000000
 1548.000000 -0.924965 0.345360 0.000000 -3.323186 -3.323186 -3.323186 0.000000 0.000000 0.000000 0.000000 0.000000 0.000000 0.000000 0.000000
 1549.000000 -0.840345 0.011784 0.000000 -3.701247 -3.701247 -3.701247 0.000000 0.000000 0.000000 0.000000 0.000000 0.000000 0.000000 0.000000
 1550.000000 -0.429340 -0.294422 0.000000 -2.237962 -2.237962 -2.237962 0.000000 0.000000 0.000000 0.000000 0.000000 0.000000 0.000000 0.000000
 1551.000000 -0.885453 0.248231 0.000000 -3.474708 -3.474708 -3.474708 0.000000 0.000000 0.000000 0.000000 0.000000 0.000000 0.000000 0.000000
 1552.000000 -0.880046 0.550234 0.000000 -2.706799 -2.706799 -2.706799 0.000000 0.000000 0.000000 0.000000 0.000000 0.000000 0.000000 0.000000
 1553.000000 -1.149779 0.419989 0.000000 -3.165375 -3.165375 -3.165375 0.000000 0.000000 0.000000 0.000000 0.000000 0.000000 0.000000 0.000000
 1554.000000 -1.082107 -0.000074 0.000000 -3.980679 -3.980679 -3.980679 0.000000 0.000000 0.000000 0.000000 0.000000 0.000000 0.000000 0.000000
 1555.000000 -1.095826 -0.165774 0.000000 -3.907040 -3.907040 -3.907040 0.000000 0.000000 0.000000 0.000000 0.000000 0.000000 0.000000 0.000000
 1556.000000 -1.307394 -0.037029 0.000000 -3.535597 -3.535597 -3.535597 0.000000 0.000000 0.000000 0.000000 0.000000 0.000000 0.000000 0.000000
 1557.000000 -1.327788 -0.095414 0.000000 -3.438389 -3.438389 -3.438389 0.000000 0.000000 0.000000 0.000000 0.000000 0.000000 0.000000 0.000000
 1558.000000 -1.033697 -0.257738 0.000000 -3.794100 -3.794100 -3.794100 0.000000 0.000000 0.000000 0.000000 0.000000 0.000000 0.000000 0.000000
 1559.000000 -1.104228 -0.398984 0.000000 -3.408179 -3.408179 -3.408179 0.000000 0.000000 0.000000 0.000000 0.000000 0.000000 0.000000 0.000000
 1560.000000 -1.048730 -0.088717 0.000000 -3.985379 -3.985379 -3.985379 0.000000 0.000000 0.000000 0.000000 0.000000 0.000000 0.000000 0.000000
 1561.000000 -0.890096 0.477729 0.000000 -2.918154 -2.918154 -2.918154 0.000000 0.000000 0.000000 0.000000 0.000000 0.000000 0.000000 0.000000
 1562.000000 -0.934922 0.934046 0.000000 -1.810688 -1.810688 -1.810688 0.000000 0.000000 0.000000 0.000000 0.000000 0.000000 0.000000 0.000000
 1563.000000 -0.632704 -0.050804 0.000000 -3.038890 -3.038890 -3.038890 0.000000 0.000000 0.000000 0.000000 0.000000 0.000000 0.000000 0.000000
 1564.000000 -0.725011 -0.322310 0.000000 -3.196207 -3.196207 -3.196207 0.000000 0.000000 0.000000 0.000000 0.000000 0.000000 0.000000 0.000000
 1565.000000 -0.662424 0.051648 0.000000 -3.079920 -3.079920 -3.079920 0.000000 0.000000 0.000000 0.000000 0.000000 0.000000 0.000000 0.000000
 1566.000000 -1.188014 -0.119469 0.000000 -3.826492 -3.826492 -3.826492 0.000000 0.000000 0.000000 0.000000 0.000000 0.000000 0.000000 0.000000
 1567.000000 -1.242832 0.431326 0.000000 -2.968537 -2.968537 -2.968537 0.000000 0.000000 0.000000 0.000000 0.000000 0.000000 0.000000 0.000000
 1568.000000 -1.278932 0.334048 0.000000 -3.141565 -3.141565 -3.141565 0.000000 0.000000 0.000000 0.000000 0.000000 0.000000 0.000000 0.000000
 1569.000000 -1.144803 0.385012 0.000000 -3.271174 -3.271174 -3.271174 0.000000 0.000000 0.000000 0.000000 0.000000 0.000000 0.000000 0.000000
 1570.000000 -0.819027 -0.120843 0.000000 -3.665221 -3.665221 -3.665221 0.000000 0.000000 0.000000 0.000000 0.000000 0.000000 0.000000 0.000000
 1571.000000 -1.244390 -0.022907 0.000000 -3.732307 -3.732307 -3.732307 0.000000 0.000000 0.000000 0.000000 0.000000 0.000000 0.000000 0.000000
 1572.000000 -1.084848 -0.099961 0.000000 -3.969196 -3.969196 -3.969196 0.000000 0.000000 0.000000 0.000000 0.000000 0.000000 0.000000 0.000000
 1573.000000 -0.731619 0.006803 0.000000 -3.374851 -3.374851 -3.374851 0.000000 0.000000 0.000000 0.000000 0.000000 0.000000 0.000000 0.000000
 1574.000000 -1.144526 0.044993 0.000000 -3.905810 -3.905810 -3.905810 0.000000 0.000000 0.000000 0.000000 0.000000 0.000000 0.000000 0.000000
 1575.000000 -0.848812 -0.134521 0.000000 -3.731195 -3.731195 -3.731195 0.000000 0.000000 0.000000 0.000000 0.000000 0.000000 0.000000 0.000000
 1576.000000 -1.169158 0.060325 0.000000 -3.859747 -3.859747 -3.859747 0.000000 0.000000 0.000000 0.000000 0.000000 0.000000 0.000000 0.000000
 1577.000000 -0.913513 0.081728 0.000000 -3.800466 -3.800466 -3.800466 0.000000 0.000000 0.000000 0.000000 0.000000 0.000000 0.000000 0.000000
 1578.000000 -1.084908 0.703920 0.000000 -2.343029 -2.343029 -2.343029 0.000000 0.000000 0.000000 0.000000 0.000000 0.000000 0.000000 0.000000
 1579.000000 -0.959237 0.169590 0.000000 -3.748603 -3.748603 -3.748603 0.000000 0.000000 0.000000 0.000000 0.000000 0.000000 0.000000 0.000000
 1580.000000 -0.975198 0.338474 0.000000 -3.404846 -3.404846 -3.404846 0.000000 0.000000 0.000000 0.000000 0.000000 0.000000 0.000000 0.000000
 1581.000000 -0.981310 0.063132 0.000000 -3.913005 -3.913005 -3.913005 0.000000 0.000000 0.000000 0.000000 0.000000 0.000000 0.000000 0.000000
 1582.000000 -1.180783 0.175557 0.000000 -3.699921 -3.699921 -3.699921 0.000000 0.000000 0.000000 0.000000 0.000000 0.000000 0.000000 0.000000
 1583.000000 -0.631903 0.484524 0.000000 -2.227106 -2.227106 -2.227106 0.000000 0.000000 0.000000 0.000000 0.000000 0.000000 0.000000 0.000000
 1584.000000 -0.440846 -0.118525 0.000000 -2.297065 -2.297065 -2.297065 0.000000 0.000000 0.000000 0.000000 0.000000 0.000000 0.000000 0.000000
 1585.000000 -1.214395 -0.305223 0.000000 -3.473593 -3.473593 -3.473593 0.000000 0.000000 0.000000 0.000000 0.000000 0.000000 0.000000 0.000000
 1586.000000 -1.308750 0.620234 0.000000 -2.204927 -2.204927 -2.204927 0.000000 0.000000 0.000000 0.000000 0.000000 0.000000 0.000000 0.000000
 1587.000000 -1.125599 -0.160437 0.000000 -3.884685 -3.884685 -3.884685 0.000000 0.000000 0.000000 0.000000 0.000000 0.000000 0.000000 0.000000
 1588.000000 -1.547521 0.302992 0.000000 -2.009108 -2.009108 -2.009108 0.000000 0.000000 0.000000 0.000000 0.000000 0.000000 0.000000 0.000000
 1589.000000 -0.970146 0.803750 0.000000 -2.103148 -2.103148 -2.103148 0.000000 0.000000 0.000000 0.000000 0.000000 0.000000 0.000000 0.000000
 1590.000000 -0.697731 1.259656 0.000000 -1.576829 -1.576829 -1.576829 0.000000 0.000000 0.000000 0.000000 0.000000 0.000000 0.000000 0.000000
 1591.000000 -0.633213 1.191402 0.000000 -1.641152 -1.641152 -1.641152 0.000000 0.000000 0.000000 0.000000 0.000000 0.000000 0.000000 0.000000
 1592.000000 -0.426682 1.562575 0.000000 -1.828627 -1.828627 -1.828627 0.000000 0.000000 0.000000 0.000000 0.000000 0.000000 0.000000 0.000000
 1593.000000 -0.922171 1.500876 0.000000 -0.938274 -0.938274 -0.938274 0.000000 0.000000 0.000000 0.000000 0.000000 0.000000 0.000000 0.000000
 1594.000000 -1.059331 1.120620 0.000000 -1.310439 -1.310439 -1.310439 0.000000 0.000000 0.000000 0.000000 0.000000 0.000000 0.000000 0.000000
 1595.000000 -0.372109 1.752003 0.000000 -1.621991 -1.621991 -1.621991 0.000000 0.000000 0.000000 0.000000 0.000000 0.000000 0.000000 0.000000
 1596.000000 -0.602252 1.176198 0.000000 -1.654357 -1.654357 -1.654357 0.000000 0.000000 0.000000 0.000000 0.000000 0.000000 0.000000 0.000000
 1597.000000 -0.356812 1.452800 0.000000 -1.948275 -1.948275 -1.948275 0.000000 0.000000 0.000000 0.000000 0.000000 0.000000 0.000000 0.000000
 1598.000000 -0.265047 1.827384 0.000000 -1.566701 -1.566701 -1.566701 0.000000 0.000000 0.000000 0.000000 0.000000 0.000000 0.000000 0.000000
 1599.000000 -0.194082 1.598887 0.000000 -2.075999 -2.075999 -2.075999 0.000000 0.000000 0.000000 0.000000 0.000000 0.000000 0.035020 140.079459
 1600.000000 -0.153744 1.331416 0.000000 -1.977305 -1.977305 -1.977305 0.000000 0.000000 0.000000 0.000000 0.000000 0.000000 2.139589 8558.354812
 1601.000000 -0.774633 1.851903 0.000000 -0.452086 -0.452086 -0.452086 0.000000 0.000000 0.000000 0.000000 0.000000 0.000000 0.000000 0.000000
 1602.000000 -0.815543 1.494330 0.000000 -1.182841 -1.182841 -1.182841 0.000000 0.000000 0.000000 0.000000 0.000000 0.000000 0.000000 0.000000
 1603.000000 -0.209717 1.524115 0.000000 -2.091050 -2.091050 -2.091050 0.000000 0.000000 0.000000 0.000000 0.000000 0.000000 0.000000 0.000000
 1604.000000 -0.325880 1.750804 0.000000 -1.695547 -1.695547 -1.695547 0.000000 0.000000 0.000000 0.000000 0.000000 0.000000 0.000000 0.000000
 1605.000000 -0.525715 1.675298 0.000000 -1.506337 -1.506337 -1.506337 0.000000 0.000000 0.000000 0.000000 0.000000 0.000000 0.000000 0.000000
 1606.000000 -0.274021 1.906321 0.000000 -1.271714 -1.271714 -1.271714 0.000000 0.000000 0.000000 0.000000 0.000000 0.000000 0.000000 0.000000
 1607.000000 -0.672421 1.694473 0.000000 -1.152195 -1.152195 -1.152195 0.000000 0.000000 0.000000 0.000000 0.000000 0.000000 0.000000 0.000000
 1608.000000 -0.444252 1.513028 0.000000 -1.832730 -1.832730 -1.832730 0.000000 0.000000 0.000000 0.000000 0.000000 0.000000 0.000000 0.000000
 1609.000000 -0.228039 1.025022 0.000000 -1.426005 -1.426005 -1.426005 0.000000 0.000000 0.000000 0.000000 0.000000 0.000000 0.000000 0.000000
 1610.000000 -0.419562 0.402937 0.000000 -1.601121 -1.601121 -1.601121 0.000000 0.000000 0.000000 0.000000 0.000000 0.000000 0.000000 0.000000
 1611.000000 -0.249217 0.269700 0.000000 -1.214163 -1.214163 -1.214163 0.000000 0.000000 0.000000 0.000000 0.000000 0.000000 0.000000 0.000000
 1612.000000 -0.429112 0.644104 0.000000 -1.414764 -1.414764 -1.414764 0.000000 0.000000 0.000000 0.000000 0.000000 0.000000 0.000000 0.000000
 1613.000000 -0.761756 0.896779 0.000000 -1.832504 -1.832504 -1.832504 0.000000 0.000000 0.000000 0.000000 0.000000 0.000000 0.000000 0.000000
 1614.000000 -0.511156 -0.032319 0.000000 -2.532672 -2.532672 -2.532672 0.000000 0.000000 0.000000 0.000000 0.000000 0.000000 0.000000 0.000000
 1615.000000 -0.991706 -0.041767 0.000000 -3.973867 -3.973867 -3.973867 0.000000 0.000000 0.000000 0.000000 0.000000 0.000000 0.000000 0.000000
 1616.000000 -1.080536 -0.427629 0.000000 -3.341215 -3.341215 -3.341215 0.000000 0.000000 0.000000 0.000000 0.000000 0.000000 0.000000 0.000000
 1617.000000 -0.530997 0.388682 0.000000 -2.032604 -2.032604 -2.032604 0.000000 0.000000 0.000000 0.000000 0.000000 0.000000 0.000000 0.000000
 1618.000000 -1.400304 0.606651 0.000000 -1.934347 -1.934347 -1.934347 0.000000 0.000000 0.000000 0.000000 0.000000 0.000000 0.000000 0.000000
 1619.000000 -1.535483 0.985375 0.000000 -0.269576 -0.269576 -0.269576 0.000000 0.000000 0.000000 0.000000 0.000000 0.000000 0.000000 0.000000
 1620.000000 -1.690012 0.507607 0.000000 -0.649237 -0.649237 -0.649237 0.000000 0.000000 0.000000 0.000000 0.000000 0.000000 0.000000 0.000000
 1621.000000 -1.771625 0.250597 0.000000 -0.509193 -0.509193 -0.509193 0.000000 0.000000 0.000000 0.000000 0.000000 0.000000 0.000000 0.000000
 1622.000000 -1.599604 0.043495 0.000000 -1.981569 -1.981569 -1.981569 0.000000 0.000000 0.000000 0.000000 0.000000 0.000000 0.000000 0.000000
 1623.000000 -0.892147 -0.483216 0.000000 -3.126195 -3.126195 -3.126195 0.000000 0.000000 0.000000 0.000000 0.000000 0.000000 0.000000 0.000000
 1624.000000 -1.517078 -0.248664 0.000000 -2.317090 -2.317090 -2.317090 0.000000 0.000000 0.000000 0.000000 0.000000 0.000000 0.000000 0.000000
 1625.000000 -1.486742 -0.295120 0.000000 -2.402659 -2.402659 -2.402659 0.000000 0.000000 0.000000 0.000000 0.000000 0.000000 0.000000 0.000000
 1626.000000 -1.274362 -0.155161 0.000000 -3.571545 -3.571545 -3.571545 0.000000 0.000000 0.000000 0.000000 0.000000 0.000000 0.000000 0.000000
 1627.000000 -0.922030 0.402727 0.000000 -3.170378 -3.170378 -3.170378 0.000000 0.000000 0.000000 0.000000 0.000000 0.000000 0.000000 0.000000
 1628.000000 -0.807174 0.602711 0.000000 -2.446704 -2.446704 -2.446704 0.000000 0.000000 0.000000 0.000000 0.000000 0.000000 0.000000 0.000000
 1629.000000 -0.697829 -0.046036 0.000000 -3.283547 -3.283547 -3.283547 0.000000 0.000000 0.000000 0.000000 0.000000 0.000000 0.000000 0.000000
 1630.000000 -0.939233 1.161136 0.000000 -1.410258 -1.410258 -1.410258 0.000000 0.000000 0.000000 0.000000 0.000000 0.000000 0.000000 0.000000
 1631.000000 -0.314368 1.860061 0.000000 -1.391334 -1.391334 -1.391334 0.000000 0.000000 0.000000 0.000000 0.000000 0.000000 0.000000 0.000000
 1632.000000 -0.273592 1.479250 0.000000 -2.034305 -2.034305 -2.034305 0.000000 0.000000 0.000000 0.000000 0.000000 0.000000 0.000000 0.000000
 1633.000000 -0.588922 1.326198 0.000000 -1.675202 -1.675202 -1.675202 0.000000 0.000000 0.000000 0.000000 0.000000 0.000000 0.000000 0.000000
 1634.000000 -0.326501 1.421098 0.000000 -1.966426 -1.966426 -1.966426 0.000000 0.000000 0.000000 0.000000 0.000000 0.000000 0.000000 0.000000
 1635.000000 -0.622109 1.677153 0.000000 -1.301881 -1.301881 -1.301881 0.000000 0.000000 0.000000 0.000000 0.000000 0.000000 0.000000 0.000000
 1636.000000 -0.488954 1.564953 0.000000 -1.727560 -1.727560 -1.727560 0.000000 0.000000 0.000000 0.000000 0.000000 0.000000 0.000000 0.000000
 1637.000000 -0.449381 1.036695 0.000000 -1.565948 -1.565948 -1.565948 0.000000 0.000000 0.000000 0.000000 0.000000 0.000000 0.000000 0.000000
 1638.000000 -0.674821 1.842916 0.000000 -0.730298 -0.730298 -0.730298 0.000000 0.000000 0.000000 0.000000 0.000000 0.000000 0.000000 0.000000
 1639.000000 -0.792835 1.548735 0.000000 -1.150643 -1.150643 -1.150643 0.000000 0.000000 0.000000 0.000000 0.000000 0.000000 0.000000 0.000000
 1640.000000 -0.594616 1.716036 0.000000 -1.277893 -1.277893 -1.277893 0.000000 0.000000 0.000000 0.000000 0.000000 0.000000 0.000000 0.000000
 1641.000000 -0.484704 1.370358 0.000000 -1.791598 -1.791598 -1.791598 0.000000 0.000000 0.000000 0.000000 0.000000 0.000000 0.000000 0.000000
 1642.000000 -0.609407 1.642994 0.000000 -1.393753 -1.393753 -1.393753 0.000000 0.000000 0.000000 0.000000 0.000000 0.000000 0.000000 0.000000
 1643.000000 -0.536687 1.414880 0.000000 -1.731140 -1.731140 -1.731140 0.000000 0.000000 0.000000 0.000000 0.000000 0.000000 0.000000 0.000000
 1644.000000 -0.465248 1.261694 0.000000 -1.755721 -1.755721 -1.755721 0.000000 0.000000 0.000000 0.000000 0.000000 0.000000 0.000000 0.000000
 1645.000000 -0.664156 0.933827 0.000000 -1.715984 -1.715984 -1.715984 0.000000 0.000000 0.000000 0.000000 0.000000 0.000000 0.000000 0.000000
 1646.000000 -0.696056 1.195433 0.000000 -1.603156 -1.603156 -1.603156 0.000000 0.000000 0.000000 0.000000 0.000000 0.000000 0.000000 0.000000
 1647.000000 -1.099031 1.591496 0.000000 -0.312519 -0.312519 -0.312519 0.000000 0.000000 0.000000 0.000000 0.000000 0.000000 0.000000 0.000000
 1648.000000 -1.741453 1.494029 0.000000 1.789764 1.789764 1.789764 0.000000 0.000000 0.000000 0.000000 0.000000 0.000000 0.000000 0.000000
 1649.000000 -1.322035 1.609032 0.000000 0.382318 0.382318 0.382318 0.000000 0.000000 0.000000 0.000000 0.000000 0.000000 0.000000 0.000000
 1650.000000 -1.070969 1.440808 0.000000 -0.694617 -0.694617 -0.694617 0.000000 0.000000 0.000000 0.000000 0.000000 0.000000 0.000000 0.000000
 1651.000000 -1.064859 1.119917 0.000000 -1.302794 -1.302794 -1.302794 0.000000 0.000000 0.000000 0.000000 0.000000 0.000000 0.000000 0.000000
 1652.000000 -0.333500 1.264855 0.000000 -1.821905 -1.821905 -1.821905 0.000000 0.000000 0.000000 0.000000 0.000000 0.000000 0.000000 0.000000
 1653.000000 -0.819211 1.672416 0.000000 -0.851317 -0.851317 -0.851317 0.000000 0.000000 0.000000 0.000000 0.000000 0.000000 0.000000 0.000000
 1654.000000 -0.348083 1.775796 0.000000 -1.599903 -1.599903 -1.599903 0.000000 0.000000 0.000000 0.000000 0.000000 0.000000 0.000000 0.000000
 1655.000000 -0.593192 1.618203 0.000000 -1.468147 -1.468147 -1.468147 0.000000 0.000000 0.000000 0.000000 0.000000 0.000000 0.000000 0.000000
 1656.000000 -0.475128 0.820395 0.000000 -1.485990 -1.485990 -1.485990 0.000000 0.000000 0.000000 0.000000 0.000000 0.000000 0.000000 0.000000
 1657.000000 -0.198073 0.782377 0.000000 -1.023828 -1.023828 -1.023828 0.000000 0.000000 0.000000 0.000000 0.000000 0.000000 0.003714 14.857860
 1658.000000 -0.944011 0.652976 0.000000 -2.497131 -2.497131 -2.497131 0.000000 0.000000 0.000000 0.000000 0.000000 0.000000 0.000000 0.000000
 1659.000000 -1.206569 0.476848 0.000000 -2.907798 -2.907798 -2.907798 0.000000 0.000000 0.000000 0.000000 0.000000 0.000000 0.000000 0.000000
 1660.000000 -0.710020 0.543645 0.000000 -2.348867 -2.348867 -2.348867 0.000000 0.000000 0.000000 0.000000 0.000000 0.000000 0.000000 0.000000
 1661.000000 -0.728746 0.092177 0.000000 -3.282193 -3.282193 -3.282193 0.000000 0.000000 0.000000 0.000000 0.000000 0.000000 0.000000 0.000000
 1662.000000 -0.932963 -0.439567 0.000000 -3.301968 -3.301968 -3.301968 0.000000 0.000000 0.000000 0.000000 0.000000 0.000000 0.000000 0.000000
 1663.000000 -1.176749 -0.333144 0.000000 -3.485353 -3.485353 -3.485353 0.000000 0.000000 0.000000 0.000000 0.000000 0.000000 0.000000 0.000000
 1664.000000 -0.943465 -0.025897 0.000000 -3.920809 -3.920809 -3.920809 0.000000 0.000000 0.000000 0.000000 0.000000 0.000000 0.000000 0.000000
 1665.000000 -0.188218 -0.490242 0.000000 -1.458235 -1.458235 -1.458235 0.000000 0.000000 0.000000 0.000000 0.000000 0.000000 0.138817 555.267955
 1666.000000 -0.966459 0.389065 0.000000 -3.263460 -3.263460 -3.263460 0.000000 0.000000 0.000000 0.000000 0.000000 0.000000 0.000000 0.000000
 1667.000000 -0.921599 -0.064458 0.000000 -3.892283 -3.892283 -3.892283 0.000000 0.000000 0.000000 0.000000 0.000000 0.000000 0.000000 0.000000
 1668.000000 -1.134654 0.189890 0.000000 -3.737741 -3.737741 -3.737741 0.000000 0.000000 0.000000 0.000000 0.000000 0.000000 0.000000 0.000000
 1669.000000 -0.864268 0.521332 0.000000 -2.757384 -2.757384 -2.757384 0.000000 0.000000 0.000000 0.000000 0.000000 0.000000 0.000000 0.000000
 1670.000000 -0.538888 0.039692 0.000000 -2.585586 -2.585586 -2.585586 0.000000 0.000000 0.000000 0.000000 0.000000 0.000000 0.000000 0.000000
 1671.000000 -0.993371 0.218943 0.000000 -3.694341 -3.694341 -3.694341 0.000000 0.000000 0.000000 0.000000 0.000000 0.000000 0.000000 0.000000
 1672.000000 -0.943330 -0.158438 0.000000 -3.878628 -3.878628 -3.878628 0.000000 0.000000 0.000000 0.000000 0.000000 0.000000 0.000000 0.000000
 1673.000000 -1.001940 0.199197 0.000000 -3.739041 -3.739041 -3.739041 0.000000 0.000000 0.000000 0.000000 0.000000 0.000000 0.000000 0.000000
 1674.000000 -1.333252 0.702750 0.000000 -1.865942 -1.865942 -1.865942 0.000000 0.000000 0.000000 0.000000 0.000000 0.000000 0.000000 0.000000
 1675.000000 -0.320186 1.593793 0.000000 -1.950915 -1.950915 -1.950915 0.000000 0.000000 0.000000 0.000000 0.000000 0.000000 0.000000 0.000000
 1676.000000 -0.648482 1.166354 0.000000 -1.636297 -1.636297 -1.636297 0.000000 0.000000 0.000000 0.000000 0.000000 0.000000 0.000000 0.000000
 1677.000000 -0.341522 0.767118 0.000000 -1.225267 -1.225267 -1.225267 0.000000 0.000000 0.000000 0.000000 0.000000 0.000000 0.000000 0.000000
 1678.000000 -0.723032 0.564158 0.000000 -2.341152 -2.341152 -2.341152 0.000000 0.000000 0.000000 0.000000 0.000000 0.000000 0.000000 0.000000
 1679.000000 -1.611292 0.466514 0.000000 -1.257462 -1.257462 -1.257462 0.000000 0.000000 0.000000 0.000000 0.000000 0.000000 0.000000 0.000000
 1680.000000 -1.365666 0.410066 0.000000 -2.651046 -2.651046 -2.651046 0.000000 0.000000 0.000000 0.000000 0.000000 0.000000 0.000000 0.000000
 1681.000000 -1.186167 -0.479764 0.000000 -3.014764 -3.014764 -3.014764 0.000000 0.000000 0.000000 0.000000 0.000000 0.000000 0.000000 0.000000
 1682.000000 -0.876173 0.335260 0.000000 -3.259099 -3.259099 -3.259099 0.000000 0.000000 0.000000 0.000000 0.000000 0.000000 0.000000 0.000000
 1683.000000 -1.061022 1.062391 0.000000 -1.427977 -1.427977 -1.427977 0.000000 0.000000 0.000000 0.000000 0.000000 0.000000 0.000000 0.000000
 1684.000000 -0.949276 0.991590 0.000000 -1.690043 -1.690043 -1.690043 0.000000 0.000000 0.000000 0.000000 0.000000 0.000000 0.000000 0.000000
 1685.000000 -0.703319 1.053222 0.000000 -1.664150 -1.664150 -1.664150 0.000000 0.000000 0.000000 0.000000 0.000000 0.000000 0.000000 0.000000
 1686.000000 -1.418403 1.043280 0.000000 -0.587498 -0.587498 -0.587498 0.000000 0.000000 0.000000 0.000000 0.000000 0.000000 0.000000 0.000000
 1687.000000 -1.586457 0.385318 0.000000 -1.599632 -1.599632 -1.599632 0.000000 0.000000 0.000000 0.000000 0.000000 0.000000 0.000000 0.000000
 1688.000000 -1.201433 0.380633 0.000000 -3.199658 -3.199658 -3.199658 0.000000 0.000000 0.000000 0.000000 0.000000 0.000000 0.000000 0.000000
 1689.000000 -0.653342 0.644271 0.000000 -2.014872 -2.014872 -2.014872 0.000000 0.000000 0.000000 0.000000 0.000000 0.000000 0.000000 0.000000
 1690.000000 -1.055553 -0.116129 0.000000 -3.970061 -3.970061 -3.970061 0.000000 0.000000 0.000000 0.000000 0.000000 0.000000 0.000000 0.000000
 1691.000000 -0.895894 -0.413865 0.000000 -3.340535 -3.340535 -3.340535 0.000000 0.000000 0.000000 0.000000 0.000000 0.000000 0.000000 0.000000
 1692.000000 -0.732463 -0.340281 0.000000 -3.185159 -3.185159 -3.185159 0.000000 0.000000 0.000000 0.000000 0.000000 0.000000 0.000000 0.000000
 1693.000000 -1.280540 -0.195276 0.000000 -3.499794 -3.499794 -3.499794 0.000000 0.000000 0.000000 0.000000 0.000000 0.000000 0.000000 0.000000
 1694.000000 -0.462354 0.176580 0.000000 -2.090905 -2.090905 -2.090905 0.000000 0.000000 0.000000 0.000000 0.000000 0.000000 0.000000 0.000000
 1695.000000 -1.835540 0.321147 0.000000 0.111393 0.111393 0.111393 0.000000 0.000000 0.000000 0.000000 0.000000 0.000000 0.000000 0.000000
 1696.000000 -1.132615 0.138908 0.000000 -3.821155 -3.821155 -3.821155 0.000000 0.000000 0.000000 0.000000 0.000000 0.000000 0.000000 0.000000
 1697.000000 -1.197177 -0.215291 0.000000 -3.691888 -3.691888 -3.691888 0.000000 0.000000 0.000000 0.000000 0.000000 0.000000 0.000000 0.000000
 1698.000000 -1.370501 -0.063052 0.000000 -3.280049 -3.280049 -3.280049 0.000000 0.000000 0.000000 0.000000 0.000000 0.000000 0.000000 0.000000
 1699.000000 -1.347370 0.409647 0.000000 -2.720069 -2.720069 -2.720069 0.000000 0.000000 0.000000 0.000000 0.000000 0.000000 0.000000 0.000000
 1700.000000 -0.955131 0.125624 0.000000 -3.810775 -3.810775 -3.810775 0.000000 0.000000 0.000000 0.000000 0.000000 0.000000 0.000000 0.000000
 1701.000000 -1.136010 -0.258450 0.000000 -3.721160 -3.721160 -3.721160 0.000000 0.000000 0.000000 0.000000 0.000000 0.000000 0.000000 0.000000
 1702.000000 -0.877255 -0.265398 0.000000 -3.645732 -3.645732 -3.645732 0.000000 0.000000 0.000000 0.000000 0.000000 0.000000 0.000000 0.000000
 1703.000000 -0.498436 -0.084192 0.000000 -2.511179 -2.511179 -2.511179 0.000000 0.000000 0.000000 0.000000 0.000000 0.000000 0.000000 0.000000
 1704.000000 -1.441234 0.384855 0.000000 -2.394935 -2.394935 -2.394935 0.000000 0.000000 0.000000 0.000000 0.000000 0.000000 0.000000 0.000000
 1705.000000 -0.937285 0.079297 0.000000 -3.842427 -3.842427 -3.842427 0.000000 0.000000 0.000000 0.000000 0.000000 0.000000 0.000000 0.000000
 1706.000000 -0.364824 0.456831 0.000000 -1.358609 -1.358609 -1.358609 0.000000 0.000000 0.000000 0.000000 0.000000 0.000000 0.000000 0.000000
 1707.000000 -1.276287 0.158445 0.000000 -3.504024 -3.504024 -3.504024 0.000000 0.000000 0.000000 0.000000 0.000000 0.000000 0.000000 0.000000
 1708.000000 -1.392129 0.704860 0.000000 -1.658641 -1.658641 -1.658641 0.000000 0.000000 0.000000 0.000000 0.000000 0.000000 0.000000 0.000000
 1709.000000 -1.136316 0.527416 0.000000 -2.852817 -2.852817 -2.852817 0.000000 0.000000 0.000000 0.000000 0.000000 0.000000 0.000000 0.000000
 1710.000000 -1.825461 0.277105 0.000000 -0.032078 -0.032078 -0.032078 0.000000 0.000000 0.000000 0.000000 0.000000 0.000000 0.000000 0.000000
 1711.000000 -1.143232 0.045100 0.000000 -3.907351 -3.907351 -3.907351 0.000000 0.000000 0.000000 0.000000 0.000000 0.000000 0.000000 0.000000
 1712.000000 -0.969300 -0.035583 0.000000 -3.953457 -3.953457 -3.953457 0.000000 0.000000 0.000000 0.000000 0.000000 0.000000 0.000000 0.000000
 1713.000000 -1.076256 -0.001594 0.000000 -3.983438 -3.983438 -3.983438 0.000000 0.000000 0.000000 0.000000 0.000000 0.000000 0.000000 0.000000
 1714.000000 -1.105489 0.459151 0.000000 -3.089832 -3.089832 -3.089832 0.000000 0.000000 0.000000 0.000000 0.000000 0.000000 0.000000 0.000000
 1715.000000 -1.219306 0.334844 0.000000 -3.286959 -3.286959 -3.286959 0.000000 0.000000 0.000000 0.000000 0.000000 0.000000 0.000000 0.000000
 1716.000000 -0.638603 -0.194032 0.000000 -3.057158 -3.057158 -3.057158 0.000000 0.000000 0.000000 0.000000 0.000000 0.000000 0.000000 0.000000
 1717.000000 -0.837312 -0.263495 0.000000 -3.572289 -3.572289 -3.572289 0.000000 0.000000 0.000000 0.000000 0.000000 0.000000 0.000000 0.000000
 1718.000000 -0.829175 -0.230810 0.000000 -3.600408 -3.600408 -3.600408 0.000000 0.000000 0.000000 0.000000 0.000000 0.000000 0.000000 0.000000
 1719.000000 -0.875904 0.117808 0.000000 -3.680471 -3.680471 -3.680471 0.000000 0.000000 0.000000 0.000000 0.000000 0.000000 0.000000 0.000000
 1720.000000 -0.817650 -0.423317 0.000000 -3.193895 -3.193895 -3.193895 0.000000 0.000000 0.000000 0.000000 0.000000 0.000000 0.000000 0.000000
 1721.000000 -0.912826 0.022523 0.000000 -3.851157 -3.851157 -3.851157 0.000000 0.000000 0.000000 0.000000 0.000000 0.000000 0.000000 0.000000
 1722.000000 -1.001565 0.196453 0.000000 -3.743852 -3.743852 -3.743852 0.000000 0.000000 0.000000 0.000000 0.000000 0.000000 0.000000 0.000000
 1723.000000 -0.603929 -0.179198 0.000000 -2.935336 -2.935336 -2.935336 0.000000 0.000000 0.000000 0.000000 0.000000 0.000000 0.000000 0.000000
 1724.000000 -1.424290 -0.017502 0.000000 -3.037187 -3.037187 -3.037187 0.000000 0.000000 0.000000 0.000000 0.000000 0.000000 0.000000 0.000000
 1725.000000 -1.431725 -0.196980 0.000000 -2.869053 -2.869053 -2.869053 0.000000 0.000000 0.000000 0.000000 0.000000 0.000000 0.000000 0.000000
 1726.000000 -1.420291 0.146236 0.000000 -2.955830 -2.955830 -2.955830 0.000000 0.000000 0.000000 0.000000 0.000000 0.000000 0.000000 0.000000
 1727.000000 -1.115528 -0.316854 0.000000 -3.619023 -3.619023 -3.619023 0.000000 0.000000 0.000000 0.000000 0.000000 0.000000 0.000000 0.000000
 1728.000000 -1.106301 0.232684 0.000000 -3.679239 -3.679239 -3.679239 0.000000 0.000000 0.000000 0.000000 0.000000 0.000000 0.000000 0.000000
 1729.000000 -1.034845 -0.335407 0.000000 -3.625610 -3.625610 -3.625610 0.000000 0.000000 0.000000 0.000000 0.000000 0.000000 0.000000 0.000000
 1730.000000 -1.311074 -0.112860 0.000000 -3.488144 -3.488144 -3.488144 0.000000 0.000000 0.000000 0.000000 0.000000 0.000000 0.000000 0.000000
 1731.000000 -1.303104 -0.391850 0.000000 -2.984587 -2.984587 -2.984587 0.000000 0.000000 0.000000 0.000000 0.000000 0.000000 0.000000 0.000000
 1732.000000 -1.141046 -0.374277 0.000000 -3.434137 -3.434137 -3.434137 0.000000 0.000000 0.000000 0.000000 0.000000 0.000000 0.000000 0.000000
 1733.000000 -0.641731 -0.838745 0.000000 -1.432560 -1.432560 -1.432560 0.000000 0.000000 0.000000 0.000000 0.000000 0.000000 0.000000 0.000000
 1734.000000 -1.175379 -0.194352 0.000000 -3.767171 -3.767171 -3.767171 0.000000 0.000000 0.000000 0.000000 0.000000 0.000000 0.000000 0.000000
 1735.000000 -1.075985 0.192994 0.000000 -3.769275 -3.769275 -3.769275 0.000000 0.000000 0.000000 0.000000 0.000000 0.000000 0.000000 0.000000
 1736.000000 -1.091952 0.968855 0.000000 -1.598418 -1.598418 -1.598418 0.000000 0.000000 0.000000 0.000000 0.000000 0.000000 0.000000 0.000000
 1737.000000 -1.412260 0.911525 0.000000 -0.964970 -0.964970 -0.964970 0.000000 0.000000 0.000000 0.000000 0.000000 0.000000 0.000000 0.000000
 1738.000000 -1.456144 0.471763 0.000000 -2.094052 -2.094052 -2.094052 0.000000 0.000000 0.000000 0.000000 0.000000 0.000000 0.000000 0.000000
 1739.000000 -1.275726 0.565995 0.000000 -2.471133 -2.471133 -2.471133 0.000000 0.000000 0.000000 0.000000 0.000000 0.000000 0.000000 0.000000
 1740.000000 -0.990876 0.470452 0.000000 -3.055960 -3.055960 -3.055960 0.000000 0.000000 0.000000 0.000000 0.000000 0.000000 0.000000 0.000000
 1741.000000 -0.387415 0.681081 0.000000 -1.301295 -1.301295 -1.301295 0.000000 0.000000 0.000000 0.000000 0.000000 0.000000 0.000000 0.000000
 1742.000000 -0.551942 0.933406 0.000000 -1.604202 -1.604202 -1.604202 0.000000 0.000000 0.000000 0.000000 0.000000 0.000000 0.000000 0.000000
 1743.000000 -0.539331 0.523266 0.000000 -1.857169 -1.857169 -1.857169 0.000000 0.000000 0.000000 0.000000 0.000000 0.000000 0.000000 0.000000
 1744.000000 -1.132757 1.022003 0.000000 -1.404233 -1.404233 -1.404233 0.000000 0.000000 0.000000 0.000000 0.000000 0.000000 0.000000 0.000000
 1745.000000 -0.933722 0.415202 0.000000 -3.153642 -3.153642 -3.153642 0.000000 0.000000 0.000000 0.000000 0.000000 0.000000 0.000000 0.000000
 1746.000000 -0.486392 -0.009671 0.000000 -2.412550 -2.412550 -2.412550 0.000000 0.000000 0.000000 0.000000 0.000000 0.000000 0.000000 0.000000
 1747.000000 -0.862916 0.308733 0.000000 -3.292788 -3.292788 -3.292788 0.000000 0.000000 0.000000 0.000000 0.000000 0.000000 0.000000 0.000000
 1748.000000 -0.931112 0.756132 0.000000 -2.216339 -2.216339 -2.216339 0.000000 0.000000 0.000000 0.000000 0.000000 0.000000 0.000000 0.000000
 1749.000000 -0.787775 1.376473 0.000000 -1.374985 -1.374985 -1.374985 0.000000 0.000000 0.000000 0.000000 0.000000 0.000000 0.000000 0.000000
 1750.000000 -0.810888 1.391375 0.000000 -1.319656 -1.319656 -1.319656 0.000000 0.000000 0.000000 0.000000 0.000000 0.000000 0.000000 0.000000
 1751.000000 -1.039238 1.403102 0.000000 -0.838826 -0.838826 -0.838826 0.000000 0.000000 0.000000 0.000000 0.000000 0.000000 0.000000 0.000000
 1752.000000 -1.049139 1.788324 0.000000 0.068753 0.068753 0.068753 0.000000 0.000000 0.000000 0.000000 0.000000 0.000000 0.000000 0.000000
 1753.000000 -1.201114 1.743928 0.000000 0.369085 0.369085 0.369085 0.000000 0.000000 0.000000 0.000000 0.000000 0.000000 0.000000 0.000000
 1754.000000 -0.933373 1.730961 0.000000 -0.411980 -0.411980 -0.411980 0.000000 0.000000 0.000000 0.000000 0.000000 0.000000 0.000000 0.000000
 1755.000000 -0.166756 1.300334 0.000000 -1.927563 -1.927563 -1.927563 0.000000 0.000000 0.000000 0.000000 0.000000 0.000000 1.105164 4420.654720
 1756.000000 -1.261315 1.148820 0.000000 -0.814284 -0.814284 -0.814284 0.000000 0.000000 0.000000 0.000000 0.000000 0.000000 0.000000 0.000000
 1757.000000 -0.654896 0.632001 0.000000 -2.038251 -2.038251 -2.038251 0.000000 0.000000 0.000000 0.000000 0.000000 0.000000 0.000000 0.000000
 1758.000000 -1.345971 0.319940 0.000000 -2.956172 -2.956172 -2.956172 0.000000 0.000000 0.000000 0.000000 0.000000 0.000000 0.000000 0.000000
 1759.000000 -0.562525 -0.086441 0.000000 -2.772139 -2.772139 -2.772139 0.000000 0.000000 0.000000 0.000000 0.000000 0.000000 0.000000 0.000000
 1760.000000 -0.829376 -0.569763 0.000000 -2.752893 -2.752893 -2.752893 0.000000 0.000000 0.000000 0.000000 0.000000 0.000000 0.000000 0.000000
 1761.000000 -1.423165 -0.226450 0.000000 -2.866232 -2.866232 -2.866232 0.000000 0.000000 0.000000 0.000000 0.000000 0.000000 0.000000 0.000000
 1762.000000 -1.285778 -0.356282 0.000000 -3.143061 -3.143061 -3.143061 0.000000 0.000000 0.000000 0.000000 0.000000 0.000000 0.000000 0.000000
 1763.000000 -1.016485 -0.268004 0.000000 -3.773973 -3.773973 -3.773973 0.000000 0.000000 0.000000 0.000000 0.000000 0.000000 0.000000 0.000000
 1764.000000 -1.097378 -0.243729 0.000000 -3.791327 -3.791327 -3.791327 0.000000 0.000000 0.000000 0.000000 0.000000 0.000000 0.000000 0.000000
 1765.000000 -1.138676 -0.348338 0.000000 -3.509256 -3.509256 -3.509256 0.000000 0.000000 0.000000 0.000000 0.000000 0.000000 0.000000 0.000000
 1766.000000 -0.828371 0.105035 0.000000 -3.579683 -3.579683 -3.579683 0.000000 0.000000 0.000000 0.000000 0.000000 0.000000 0.000000 0.000000
 1767.000000 -1.127375 0.343171 0.000000 -3.402464 -3.402464 -3.402464 0.000000 0.000000 0.000000 0.000000 0.000000 0.000000 0.000000 0.000000
 1768.000000 -0.999492 0.013874 0.000000 -3.963457 -3.963457 -3.963457 0.000000 0.000000 0.000000 0.000000 0.000000 0.000000 0.000000 0.000000
 1769.000000 -0.823002 -0.260099 0.000000 -3.546273 -3.546273 -3.546273 0.000000 0.000000 0.000000 0.000000 0.000000 0.000000 0.000000 0.000000
 1770.000000 -0.705644 0.049439 0.000000 -3.246044 -3.246044 -3.246044 0.000000 0.000000 0.000000 0.000000 0.000000 0.000000 0.000000 0.000000
 1771.000000 -1.358997 -0.295162 0.000000 -3.024143 -3.024143 -3.024143 0.000000 0.000000 0.000000 0.000000 0.000000 0.000000 0.000000 0.000000
 1772.000000 -1.333052 -0.435565 0.000000 -2.743314 -2.743314 -2.743314 0.000000 0.000000 0.000000 0.000000 0.000000 0.000000 0.000000 0.000000
 1773.000000 -1.296361 -0.322451 0.000000 -3.195797 -3.195797 -3.195797 0.000000 0.000000 0.000000 0.000000 0.000000 0.000000 0.000000 0.000000
 1774.000000 -0.842381 0.217246 0.000000 -3.436574 -3.436574 -3.436574 0.000000 0.000000 0.000000 0.000000 0.000000 0.000000 0.000000 0.000000
 1775.000000 -0.605517 0.258066 0.000000 -2.550574 -2.550574 -2.550574 0.000000 0.000000 0.000000 0.000000 0.000000 0.000000 0.000000 0.000000
 1776.000000 -1.150440 -0.641630 0.000000 -2.435166 -2.435166 -2.435166 0.000000 0.000000 0.000000 0.000000 0.000000 0.000000 0.000000 0.000000
 1777.000000 -1.082060 -0.428620 0.000000 -3.336817 -3.336817 -3.336817 0.000000 0.000000 0.000000 0.000000 0.000000 0.000000 0.000000 0.000000
 1778.000000 -0.928325 -0.345380 0.000000 -3.554423 -3.554423 -3.554423 0.000000 0.000000 0.000000 0.000000 0.000000 0.000000 0.000000 0.000000
 1779.000000 -1.074199 -0.164216 0.000000 -3.921990 -3.921990 -3.921990 0.000000 0.000000 0.000000 0.000000 0.000000 0.000000 0.000000 0.000000
 1780.000000 -1.307107 -0.488386 0.000000 -2.657274 -2.657274 -2.657274 0.000000 0.000000 0.000000 0.000000 0.000000 0.000000 0.000000 0.000000
 1781.000000 -1.108458 -0.112557 0.000000 -3.944711 -3.944711 -3.944711 0.000000 0.000000 0.000000 0.000000 0.000000 0.000000 0.000000 0.000000
 1782.000000 -0.906359 0.245935 0.000000 -3.520741 -3.520741 -3.520741 0.000000 0.000000 0.000000 0.000000 0.000000 0.000000 0.000000 0.000000
 1783.000000 -0.522428 1.477803 0.000000 -1.732811 -1.732811 -1.732811 0.000000 0.000000 0.000000 0.000000 0.000000 0.000000 0.000000 0.000000
 1784.000000 -0.936540 1.593437 0.000000 -0.730524 -0.730524 -0.730524 0.000000 0.000000 0.000000 0.000000 0.000000 0.000000 0.000000 0.000000
 1785.000000 -1.050516 1.474941 0.000000 -0.680364 -0.680364 -0.680364 0.000000 0.000000 0.000000 0.000000 0.000000 0.000000 0.000000 0.000000
 1786.000000 -0.332533 1.258885 0.000000 -1.814927 -1.814927 -1.814927 0.000000 0.000000 0.000000 0.000000 0.000000 0.000000 0.000000 0.000000
 1787.000000 -0.178235 0.942677 0.000000 -1.247614 -1.247614 -1.247614 0.000000 0.000000 0.000000 0.000000 0.000000 0.000000 0.473734 1894.937373
 1788.000000 -0.470549 0.532537 0.000000 -1.621582 -1.621582 -1.621582 0.000000 0.000000 0.000000 0.000000 0.000000 0.000000 0.000000 0.000000
 1789.000000 -0.446476 0.413841 0.000000 -1.682753 -1.682753 -1.682753 0.000000 0.000000 0.000000 0.000000 0.000000 0.000000 0.000000 0.000000
 1790.000000 -0.270005 0.739920 0.000000 -1.084691 -1.084691 -1.084691 0.000000 0.000000 0.000000 0.000000 0.000000 0.000000 0.000000 0.000000
 1791.000000 -0.378678 0.956149 0.000000 -1.433009 -1.433009 -1.433009 0.000000 0.000000 0.000000 0.000000 0.000000 0.000000 0.000000 0.000000
 1792.000000 -0.279751 0.963996 0.000000 -1.355466 -1.355466 -1.355466 0.000000 0.000000 0.000000 0.000000 0.000000 0.000000 0.000000 0.000000
 1793.000000 -0.393450 1.389409 0.000000 -1.889815 -1.889815 -1.889815 0.000000 0.000000 0.000000 0.000000 0.000000 0.000000 0.000000 0.000000
 1794.000000 -0.207878 1.446125 0.000000 -2.070200 -2.070200 -2.070200 0.000000 0.000000 0.000000 0.000000 0.000000 0.000000 0.000000 0.000000
 1795.000000 -0.255749 1.631888 0.000000 -1.989082 -1.989082 -1.989082 0.000000 0.000000 0.000000 0.000000 0.000000 0.000000 0.000000 0.000000
 1796.000000 -0.603249 1.515084 0.000000 -1.573798 -1.573798 -1.573798 0.000000 0.000000 0.000000 0.000000 0.000000 0.000000 0.000000 0.000000
 1797.000000 -0.185644 1.885308 0.000000 -1.450600 -1.450600 -1.450600 0.000000 0.000000 0.000000 0.000000 0.000000 0.000000 0.206091 824.364919
 1798.000000 -0.436513 1.525990 0.000000 -1.837617 -1.837617 -1.837617 0.000000 0.000000 0.000000 0.000000 0.000000 0.000000 0.000000 0.000000
 1799.000000 -0.454016 1.690343 0.000000 -1.613760 -1.613760 -1.613760 0.000000 0.000000 0.000000 0.000000 0.000000 0.000000 0.000000 0.000000
 1800.000000 -0.180366 1.954135 0.000000 -1.166600 -1.166600 -1.166600 0.000000 0.000000 0.000000 0.000000 0.000000 0.000000 0.385513 1542.053254
 1801.000000 -0.363162 1.362015 0.000000 -1.899641 -1.899641 -1.899641 0.000000 0.000000 0.000000 0.000000 0.000000 0.000000 0.000000 0.000000
 1802.000000 -0.206034 1.370289 0.000000 -2.006547 -2.006547 -2.006547 0.000000 0.000000 0.000000 0.000000 0.000000 0.000000 0.000000 0.000000
 1803.000000 -0.923094 1.468963 0.000000 -0.989069 -0.989069 -0.989069 0.000000 0.000000 0.000000 0.000000 0.000000 0.000000 0.000000 0.000000
 1804.000000 -1.121414 0.987525 0.000000 -1.507799 -1.507799 -1.507799 0.000000 0.000000 0.000000 0.000000 0.000000 0.000000 0.000000 0.000000
 1805.000000 -1.120938 0.099376 0.000000 -3.882472 -3.882472 -3.882472 0.000000 0.000000 0.000000 0.000000 0.000000 0.000000 0.000000 0.000000
 1806.000000 -0.851246 0.214913 0.000000 -3.463210 -3.463210 -3.463210 0.000000 0.000000 0.000000 0.000000 0.000000 0.000000 0.000000 0.000000
 1807.000000 -0.864690 -0.151435 0.000000 -3.755312 -3.755312 -3.755312 0.000000 0.000000 0.000000 0.000000 0.000000 0.000000 0.000000 0.000000
 1808.000000 -0.932730 0.102053 0.000000 -3.809252 -3.809252 -3.809252 0.000000 0.000000 0.000000 0.000000 0.000000 0.000000 0.000000 0.000000
 1809.000000 -0.581844 -0.324799 0.000000 -2.739483 -2.739483 -2.739483 0.000000 0.000000 0.000000 0.000000 0.000000 0.000000 0.000000 0.000000
 1810.000000 -0.377277 -0.217178 0.000000 -2.082796 -2.082796 -2.082796 0.000000 0.000000 0.000000 0.000000 0.000000 0.000000 0.000000 0.000000
 1811.000000 -1.364715 -0.586565 0.000000 -2.082264 -2.082264 -2.082264 0.000000 0.000000 0.000000 0.000000 0.000000 0.000000 0.000000 0.000000
 1812.000000 -0.443499 -0.461474 0.000000 -2.096521 -2.096521 -2.096521 0.000000 0.000000 0.000000 0.000000 0.000000 0.000000 0.000000 0.000000
 1813.000000 -0.451871 0.083680 0.000000 -2.172168 -2.172168 -2.172168 0.000000 0.000000 0.000000 0.000000 0.000000 0.000000 0.000000 0.000000
 1814.000000 -0.770612 0.142142 0.000000 -3.356144 -3.356144 -3.356144 0.000000 0.000000 0.000000 0.000000 0.000000 0.000000 0.000000 0.000000
 1815.000000 -1.124462 0.071020 0.000000 -3.907743 -3.907743 -3.907743 0.000000 0.000000 0.000000 0.000000 0.000000 0.000000 0.000000 0.000000
 1816.000000 -1.085517 -0.019262 0.000000 -3.983891 -3.983891 -3.983891 0.000000 0.000000 0.000000 0.000000 0.000000 0.000000 0.000000 0.000000
 1817.000000 -1.497857 0.245351 0.000000 -2.403236 -2.403236 -2.403236 0.000000 0.000000 0.000000 0.000000 0.000000 0.000000 0.000000 0.000000
 1818.000000 -0.943786 -0.031648 0.000000 -3.922482 -3.922482 -3.922482 0.000000 0.000000 0.000000 0.000000 0.000000 0.000000 0.000000 0.000000
 1819.000000 -0.917930 0.197229 0.000000 -3.637404 -3.637404 -3.637404 0.000000 0.000000 0.000000 0.000000 0.000000 0.000000 0.000000 0.000000
 1820.000000 -1.130235 0.671431 0.000000 -2.401700 -2.401700 -2.401700 0.000000 0.000000 0.000000 0.000000 0.000000 0.000000 0.000000 0.000000
 1821.000000 -0.922570 0.042410 0.000000 -3.853432 -3.853432 -3.853432 0.000000 0.000000 0.000000 0.000000 0.000000 0.000000 0.000000 0.000000
 1822.000000 -0.984770 -0.122108 0.000000 -3.945988 -3.945988 -3.945988 0.000000 0.000000 0.000000 0.000000 0.000000 0.000000 0.000000 0.000000
 1823.000000 -1.658480 -0.033460 0.000000 -1.567867 -1.567867 -1.567867 0.000000 0.000000 0.000000 0.000000 0.000000 0.000000 0.000000 0.000000
 1824.000000 -1.926843 0.314528 0.000000 0.899076 0.899076 0.899076 0.000000 0.000000 0.000000 0.000000 0.000000 0.000000 0.000000 0.000000
 1825.000000 -1.261300 0.713863 0.000000 -2.030868 -2.030868 -2.030868 0.000000 0.000000 0.000000 0.000000 0.000000 0.000000 0.000000 0.000000
 1826.000000 -1.703148 0.695544 0.000000 -0.115300 -0.115300 -0.115300 0.000000 0.000000 0.000000 0.000000 0.000000 0.000000 0.000000 0.000000
 1827.000000 -0.962736 0.217157 0.000000 -3.666260 -3.666260 -3.666260 0.000000 0.000000 0.000000 0.000000 0.000000 0.000000 0.000000 0.000000
 1828.000000 -0.931633 -0.047808 0.000000 -3.907447 -3.907447 -3.907447 0.000000 0.000000 0.000000 0.000000 0.000000 0.000000 0.000000 0.000000
 1829.000000 -0.571120 0.396904 0.000000 -2.169665 -2.169665 -2.169665 0.000000 0.000000 0.000000 0.000000 0.000000 0.000000 0.000000 0.000000
 1830.000000 -1.001610 -0.121179 0.000000 -3.957176 -3.957176 -3.957176 0.000000 0.000000 0.000000 0.000000 0.000000 0.000000 0.000000 0.000000
 1831.000000 -0.960220 0.568125 0.000000 -2.749776 -2.749776 -2.749776 0.000000 0.000000 0.000000 0.000000 0.000000 0.000000 0.000000 0.000000
 1832.000000 -0.818990 1.048677 0.000000 -1.657131 -1.657131 -1.657131 0.000000 0.000000 0.000000 0.000000 0.000000 0.000000 0.000000 0.000000
 1833.000000 -0.477349 1.127687 0.000000 -1.650321 -1.650321 -1.650321 0.000000 0.000000 0.000000 0.000000 0.000000 0.000000 0.000000 0.000000
 1834.000000 -0.690263 0.207668 0.000000 -2.968437 -2.968437 -2.968437 0.000000 0.000000 0.000000 0.000000 0.000000 0.000000 0.000000 0.000000
 1835.000000 -1.000888 -0.304640 0.000000 -3.695467 -3.695467 -3.695467 0.000000 0.000000 0.000000 0.000000 0.000000 0.000000 0.000000 0.000000
 1836.000000 -1.082789 -0.344858 0.000000 -3.579649 -3.579649 -3.579649 0.000000 0.000000 0.000000 0.000000 0.000000 0.000000 0.000000 0.000000
 1837.000000 -1.078192 -0.161978 0.000000 -3.922459 -3.922459 -3.922459 0.000000 0.000000 0.000000 0.000000 0.000000 0.000000 0.000000 0.000000
 1838.000000 -0.728488 -0.031387 0.000000 -3.385916 -3.385916 -3.385916 0.000000 0.000000 0.000000 0.000000 0.000000 0.000000 0.000000 0.000000
 1839.000000 -0.753886 0.184879 0.000000 -3.232994 -3.232994 -3.232994 0.000000 0.000000 0.000000 0.000000 0.000000 0.000000 0.000000 0.000000
 1840.000000 -0.879799 -0.004242 0.000000 -3.802130 -3.802130 -3.802130 0.000000 0.000000 0.000000 0.000000 0.000000 0.000000 0.000000 0.000000
 1841.000000 -0.797551 -0.246668 0.000000 -3.504658 -3.504658 -3.504658 0.000000 0.000000 0.000000 0.000000 0.000000 0.000000 0.000000 0.000000
 1842.000000 -1.012870 -0.354348 0.000000 -3.578668 -3.578668 -3.578668 0.000000 0.000000 0.000000 0.000000 0.000000 0.000000 0.000000 0.000000
 1843.000000 -0.700973 0.242309 0.000000 -2.945569 -2.945569 -2.945569 0.000000 0.000000 0.000000 0.000000 0.000000 0.000000 0.000000 0.000000
 1844.000000 -1.259585 0.064927 0.000000 -3.656204 -3.656204 -3.656204 0.000000 0.000000 0.000000 0.000000 0.000000 0.000000 0.000000 0.000000
 1845.000000 -1.127792 -0.057497 0.000000 -3.949668 -3.949668 -3.949668 0.000000 0.000000 0.000000 0.000000 0.000000 0.000000 0.000000 0.000000
 1846.000000 -1.307304 0.594837 0.000000 -2.290639 -2.290639 -2.290639 0.000000 0.000000 0.000000 0.000000 0.000000 0.000000 0.000000 0.000000
 1847.000000 -1.270597 1.137704 0.000000 -0.815210 -0.815210 -0.815210 0.000000 0.000000 0.000000 0.000000 0.000000 0.000000 0.000000 0.000000
 1848.000000 -1.177095 1.757607 0.000000 0.338647 0.338647 0.338647 0.000000 0.000000 0.000000 0.000000 0.000000 0.000000 0.000000 0.000000
 1849.000000 -1.014583 1.701803 0.000000 -0.273203 -0.273203 -0.273203 0.000000 0.000000 0.000000 0.000000 0.000000 0.000000 0.000000 0.000000
 1850.000000 -0.343509 1.214394 0.000000 -1.754628 -1.754628 -1.754628 0.000000 0.000000 0.000000 0.000000 0.000000 0.000000 0.000000 0.000000
 1851.000000 -1.129114 0.836645 0.000000 -1.900911 -1.900911 -1.900911 0.000000 0.000000 0.000000 0.000000 0.000000 0.000000 0.000000 0.000000
 1852.000000 -1.410637 1.012819 0.000000 -0.694174 -0.694174 -0.694174 0.000000 0.000000 0.000000 0.000000 0.000000 0.000000 0.000000 0.000000
 1853.000000 -1.351025 1.190602 0.000000 -0.455176 -0.455176 -0.455176 0.000000 0.000000 0.000000 0.000000 0.000000 0.000000 0.000000 0.000000
 1854.000000 -1.176162 0.604479 0.000000 -2.554756 -2.554756 -2.554756 0.000000 0.000000 0.000000 0.000000 0.000000 0.000000 0.000000 0.000000
 1855.000000 -1.261566 0.403264 0.000000 -3.003410 -3.003410 -3.003410 0.000000 0.000000 0.000000 0.000000 0.000000 0.000000 0.000000 0.000000
 1856.000000 -1.653655 -0.036522 0.000000 -1.602996 -1.602996 -1.602996 0.000000 0.000000 0.000000 0.000000 0.000000 0.000000 0.000000 0.000000
 1857.000000 -0.999170 -0.046037 0.000000 -3.979162 -3.979162 -3.979162 0.000000 0.000000 0.000000 0.000000 0.000000 0.000000 0.000000 0.000000
 1858.000000 -0.914496 0.091960 0.000000 -3.790661 -3.790661 -3.790661 0.000000 0.000000 0.000000 0.000000 0.000000 0.000000 0.000000 0.000000
 1859.000000 -0.793776 0.282683 0.000000 -3.171022 -3.171022 -3.171022 0.000000 0.000000 0.000000 0.000000 0.000000 0.000000 0.000000 0.000000
 1860.000000 -1.110252 0.034216 0.000000 -3.947634 -3.947634 -3.947634 0.000000 0.000000 0.000000 0.000000 0.000000 0.000000 0.000000 0.000000
 1861.000000 -1.134052 0.346653 0.000000 -3.387001 -3.387001 -3.387001 0.000000 0.000000 0.000000 0.000000 0.000000 0.000000 0.000000 0.000000
 1862.000000 -1.277190 0.862700 0.000000 -1.529181 -1.529181 -1.529181 0.000000 0.000000 0.000000 0.000000 0.000000 0.000000 0.000000 0.000000
 1863.000000 -0.879344 0.827045 0.000000 -2.027928 -2.027928 -2.027928 0.000000 0.000000 0.000000 0.000000 0.000000 0.000000 0.000000 0.000000
 1864.000000 -0.619103 0.464282 0.000000 -2.221330 -2.221330 -2.221330 0.000000 0.000000 0.000000 0.000000 0.000000 0.000000 0.000000 0.000000
 1865.000000 -0.461037 0.043278 0.000000 -2.256467 -2.256467 -2.256467 0.000000 0.000000 0.000000 0.000000 0.000000 0.000000 0.000000 0.000000
 1866.000000 -0.692845 0.069278 0.000000 -3.177789 -3.177789 -3.177789 0.000000 0.000000 0.000000 0.000000 0.000000 0.000000 0.000000 0.000000
 1867.000000 -0.698090 -0.126055 0.000000 -3.293219 -3.293219 -3.293219 0.000000 0.000000 0.000000 0.000000 0.000000 0.000000 0.000000 0.000000
 1868.000000 -0.807998 0.141366 0.000000 -3.471960 -3.471960 -3.471960 0.000000 0.000000 0.000000 0.000000 0.000000 0.000000 0.000000 0.000000
 1869.000000 -1.142249 0.113315 0.000000 -3.844143 -3.844143 -3.844143 0.000000 0.000000 0.000000 0.000000 0.000000 0.000000 0.000000 0.000000
 1870.000000 -0.474639 -0.145363 0.000000 -2.435855 -2.435855 -2.435855 0.000000 0.000000 0.000000 0.000000 0.000000 0.000000 0.000000 0.000000
 1871.000000 -0.962924 -0.415896 0.000000 -3.392725 -3.392725 -3.392725 0.000000 0.000000 0.000000 0.000000 0.000000 0.000000 0.000000 0.000000
 1872.000000 -1.504524 0.362348 0.000000 -2.128144 -2.128144 -2.128144 0.000000 0.000000 0.000000 0.000000 0.000000 0.000000 0.000000 0.000000
 1873.000000 -1.252102 0.132828 0.000000 -3.607570 -3.607570 -3.607570 0.000000 0.000000 0.000000 0.000000 0.000000 0.000000 0.000000 0.000000
 1874.000000 -1.186604 0.112869 0.000000 -3.778752 -3.778752 -3.778752 0.000000 0.000000 0.000000 0.000000 0.000000 0.000000 0.000000 0.000000
 1875.000000 -1.068783 -0.019944 0.000000 -3.990261 -3.990261 -3.990261 0.000000 0.000000 0.000000 0.000000 0.000000 0.000000 0.000000 0.000000
 1876.000000 -1.160074 0.188334 0.000000 -3.709819 -3.709819 -3.709819 0.000000 0.000000 0.000000 0.000000 0.000000 0.000000 0.000000 0.000000
 1877.000000 -1.197887 -0.134281 0.000000 -3.793693 -3.793693 -3.793693 0.000000 0.000000 0.000000 0.000000 0.000000 0.000000 0.000000 0.000000
 1878.000000 -1.142557 -0.430537 0.000000 -3.259977 -3.259977 -3.259977 0.000000 0.000000 0.000000 0.000000 0.000000 0.000000 0.000000 0.000000
 1879.000000 -1.006702 -0.413198 0.000000 -3.413405 -3.413405 -3.413405 0.000000 0.000000 0.000000 0.000000 0.000000 0.000000 0.000000 0.000000
 1880.000000 -1.461626 -0.301005 0.000000 -2.526365 -2.526365 -2.526365 0.000000 0.000000 0.000000 0.000000 0.000000 0.000000 0.000000 0.000000
 1881.000000 -0.762768 -0.075096 0.000000 -3.510534 -3.510534 -3.510534 0.000000 0.000000 0.000000 0.000000 0.000000 0.000000 0.000000 0.000000
 1882.000000 -1.609970 0.006213 0.000000 -1.918377 -1.918377 -1.918377 0.000000 0.000000 0.000000 0.000000 0.000000 0.000000 0.000000 0.000000
 1883.000000 -1.228455 0.173748 0.000000 -3.607588 -3.607588 -3.607588 0.000000 0.000000 0.000000 0.000000 0.000000 0.000000 0.000000 0.000000
 1884.000000 -1.497173 -0.353568 0.000000 -2.211779 -2.211779 -2.211779 0.000000 0.000000 0.000000 0.000000 0.000000 0.000000 0.000000 0.000000
 1885.000000 -0.750808 -0.531998 0.000000 -2.746848 -2.746848 -2.746848 0.000000 0.000000 0.000000 0.000000 0.000000 0.000000 0.000000 0.000000
 1886.000000 -0.279192 -0.583369 0.000000 -1.486228 -1.486228 -1.486228 0.000000 0.000000 0.000000 0.000000 0.000000 0.000000 0.000000 0.000000
 1887.000000 -0.466324 -0.434153 0.000000 -2.208160 -2.208160 -2.208160 0.000000 0.000000 0.000000 0.000000 0.000000 0.000000 0.000000 0.000000
 1888.000000 -0.475400 -0.792654 0.000000 -1.328667 -1.328667 -1.328667 0.000000 0.000000 0.000000 0.000000 0.000000 0.000000 0.000000 0.000000
 1889.000000 -0.854470 0.115902 0.000000 -3.632868 -3.632868 -3.632868 0.000000 0.000000 0.000000 0.000000 0.000000 0.000000 0.000000 0.000000
 1890.000000 -0.929649 -0.154816 0.000000 -3.864344 -3.864344 -3.864344 0.000000 0.000000 0.000000 0.000000 0.000000 0.000000 0.000000 0.000000
 1891.000000 -1.248518 -0.284365 0.000000 -3.432763 -3.432763 -3.432763 0.000000 0.000000 0.000000 0.000000 0.000000 0.000000 0.000000 0.000000
 1892.000000 -1.132490 -0.269127 0.000000 -3.704541 -3.704541 -3.704541 0.000000 0.000000 0.000000 0.000000 0.000000 0.000000 0.000000 0.000000
 1893.000000 -1.207878 -0.049603 0.000000 -3.819205 -3.819205 -3.819205 0.000000 0.000000 0.000000 0.000000 0.000000 0.000000 0.000000 0.000000
 1894.000000 -1.401679 0.084984 0.000000 -3.106139 -3.106139 -3.106139 0.000000 0.000000 0.000000 0.000000 0.000000 0.000000 0.000000 0.000000
 1895.000000 -1.116321 -0.402494 0.000000 -3.383930 -3.383930 -3.383930 0.000000 0.000000 0.000000 0.000000 0.000000 0.000000 0.000000 0.000000
 1896.000000 -0.937581 -0.312622 0.000000 -3.637805 -3.637805 -3.637805 0.000000 0.000000 0.000000 0.000000 0.000000 0.000000 0.000000 0.000000
 1897.000000 -0.696722 -0.210471 0.000000 -3.248018 -3.248018 -3.248018 0.000000 0.000000 0.000000 0.000000 0.000000 0.000000 0.000000 0.000000
 1898.000000 -0.418801 -0.653601 0.000000 -1.627627 -1.627627 -1.627627 0.000000 0.000000 0.000000 0.000000 0.000000 0.000000 0.000000 0.000000
 1899.000000 -0.657264 -0.585481 0.000000 -2.378347 -2.378347 -2.378347 0.000000 0.000000 0.000000 0.000000 0.000000 0.000000 0.000000 0.000000
 1900.000000 -0.895187 -0.045366 0.000000 -3.845626 -3.845626 -3.845626 0.000000 0.000000 0.000000 0.000000 0.000000 0.000000 0.000000 0.000000
 1901.000000 -0.705153 -0.050915 0.000000 -3.311676 -3.311676 -3.311676 0.000000 0.000000 0.000000 0.000000 0.000000 0.000000 0.000000 0.000000
 1902.000000 -0.409007 -0.250415 0.000000 -2.187137 -2.187137 -2.187137 0.000000 0.000000 0.000000 0.000000 0.000000 0.000000 0.000000 0.000000
 1903.000000 -0.499604 -0.031534 0.000000 -2.484397 -2.484397 -2.484397 0.000000 0.000000 0.000000 0.000000 0.000000 0.000000 0.000000 0.000000
 1904.000000 -1.254551 0.202217 0.000000 -3.494500 -3.494500 -3.494500 0.000000 0.000000 0.000000 0.000000 0.000000 0.000000 0.000000 0.000000
 1905.000000 -1.032740 0.741833 0.000000 -2.259078 -2.259078 -2.259078 0.000000 0.000000 0.000000 0.000000 0.000000 0.000000 0.000000 0.000000
 1906.000000 -1.172923 1.027747 0.000000 -1.313913 -1.313913 -1.313913 0.000000 0.000000 0.000000 0.000000 0.000000 0.000000 0.000000 0.000000
 1907.000000 -0.856882 0.807533 0.000000 -2.055290 -2.055290 -2.055290 0.000000 0.000000 0.000000 0.000000 0.000000 0.000000 0.000000 0.000000
 1908.000000 -0.932503 0.268442 0.000000 -3.516982 -3.516982 -3.516982 0.000000 0.000000 0.000000 0.000000 0.000000 0.000000 0.000000 0.000000
 1909.000000 -1.254376 -0.231415 0.000000 -3.521057 -3.521057 -3.521057 0.000000 0.000000 0.000000 0.000000 0.000000 0.000000 0.000000 0.000000
 1910.000000 -1.310851 -0.415929 0.000000 -2.885030 -2.885030 -2.885030 0.000000 0.000000 0.000000 0.000000 0.000000 0.000000 0.000000 0.000000
 1911.000000 -1.077891 -0.079052 0.000000 -3.981925 -3.981925 -3.981925 0.000000 0.000000 0.000000 0.000000 0.000000 0.000000 0.000000 0.000000
 1912.000000 -1.070143 -0.438541 0.000000 -3.313789 -3.313789 -3.313789 0.000000 0.000000 0.000000 0.000000 0.000000 0.000000 0.000000 0.000000
 1913.000000 -1.309377 -0.356283 0.000000 -3.063402 -3.063402 -3.063402 0.000000 0.000000 0.000000 0.000000 0.000000 0.000000 0.000000 0.000000
 1914.000000 -0.995297 -0.423204 0.000000 -3.381832 -3.381832 -3.381832 0.000000 0.000000 0.000000 0.000000 0.000000 0.000000 0.000000 0.000000
 1915.000000 -1.206031 -0.122471 0.000000 -3.786429 -3.786429 -3.786429 0.000000 0.000000 0.000000 0.000000 0.000000 0.000000 0.000000 0.000000
 1916.000000 -1.004870 -0.039098 0.000000 -3.982337 -3.982337 -3.982337 0.000000 0.000000 0.000000 0.000000 0.000000 0.000000 0.000000 0.000000
 1917.000000 -1.341439 0.001310 0.000000 -3.407151 -3.407151 -3.407151 0.000000 0.000000 0.000000 0.000000 0.000000 0.000000 0.000000 0.000000
 1918.000000 -1.033524 -0.333816 0.000000 -3.629746 -3.629746 -3.629746 0.000000 0.000000 0.000000 0.000000 0.000000 0.000000 0.000000 0.000000
 1919.000000 -1.845751 -0.506186 0.000000 0.575141 0.575141 0.575141 0.000000 0.000000 0.000000 0.000000 0.000000 0.000000 0.000000 0.000000
 1920.000000 -1.414051 -0.271980 0.000000 -2.826997 -2.826997 -2.826997 0.000000 0.000000 0.000000 0.000000 0.000000 0.000000 0.000000 0.000000
 1921.000000 -0.921585 -0.247882 0.000000 -3.740784 -3.740784 -3.740784 0.000000 0.000000 0.000000 0.000000 0.000000 0.000000 0.000000 0.000000
 1922.000000 -0.921181 -0.063751 0.000000 -3.891660 -3.891660 -3.891660 0.000000 0.000000 0.000000 0.000000 0.000000 0.000000 0.000000 0.000000
 1923.000000 -1.364341 -0.210639 0.000000 -3.162641 -3.162641 -3.162641 0.000000 0.000000 0.000000 0.000000 0.000000 0.000000 0.000000 0.000000
 1924.000000 -1.332538 -0.206755 0.000000 -3.298037 -3.298037 -3.298037 0.000000 0.000000 0.000000 0.000000 0.000000 0.000000 0.000000 0.000000
 1925.000000 -1.326421 -0.528510 0.000000 -2.445168 -2.445168 -2.445168 0.000000 0.000000 0.000000 0.000000 0.000000 0.000000 0.000000 0.000000
 1926.000000 -0.808735 -0.688604 0.000000 -2.271761 -2.271761 -2.271761 0.000000 0.000000 0.000000 0.000000 0.000000 0.000000 0.000000 0.000000
 1927.000000 -0.816893 -0.599766 0.000000 -2.626798 -2.626798 -2.626798 0.000000 0.000000 0.000000 0.000000 0.000000 0.000000 0.000000 0.000000
 1928.000000 -0.417851 -0.423995 0.000000 -2.076333 -2.076333 -2.076333 0.000000 0.000000 0.000000 0.000000 0.000000 0.000000 0.000000 0.000000
 1929.000000 -0.673347 -0.530880 0.000000 -2.578816 -2.578816 -2.578816 0.000000 0.000000 0.000000 0.000000 0.000000 0.000000 0.000000 0.000000
 1930.000000 -0.699979 -0.536510 0.000000 -2.624416 -2.624416 -2.624416 0.000000 0.000000 0.000000 0.000000 0.000000 0.000000 0.000000 0.000000
 1931.000000 -0.769390 -0.366596 0.000000 -3.227406 -3.227406 -3.227406 0.000000 0.000000 0.000000 0.000000 0.000000 0.000000 0.000000 0.000000
 1932.000000 -0.808000 0.191324 0.000000 -3.390554 -3.390554 -3.390554 0.000000 0.000000 0.000000 0.000000 0.000000 0.000000 0.000000 0.000000
 1933.000000 -0.426859 0.811502 0.000000 -1.398298 -1.398298 -1.398298 0.000000 0.000000 0.000000 0.000000 0.000000 0.000000 0.000000 0.000000
 1934.000000 -0.911154 1.631225 0.000000 -0.713956 -0.713956 -0.713956 0.000000 0.000000 0.000000 0.000000 0.000000 0.000000 0.000000 0.000000
 1935.000000 -0.167372 1.849845 0.000000 -1.593761 -1.593761 -1.593761 0.000000 0.000000 0.000000 0.000000 0.000000 0.000000 1.064610 4258.439115
 1936.000000 -0.993100 1.468096 0.000000 -0.830994 -0.830994 -0.830994 0.000000 0.000000 0.000000 0.000000 0.000000 0.000000 0.000000 0.000000
 1937.000000 -1.133705 1.750203 0.000000 0.191914 0.191914 0.191914 0.000000 0.000000 0.000000 0.000000 0.000000 0.000000 0.000000 0.000000
 1938.000000 -0.966082 0.937060 0.000000 -1.791656 -1.791656 -1.791656 0.000000 0.000000 0.000000 0.000000 0.000000 0.000000 0.000000 0.000000
 1939.000000 -1.000240 -0.166945 0.000000 -3.918199 -3.918199 -3.918199 0.000000 0.000000 0.000000 0.000000 0.000000 0.000000 0.000000 0.000000
 1940.000000 -0.988609 -0.645639 0.000000 -2.556020 -2.556020 -2.556020 0.000000 0.000000 0.000000 0.000000 0.000000 0.000000 0.000000 0.000000
 1941.000000 -1.605676 -0.528510 0.000000 -1.078239 -1.078239 -1.078239 0.000000 0.000000 0.000000 0.000000 0.000000 0.000000 0.000000 0.000000
 1942.000000 -1.094718 -0.112620 0.000000 -3.955465 -3.955465 -3.955465 0.000000 0.000000 0.000000 0.000000 0.000000 0.000000 0.000000 0.000000
 1943.000000 -0.678762 0.041115 0.000000 -3.153410 -3.153410 -3.153410 0.000000 0.000000 0.000000 0.000000 0.000000 0.000000 0.000000 0.000000
 1944.000000 -0.728633 -0.095767 0.000000 -3.400530 -3.400530 -3.400530 0.000000 0.000000 0.000000 0.000000 0.000000 0.000000 0.000000 0.000000
 1945.000000 -0.488284 -0.158306 0.000000 -2.490541 -2.490541 -2.490541 0.000000 0.000000 0.000000 0.000000 0.000000 0.000000 0.000000 0.000000
 1946.000000 -1.022220 -0.321100 0.000000 -3.661147 -3.661147 -3.661147 0.000000 0.000000 0.000000 0.000000 0.000000 0.000000 0.000000 0.000000
 1947.000000 -0.707335 -0.259697 0.000000 -3.233596 -3.233596 -3.233596 0.000000 0.000000 0.000000 0.000000 0.000000 0.000000 0.000000 0.000000
 1948.000000 -1.071935 0.593426 0.000000 -2.692664 -2.692664 -2.692664 0.000000 0.000000 0.000000 0.000000 0.000000 0.000000 0.000000 0.000000
 1949.000000 -0.622317 1.120939 0.000000 -1.646309 -1.646309 -1.646309 0.000000 0.000000 0.000000 0.000000 0.000000 0.000000 0.000000 0.000000
 1950.000000 -0.232654 0.911630 0.000000 -1.235303 -1.235303 -1.235303 0.000000 0.000000 0.000000 0.000000 0.000000 0.000000 0.000000 0.000000
 1951.000000 -0.404109 1.414564 0.000000 -1.888952 -1.888952 -1.888952 0.000000 0.000000 0.000000 0.000000 0.000000 0.000000 0.000000 0.000000
 1952.000000 -0.174559 1.227194 0.000000 -1.802341 -1.802341 -1.802341 0.000000 0.000000 0.000000 0.000000 0.000000 0.000000 0.647255 2589.019917
 1953.000000 -0.553487 1.555607 0.000000 -1.624501 -1.624501 -1.624501 0.000000 0.000000 0.000000 0.000000 0.000000 0.000000 0.000000 0.000000
 1954.000000 -0.481745 1.654584 0.000000 -1.626312 -1.626312 -1.626312 0.000000 0.000000 0.000000 0.000000 0.000000 0.000000 0.000000 0.000000
 1955.000000 -0.520852 1.785367 0.000000 -1.258122 -1.258122 -1.258122 0.000000 0.000000 0.000000 0.000000 0.000000 0.000000 0.000000 0.000000
 1956.000000 -0.549699 1.807320 0.000000 -1.132317 -1.132317 -1.132317 0.000000 0.000000 0.000000 0.000000 0.000000 0.000000 0.000000 0.000000
 1957.000000 -1.001489 1.402631 0.000000 -0.924714 -0.924714 -0.924714 0.000000 0.000000 0.000000 0.000000 0.000000 0.000000 0.000000 0.000000
 1958.000000 -0.605011 1.249971 0.000000 -1.659342 -1.659342 -1.659342 0.000000 0.000000 0.000000 0.000000 0.000000 0.000000 0.000000 0.000000
 1959.000000 -0.911519 1.476198 0.000000 -1.003073 -1.003073 -1.003073 0.000000 0.000000 0.000000 0.000000 0.000000 0.000000 0.000000 0.000000
 1960.000000 -0.727661 1.093839 0.000000 -1.638374 -1.638374 -1.638374 0.000000 0.000000 0.000000 0.000000 0.000000 0.000000 0.000000 0.000000
 1961.000000 -0.623587 0.900946 0.000000 -1.693216 -1.693216 -1.693216 0.000000 0.000000 0.000000 0.000000 0.000000 0.000000 0.000000 0.000000
 1962.000000 -0.863120 0.083242 0.000000 -3.694027 -3.694027 -3.694027 0.000000 0.000000 0.000000 0.000000 0.000000 0.000000 0.000000 0.000000
 1963.000000 -1.023299 -0.406751 0.000000 -3.432135 -3.432135 -3.432135 0.000000 0.000000 0.000000 0.000000 0.000000 0.000000 0.000000 0.000000
 1964.000000 -0.937156 -0.214862 0.000000 -3.808462 -3.808462 -3.808462 0.000000 0.000000 0.000000 0.000000 0.000000 0.000000 0.000000 0.000000
 1965.000000 -1.254263 -0.626696 0.000000 -2.276444 -2.276444 -2.276444 0.000000 0.000000 0.000000 0.000000 0.000000 0.000000 0.000000 0.000000
 1966.000000 -0.683470 -0.247130 0.000000 -3.171190 -3.171190 -3.171190 0.000000 0.000000 0.000000 0.000000 0.000000 0.000000 0.000000 0.000000
 1967.000000 -0.821623 -0.913370 0.000000 -1.286510 -1.286510 -1.286510 0.000000 0.000000 0.000000 0.000000 0.000000 0.000000 0.000000 0.000000
 1968.000000 -0.436097 -0.442408 0.000000 -2.104584 -2.104584 -2.104584 0.000000 0.000000 0.000000 0.000000 0.000000 0.000000 0.000000 0.000000
 1969.000000 -0.916264 -0.440730 0.000000 -3.284000 -3.284000 -3.284000 0.000000 0.000000 0.000000 0.000000 0.000000 0.000000 0.000000 0.000000
 1970.000000 -0.953537 -0.111513 0.000000 -3.922718 -3.922718 -3.922718 0.000000 0.000000 0.000000 0.000000 0.000000 0.000000 0.000000 0.000000
 1971.000000 -1.084734 0.518645 0.000000 -2.919659 -2.919659 -2.919659 0.000000 0.000000 0.000000 0.000000 0.000000 0.000000 0.000000 0.000000
 1972.000000 -0.332017 0.316092 0.000000 -1.408458 -1.408458 -1.408458 0.000000 0.000000 0.000000 0.000000 0.000000 0.000000 0.000000 0.000000
 1973.000000 -0.496761 -0.210861 0.000000 -2.517728 -2.517728 -2.517728 0.000000 0.000000 0.000000 0.000000 0.000000 0.000000 0.000000 0.000000
 1974.000000 -0.413246 0.263805 0.000000 -1.769048 -1.769048 -1.769048 0.000000 0.000000 0.000000 0.000000 0.000000 0.000000 0.000000 0.000000
 1975.000000 -0.708937 0.384468 0.000000 -2.685094 -2.685094 -2.685094 0.000000 0.000000 0.000000 0.000000 0.000000 0.000000 0.000000 0.000000
 1976.000000 -0.836476 -0.179581 0.000000 -3.671687 -3.671687 -3.671687 0.000000 0.000000 0.000000 0.000000 0.000000 0.000000 0.000000 0.000000
 1977.000000 -1.332889 -0.115772 0.000000 -3.404154 -3.404154 -3.404154 0.000000 0.000000 0.000000 0.000000 0.000000 0.000000 0.000000 0.000000
 1978.000000 -1.506268 -0.126341 0.000000 -2.540258 -2.540258 -2.540258 0.000000 0.000000 0.000000 0.000000 0.000000 0.000000 0.000000 0.000000
 1979.000000 -1.948450 0.520134 0.000000 1.377490 1.377490 1.377490 0.000000 0.000000 0.000000 0.000000 0.000000 0.000000 0.000000 0.000000
 1980.000000 -1.501245 0.357585 0.000000 -2.156848 -2.156848 -2.156848 0.000000 0.000000 0.000000 0.000000 0.000000 0.000000 0.000000 0.000000
 1981.000000 -0.727297 0.050075 0.000000 -3.323395 -3.323395 -3.323395 0.000000 0.000000 0.000000 0.000000 0.000000 0.000000 0.000000 0.000000
 1982.000000 -0.553156 -0.090878 0.000000 -2.735751 -2.735751 -2.735751 0.000000 0.000000 0.000000 0.000000 0.000000 0.000000 0.000000 0.000000
 1983.000000 -1.083758 -0.391808 0.000000 -3.448591 -3.448591 -3.448591 0.000000 0.000000 0.000000 0.000000 0.000000 0.000000 0.000000 0.000000
 1984.000000 -0.745194 -0.057646 0.000000 -3.451235 -3.451235 -3.451235 0.000000 0.000000 0.000000 0.000000 0.000000 0.000000 0.000000 0.000000
 1985.000000 -0.987735 -0.409078 0.000000 -3.422647 -3.422647 -3.422647 0.000000 0.000000 0.000000 0.000000 0.000000 0.000000 0.000000 0.000000
 1986.000000 -1.587608 0.102752 0.000000 -2.030026 -2.030026 -2.030026 0.000000 0.000000 0.000000 0.000000 0.000000 0.000000 0.000000 0.000000
 1987.000000 -1.271043 0.156506 0.000000 -3.522291 -3.522291 -3.522291 0.000000 0.000000 0.000000 0.000000 0.000000 0.000000 0.000000 0.000000
 1988.000000 -1.337498 -0.005337 0.000000 -3.423640 -3.423640 -3.423640 0.000000 0.000000 0.000000 0.000000 0.000000 0.000000 0.000000 0.000000
 1989.000000 -1.354223 -0.078932 0.000000 -3.342370 -3.342370 -3.342370 0.000000 0.000000 0.000000 0.000000 0.000000 0.000000 0.000000 0.000000
 1990.000000 -1.178939 0.285164 0.000000 -3.483101 -3.483101 -3.483101 0.000000 0.000000 0.000000 0.000000 0.000000 0.000000 0.000000 0.000000
 1991.000000 -0.781023 0.231013 0.000000 -3.236934 -3.236934 -3.236934 0.000000 0.000000 0.000000 0.000000 0.000000 0.000000 0.000000 0.000000
 1992.000000 -0.906248 0.245589 0.000000 -3.521256 -3.521256 -3.521256 0.000000 0.000000 0.000000 0.000000 0.000000 0.000000 0.000000 0.000000
 1993.000000 -1.041157 0.510378 0.000000 -2.954513 -2.954513 -2.954513 0.000000 0.000000 0.000000 0.000000 0.000000 0.000000 0.000000 0.000000
 1994.000000 -1.016890 0.052285 0.000000 -3.948231 -3.948231 -3.948231 0.000000 0.000000 0.000000 0.000000 0.000000 0.000000 0.000000 0.000000
 1995.000000 -0.980010 1.040135 0.000000 -1.572030 -1.572030 -1.572030 0.000000 0.000000 0.000000 0.000000 0.000000 0.000000 0.000000 0.000000
 1996.000000 -1.347474 0.643319 0.000000 -2.009552 -2.009552 -2.009552 0.000000 0.000000 0.000000 0.000000 0.000000 0.000000 0.000000 0.000000
 1997.000000 -1.371732 0.212017 0.000000 -3.077085 -3.077085 -3.077085 0.000000 0.000000 0.000000 0.000000 0.000000 0.000000 0.000000 0.000000
 1998.000000 -1.239432 -0.315717 0.000000 -3.385101 -3.385101 -3.385101 0.000000 0.000000 0.000000 0.000000 0.000000 0.000000 0.000000 0.000000
 1999.000000 -1.034784 -0.448187 0.000000 -3.299808 -3.299808 -3.299808 0.000000 0.000000 0.000000 0.000000 0.000000 0.000000 0.000000 0.000000
 2000.000000 -1.259935 -0.562169 0.000000 -2.525677 -2.525677 -2.525677 0.000000 0.000000 0.000000 0.000000 0.000000 0.000000 0.000000 0.000000
