#! FIELDS time p.x p.y p.z ene pot.bias pot.ene_bias lwall.bias lwall.force2 uwall.bias uwall.force2 lwall_x.bias lwall_x.force2 uwall_x.bias uwall_x.force2
 0.000000 1.000000 0.000000 0.000000 -3.970150 -3.970150 -3.970150 0.000000 0.000000 0.000000 0.000000 0.000000 0.000000 0.000000 0.000000
 1.000000 1.045674 0.415893 0.000000 -3.233899 -3.233899 -3.233899 0.000000 0.000000 0.000000 0.000000 0.000000 0.000000 0.000000 0.000000
 2.000000 0.950635 -0.113650 0.000000 -3.918313 -3.918313 -3.918313 0.000000 0.000000 0.000000 0.000000 0.000000 0.000000 0.000000 0.000000
 3.000000 0.712673 0.368239 0.000000 -2.732177 -2.732177 -2.732177 0.000000 0.000000 0.000000 0.000000 0.000000 0.000000 0.000000 0.000000
 4.000000 0.613557 0.309117 0.000000 -2.490284 -2.490284 -2.490284 0.000000 0.000000 0.000000 0.000000 0.000000 0.000000 0.000000 0.000000
 5.000000 1.288757 -0.253282 0.000000 -3.373979 -3.373979 -3.373979 0.000000 0.000000 0.000000 0.000000 0.000000 0.000000 0.000000 0.000000
 6.000000 1.403301 -0.132260 0.000000 -3.085371 -3.085371 -3.085371 0.000000 0.000000 0.000000 0.000000 0.000000 0.000000 0.000000 0.000000
 7.000000 1.289629 -0.110695 0.000000 -3.564095 -3.564095 -3.564095 0.000000 0.000000 0.000000 0.000000 0.000000 0.000000 0.000000 0.000000
 8.000000 1.447185 -0.124007 0.000000 -2.872861 -2.872861 -2.872861 0.000000 0.000000 0.000000 0.000000 0.000000 0.000000 0.000000 0.000000
 9.000000 1.233714 0.838245 0.000000 -1.707454 -1.707454 -1.707454 0.000000 0.000000 0.000000 0.000000 0.000000 0.000000 0.000000 0.000000
 10.000000 1.171980 0.531760 0.000000 -2.793909 -2.793909 -2.793909 0.000000 0.000000 0.000000 0.000000 0.000000 0.000000 0.000000 0.000000
 11.000000 1.021177 0.472166 0.000000 -3.065388 -3.065388 -3.065388 0.000000 0.000000 0.000000 0.000000 0.000000 0.000000 0.000000 0.000000
 12.000000 0.901522 0.778212 0.000000 -2.148293 -2.148293 -2.148293 0.000000 0.000000 0.000000 0.000000 0.000000 0.000000 0.000000 0.000000
 13.000000 0.524047 0.751154 0.000000 -1.596550 -1.596550 -1.596550 0.000000 0.000000 0.000000 0.000000 0.000000 0.000000 0.000000 0.000000
 14.000000 0.293027 0.769349 0.000000 -1.143459 -1.143459 -1.143459 0.000000 0.000000 0.000000 0.000000 0.000000 0.000000 0.000000 0.000000
 15.000000 0.557851 0.725611 0.000000 -1.687822 -1.687822 -1.687822 0.000000 0.000000 0.000000 0.000000 0.000000 0.000000 0.000000 0.000000
 16.000000 0.728272 0.747696 0.000000 -2.009271 -2.009271 -2.009271 0.000000 0.000000 0.000000 0.000000 0.000000 0.000000 0.000000 0.000000
 17.000000 0.249686 -0.149085 0.000000 -1.670036 -1.670036 -1.670036 0.000000 0.000000 0.000000 0.000000 0.000000 0.000000 0.000000 0.000000
 18.000000 0.630054 -0.294464 0.000000 -2.940400 -2.940400 -2.940400 0.000000 0.000000 0.000000 0.000000 0.000000 0.000000 0.000000 0.000000
 19.000000 1.361094 -0.108207 0.000000 -3.295413 -3.295413 -3.295413 0.000000 0.000000 0.000000 0.000000 0.000000 0.000000 0.000000 0.000000
 20.000000 1.321250 -0.517401 0.000000 -2.504319 -2.504319 -2.504319 0.000000 0.000000 0.000000 0.000000 0.000000 0.000000 0.000000 0.000000
 21.000000 1.364917 0.041238 0.000000 -3.297770 -3.297770 -3.297770 0.000000 0.000000 0.000000 0.000000 0.000000 0.000000 0.000000 0.000000
 22.000000 0.838458 -0.104769 0.000000 -3.718738 -3.718738 -3.718738 0.000000 0.000000 0.000000 0.000000 0.000000 0.000000 0.000000 0.000000
 23.000000 0.816463 0.542092 0.000000 -2.611945 -2.611945 -2.611945 0.000000 0.000000 0.000000 0.000000 0.000000 0.000000 0.000000 0.000000
 24.000000 0.584681 0.293392 0.000000 -2.405137 -2.405137 -2.405137 0.000000 0.000000 0.000000 0.000000 0.000000 0.000000 0.000000 0.000000
 25.000000 0.932993 0.318637 0.000000 -3.401308 -3.401308 -3.401308 0.000000 0.000000 0.000000 0.000000 0.000000 0.000000 0.000000 0.000000
 26.000000 1.174969 0.236521 0.000000 -3.596208 -3.596208 -3.596208 0.000000 0.000000 0.000000 0.000000 0.000000 0.000000 0.000000 0.000000
 27.000000 0.814876 0.395772 0.000000 -2.970304 -2.970304 -2.970304 0.000000 0.000000 0.000000 0.000000 0.000000 0.000000 0.000000 0.000000
 28.000000 1.237459 0.782266 0.000000 -1.870290 -1.870290 -1.870290 0.000000 0.000000 0.000000 0.000000 0.000000 0.000000 0.000000 0.000000
 29.000000 0.716513 0.884337 0.000000 -1.807970 -1.807970 -1.807970 0.000000 0.000000 0.000000 0.000000 0.000000 0.000000 0.000000 0.000000
 30.000000 0.679166 0.829297 0.000000 -1.822091 -1.822091 -1.822091 0.000000 0.000000 0.000000 0.000000 0.000000 0.000000 0.000000 0.000000
 31.000000 0.675537 0.900377 0.000000 -1.750993 -1.750993 -1.750993 0.000000 0.000000 0.000000 0.000000 0.000000 0.000000 0.000000 0.000000
 32.000000 0.690036 0.602701 0.000000 -2.179703 -2.179703 -2.179703 0.000000 0.000000 0.000000 0.000000 0.000000 0.000000 0.000000 0.000000
 33.000000 1.039200 1.023801 0.000000 -1.540345 -1.540345 -1.540345 0.000000 0.000000 0.000000 0.000000 0.000000 0.000000 0.000000 0.000000
 34.000000 1.014715 0.545802 0.000000 -2.843632 -2.843632 -2.843632 0.000000 0.000000 0.000000 0.000000 0.000000 0.000000 0.000000 0.000000
 35.000000 1.361366 0.830873 0.000000 -1.377138 -1.377138 -1.377138 0.000000 0.000000 0.000000 0.000000 0.000000 0.000000 0.000000 0.000000
 36.000000 1.225054 0.642348 0.000000 -2.343570 -2.343570 -2.343570 0.000000 0.000000 0.000000 0.000000 0.000000 0.000000 0.000000 0.000000
 37.000000 1.145021 0.186539 0.000000 -3.732191 -3.732191 -3.732191 0.000000 0.000000 0.000000 0.000000 0.000000 0.000000 0.000000 0.000000
 38.000000 1.213212 -0.091108 0.000000 -3.791861 -3.791861 -3.791861 0.000000 0.000000 0.000000 0.000000 0.000000 0.000000 0.000000 0.000000
 39.000000 1.281898 -0.091427 0.000000 -3.602272 -3.602272 -3.602272 0.000000 0.000000 0.000000 0.000000 0.000000 0.000000 0.000000 0.000000
 40.000000 0.955342 0.462567 0.000000 -3.048547 -3.048547 -3.048547 0.000000 0.000000 0.000000 0.000000 0.000000 0.000000 0.000000 0.000000
 41.000000 0.667383 1.046297 0.000000 -1.662223 -1.662223 -1.662223 0.000000 0.000000 0.000000 0.000000 0.000000 0.000000 0.000000 0.000000
 42.000000 0.677178 1.576060 0.000000 -1.357987 -1.357987 -1.357987 0.000000 0.000000 0.000000 0.000000 0.000000 0.000000 0.000000 0.000000
 43.000000 0.241634 1.716015 0.000000 -1.877330 -1.877330 -1.877330 0.000000 0.000000 0.000000 0.000000 0.000000 0.000000 0.000000 0.000000
 44.000000 0.295170 1.179676 0.000000 -1.710483 -1.710483 -1.710483 0.000000 0.000000 0.000000 0.000000 0.000000 0.000000 0.000000 0.000000
 45.000000 0.410862 1.271283 0.000000 -1.793186 -1.793186 -1.793186 0.000000 0.000000 0.000000 0.000000 0.000000 0.000000 0.000000 0.000000
 46.000000 0.928294 1.701395 0.000000 -0.503531 -0.503531 -0.503531 0.000000 0.000000 0.000000 0.000000 0.000000 0.000000 0.000000 0.000000
 47.000000 1.303944 1.685188 0.000000 0.518703 0.518703 0.518703 0.000000 0.000000 0.000000 0.000000 0.000000 0.000000 0.000000 0.000000
 48.000000 1.492669 1.362048 0.000000 0.419299 0.419299 0.419299 0.000000 0.000000 0.000000 0.000000 0.000000 0.000000 0.000000 0.000000
 49.000000 1.469892 0.617407 0.000000 -1.607354 -1.607354 -1.607354 0.000000 0.000000 0.000000 0.000000 0.000000 0.000000 0.000000 0.000000
 50.000000 1.261071 0.657081 0.000000 -2.214422 -2.214422 -2.214422 0.000000 0.000000 0.000000 0.000000 0.000000 0.000000 0.000000 0.000000
 51.000000 0.928498 -0.088092 0.000000 -3.899031 -3.899031 -3.899031 0.000000 0.000000 0.000000 0.000000 0.000000 0.000000 0.000000 0.000000
 52.000000 1.167225 -0.154610 0.000000 -3.831705 -3.831705 -3.831705 0.000000 0.000000 0.000000 0.000000 0.000000 0.000000 0.000000 0.000000
 53.000000 0.959059 -0.710593 0.000000 -2.272981 -2.272981 -2.272981 0.000000 0.000000 0.000000 0.000000 0.000000 0.000000 0.000000 0.000000
 54.000000 1.281041 -0.195477 0.000000 -3.497886 -3.497886 -3.497886 0.000000 0.000000 0.000000 0.000000 0.000000 0.000000 0.000000 0.000000
 55.000000 1.096036 -0.358338 0.000000 -3.532720 -3.532720 -3.532720 0.000000 0.000000 0.000000 0.000000 0.000000 0.000000 0.000000 0.000000
 56.000000 1.158921 -0.415692 0.000000 -3.281063 -3.281063 -3.281063 0.000000 0.000000 0.000000 0.000000 0.000000 0.000000 0.000000 0.000000
 57.000000 0.857099 -0.369657 0.000000 -3.399920 -3.399920 -3.399920 0.000000 0.000000 0.000000 0.000000 0.000000 0.000000 0.000000 0.000000
 58.000000 1.171455 0.251530 0.000000 -3.570058 -3.570058 -3.570058 0.000000 0.000000 0.000000 0.000000 0.000000 0.000000 0.000000 0.000000
 59.000000 1.334218 -0.192439 0.000000 -3.312943 -3.312943 -3.312943 0.000000 0.000000 0.000000 0.000000 0.000000 0.000000 0.000000 0.000000
 60.000000 1.069904 -0.389163 0.000000 -3.466359 -3.466359 -3.466359 0.000000 0.000000 0.000000 0.000000 0.000000 0.000000 0.000000 0.000000
 61.000000 1.498826 -0.456810 0.000000 -1.918431 -1.918431 -1.918431 0.000000 0.000000 0.000000 0.000000 0.000000 0.000000 0.000000 0.000000
 62.000000 1.412219 0.114882 0.000000 -3.029509 -3.029509 -3.029509 0.000000 0.000000 0.000000 0.000000 0.000000 0.000000 0.000000 0.000000
 63.000000 1.759693 0.056234 0.000000 -0.766795 -0.766795 -0.766795 0.000000 0.000000 0.000000 0.000000 0.000000 0.000000 0.000000 0.000000
 64.000000 1.307842 0.103819 0.000000 -3.470172 -3.470172 -3.470172 0.000000 0.000000 0.000000 0.000000 0.000000 0.000000 0.000000 0.000000
 65.000000 1.019102 -0.189418 0.000000 -3.899089 -3.899089 -3.899089 0.000000 0.000000 0.000000 0.000000 0.000000 0.000000 0.000000 0.000000
 66.000000 1.495761 0.193728 0.000000 -2.497273 -2.497273 -2.497273 0.000000 0.000000 0.000000 0.000000 0.000000 0.000000 0.000000 0.000000
 67.000000 1.429660 -0.007228 0.000000 -3.009945 -3.009945 -3.009945 0.000000 0.000000 0.000000 0.000000 0.000000 0.000000 0.000000 0.000000
 68.000000 0.938283 0.052019 0.000000 -3.870223 -3.870223 -3.870223 0.000000 0.000000 0.000000 0.000000 0.000000 0.000000 0.000000 0.000000
 69.000000 1.003025 -0.347118 0.000000 -3.595878 -3.595878 -3.595878 0.000000 0.000000 0.000000 0.000000 0.000000 0.000000 0.000000 0.000000
 70.000000 1.457839 -0.103541 0.000000 -2.831997 -2.831997 -2.831997 0.000000 0.000000 0.000000 0.000000 0.000000 0.000000 0.000000 0.000000
 71.000000 0.863399 0.154286 0.000000 -3.598271 -3.598271 -3.598271 0.000000 0.000000 0.000000 0.000000 0.000000 0.000000 0.000000 0.000000
 72.000000 1.117343 0.189272 0.000000 -3.754658 -3.754658 -3.754658 0.000000 0.000000 0.000000 0.000000 0.000000 0.000000 0.000000 0.000000
 73.000000 1.262503 0.083965 0.000000 -3.632221 -3.632221 -3.632221 0.000000 0.000000 0.000000 0.000000 0.000000 0.000000 0.000000 0.000000
 74.000000 0.998536 0.526143 0.000000 -2.896596 -2.896596 -2.896596 0.000000 0.000000 0.000000 0.000000 0.000000 0.000000 0.000000 0.000000
 75.000000 0.918757 0.906626 0.000000 -1.869937 -1.869937 -1.869937 0.000000 0.000000 0.000000 0.000000 0.000000 0.000000 0.000000 0.000000
 76.000000 0.963612 0.989864 0.000000 -1.683958 -1.683958 -1.683958 0.000000 0.000000 0.000000 0.000000 0.000000 0.000000 0.000000 0.000000
 77.000000 0.619333 0.569162 0.000000 -2.040523 -2.040523 -2.040523 0.000000 0.000000 0.000000 0.000000 0.000000 0.000000 0.000000 0.000000
 78.000000 1.137136 0.556037 0.000000 -2.761447 -2.761447 -2.761447 0.000000 0.000000 0.000000 0.000000 0.000000 0.000000 0.000000 0.000000
 79.000000 0.888692 0.059036 0.000000 -3.775653 -3.775653 -3.775653 0.000000 0.000000 0.000000 0.000000 0.000000 0.000000 0.000000 0.000000
 80.000000 0.756522 0.316568 0.000000 -2.985456 -2.985456 -2.985456 0.000000 0.000000 0.000000 0.000000 0.000000 0.000000 0.000000 0.000000
 81.000000 1.118331 -0.761336 0.000000 -1.936288 -1.936288 -1.936288 0.000000 0.000000 0.000000 0.000000 0.000000 0.000000 0.000000 0.000000
 82.000000 0.734735 -0.196598 0.000000 -3.380694 -3.380694 -3.380694 0.000000 0.000000 0.000000 0.000000 0.000000 0.000000 0.000000 0.000000
 83.000000 1.199133 -0.378523 0.000000 -3.315383 -3.315383 -3.315383 0.000000 0.000000 0.000000 0.000000 0.000000 0.000000 0.000000 0.000000
 84.000000 1.114627 -0.168346 0.000000 -3.887511 -3.887511 -3.887511 0.000000 0.000000 0.000000 0.000000 0.000000 0.000000 0.000000 0.000000
 85.000000 0.792920 1.163687 0.000000 -1.553726 -1.553726 -1.553726 0.000000 0.000000 0.000000 0.000000 0.000000 0.000000 0.000000 0.000000
 86.000000 0.363919 1.434462 0.000000 -1.936332 -1.936332 -1.936332 0.000000 0.000000 0.000000 0.000000 0.000000 0.000000 0.000000 0.000000
 87.000000 0.338007 1.539043 0.000000 -1.962284 -1.962284 -1.962284 0.000000 0.000000 0.000000 0.000000 0.000000 0.000000 0.000000 0.000000
 88.000000 0.462813 1.825693 0.000000 -1.253435 -1.253435 -1.253435 0.000000 0.000000 0.000000 0.000000 0.000000 0.000000 0.000000 0.000000
 89.000000 0.327965 1.722874 0.000000 -1.754549 -1.754549 -1.754549 0.000000 0.000000 0.000000 0.000000 0.000000 0.000000 0.000000 0.000000
 90.000000 0.264154 0.802145 0.000000 -1.128980 -1.128980 -1.128980 0.000000 0.000000 0.000000 0.000000 0.000000 0.000000 0.000000 0.000000
 91.000000 0.290829 1.199740 0.000000 -1.742095 -1.742095 -1.742095 0.000000 0.000000 0.000000 0.000000 0.000000 0.000000 0.000000 0.000000
 92.000000 0.218432 1.173039 0.000000 -1.700485 -1.700485 -1.700485 0.000000 0.000000 0.000000 0.000000 0.000000 0.000000 0.000000 0.000000
 93.000000 1.145594 0.863525 0.000000 -1.799818 -1.799818 -1.799818 0.000000 0.000000 0.000000 0.000000 0.000000 0.000000 0.000000 0.000000
 94.000000 0.495086 0.728496 0.000000 -1.542074 -1.542074 -1.542074 0.000000 0.000000 0.000000 0.000000 0.000000 0.000000 0.000000 0.000000
 95.000000 0.602953 1.387945 0.000000 -1.647977 -1.647977 -1.647977 0.000000 0.000000 0.000000 0.000000 0.000000 0.000000 0.000000 0.000000
 96.000000 0.237863 0.968772 0.000000 -1.332308 -1.332308 -1.332308 0.000000 0.000000 0.000000 0.000000 0.000000 0.000000 0.000000 0.000000
 97.000000 0.362106 0.905495 0.000000 -1.363154 -1.363154 -1.363154 0.000000 0.000000 0.000000 0.000000 0.000000 0.000000 0.000000 0.000000
 98.000000 1.061521 0.010715 0.000000 -3.982304 -3.982304 -3.982304 0.000000 0.000000 0.000000 0.000000 0.000000 0.000000 0.000000 0.000000
 99.000000 1.367559 -0.510025 0.000000 -2.358161 -2.358161 -2.358161 0.000000 0.000000 0.000000 0.000000 0.000000 0.000000 0.000000 0.000000
 100.000000 1.325937 -0.148606 0.000000 -3.399989 -3.399989 -3.399989 0.000000 0.000000 0.000000 0.000000 0.000000 0.000000 0.000000 0.000000
 101.000000 0.746574 -0.367020 0.000000 -3.170053 -3.170053 -3.170053 0.000000 0.000000 0.000000 0.000000 0.000000 0.000000 0.000000 0.000000
 102.000000 0.779526 0.005853 0.000000 -3.533026 -3.533026 -3.533026 0.000000 0.000000 0.000000 0.000000 0.000000 0.000000 0.000000 0.000000
 103.000000 0.625632 -0.127502 0.000000 -3.027404 -3.027404 -3.027404 0.000000 0.000000 0.000000 0.000000 0.000000 0.000000 0.000000 0.000000
 104.000000 0.994427 0.481221 0.000000 -3.026822 -3.026822 -3.026822 0.000000 0.000000 0.000000 0.000000 0.000000 0.000000 0.000000 0.000000
 105.000000 1.028266 0.370189 0.000000 -3.357195 -3.357195 -3.357195 0.000000 0.000000 0.000000 0.000000 0.000000 0.000000 0.000000 0.000000
 106.000000 0.731261 0.571060 0.000000 -2.347786 -2.347786 -2.347786 0.000000 0.000000 0.000000 0.000000 0.000000 0.000000 0.000000 0.000000
 107.000000 1.120987 0.232987 0.000000 -3.667881 -3.667881 -3.667881 0.000000 0.000000 0.000000 0.000000 0.000000 0.000000 0.000000 0.000000
 108.000000 1.142181 0.719301 0.000000 -2.236684 -2.236684 -2.236684 0.000000 0.000000 0.000000 0.000000 0.000000 0.000000 0.000000 0.000000
 109.000000 0.393929 0.695299 0.000000 -1.315470 -1.315470 -1.315470 0.000000 0.000000 0.000000 0.000000 0.000000 0.000000 0.000000 0.000000
 110.000000 0.719183 0.488050 0.000000 -2.492577 -2.492577 -2.492577 0.000000 0.000000 0.000000 0.000000 0.000000 0.000000 0.000000 0.000000
 111.000000 1.103298 0.642151 0.000000 -2.520388 -2.520388 -2.520388 0.000000 0.000000 0.000000 0.000000 0.000000 0.000000 0.000000 0.000000
 112.000000 0.906514 0.853924 0.000000 -1.979896 -1.979896 -1.979896 0.000000 0.000000 0.000000 0.000000 0.000000 0.000000 0.000000 0.000000
 113.000000 1.275573 1.191501 0.000000 -0.677514 -0.677514 -0.677514 0.000000 0.000000 0.000000 0.000000 0.000000 0.000000 0.000000 0.000000
 114.000000 0.701548 1.441461 0.000000 -1.463332 -1.463332 -1.463332 0.000000 0.000000 0.000000 0.000000 0.000000 0.000000 0.000000 0.000000
 115.000000 0.704470 1.680094 0.000000 -1.109703 -1.109703 -1.109703 0.000000 0.000000 0.000000 0.000000 0.000000 0.000000 0.000000 0.000000
 116.000000 1.113607 1.538092 0.000000 -0.390348 -0.390348 -0.390348 0.000000 0.000000 0.000000 0.000000 0.000000 0.000000 0.000000 0.000000
 117.000000 0.937325 1.769740 0.000000 -0.291268 -0.291268 -0.291268 0.000000 0.000000 0.000000 0.000000 0.000000 0.000000 0.000000 0.000000
 118.000000 0.225322 1.706533 0.000000 -1.912329 -1.912329 -1.912329 0.000000 0.000000 0.000000 0.000000 0.000000 0.000000 0.000000 0.000000
 119.000000 0.757361 0.758804 0.000000 -2.037211 -2.037211 -2.037211 0.000000 0.000000 0.000000 0.000000 0.000000 0.000000 0.000000 0.000000
 120.000000 0.682143 1.061372 0.000000 -1.658404 -1.658404 -1.658404 0.000000 0.000000 0.000000 0.000000 0.000000 0.000000 0.000000 0.000000
 121.000000 0.642466 1.261548 0.000000 -1.628063 -1.628063 -1.628063 0.000000 0.000000 0.000000 0.000000 0.000000 0.000000 0.000000 0.000000
 122.000000 0.420999 1.268447 0.000000 -1.785322 -1.785322 -1.785322 0.000000 0.000000 0.000000 0.000000 0.000000 0.000000 0.000000 0.000000
 123.000000 0.530683 1.234081 0.000000 -1.703668 -1.703668 -1.703668 0.000000 0.000000 0.000000 0.000000 0.000000 0.000000 0.000000 0.000000
 124.000000 0.167058 1.232786 0.000000 -1.813369 -1.813369 -1.813369 0.000000 0.000000 0.000000 0.000000 1.085201 4340.802680 0.000000 0.000000
 125.000000 0.379833 1.648340 0.000000 -1.807211 -1.807211 -1.807211 0.000000 0.000000 0.000000 0.000000 0.000000 0.000000 0.000000 0.000000
 126.000000 0.395712 1.910489 0.000000 -1.070264 -1.070264 -1.070264 0.000000 0.000000 0.000000 0.000000 0.000000 0.000000 0.000000 0.000000
 127.000000 0.505161 1.892044 0.000000 -0.934485 -0.934485 -0.934485 0.000000 0.000000 0.000000 0.000000 0.000000 0.000000 0.000000 0.000000
 128.000000 0.431107 1.315023 0.000000 -1.814659 -1.814659 -1.814659 0.000000 0.000000 0.000000 0.000000 0.000000 0.000000 0.000000 0.000000
 129.000000 0.228839 2.014809 0.000000 -0.820852 -0.820852 -0.820852 0.000000 0.000000 0.219318 877.273308 0.000000 0.000000 0.000000 0.000000
 130.000000 0.292954 1.552510 0.000000 -2.008216 -2.008216 -2.008216 0.000000 0.000000 0.000000 0.000000 0.000000 0.000000 0.000000 0.000000
 131.000000 0.363845 1.672704 0.000000 -1.794432 -1.794432 -1.794432 0.000000 0.000000 0.000000 0.000000 0.000000 0.000000 0.000000 0.000000
 132.000000 0.167301 1.698539 0.000000 -1.978014 -1.978014 -1.978014 0.000000 0.000000 0.000000 0.000000 1.069234 4276.937105 0.000000 0.000000
 133.000000 0.506082 1.790549 0.000000 -1.273759 -1.273759 -1.273759 0.000000 0.000000 0.000000 0.000000 0.000000 0.000000 0.000000 0.000000
 134.000000 0.404183 1.953882 0.000000 -0.869413 -0.869413 -0.869413 0.000000 0.000000 0.000000 0.000000 0.000000 0.000000 0.000000 0.000000
 135.000000 0.442564 1.478305 0.000000 -1.846350 -1.846350 -1.846350 0.000000 0.000000 0.000000 0.000000 0.000000 0.000000 0.000000 0.000000
 136.000000 0.378656 1.171884 0.000000 -1.695200 -1.695200 -1.695200 0.000000 0.000000 0.000000 0.000000 0.000000 0.000000 0.000000 0.000000
 137.000000 0.615710 1.126336 0.000000 -1.647152 -1.647152 -1.647152 0.000000 0.000000 0.000000 0.000000 0.000000 0.000000 0.000000 0.000000
 138.000000 0.224933 1.547723 0.000000 -2.075313 -2.075313 -2.075313 0.000000 0.000000 0.000000 0.000000 0.000000 0.000000 0.000000 0.000000
 139.000000 0.291758 1.681257 0.000000 -1.880229 -1.880229 -1.880229 0.000000 0.000000 0.000000 0.000000 0.000000 0.000000 0.000000 0.000000
 140.000000 0.288168 1.169836 0.000000 -1.695011 -1.695011 -1.695011 0.000000 0.000000 0.000000 0.000000 0.000000 0.000000 0.000000 0.000000
 141.000000 0.469269 1.006184 0.000000 -1.555282 -1.555282 -1.555282 0.000000 0.000000 0.000000 0.000000 0.000000 0.000000 0.000000 0.000000
 142.000000 0.187398 1.217148 0.000000 -1.782728 -1.782728 -1.782728 0.000000 0.000000 0.000000 0.000000 0.158801 635.203716 0.000000 0.000000
 143.000000 1.039295 1.294698 0.000000 -1.027161 -1.027161 -1.027161 0.000000 0.000000 0.000000 0.000000 0.000000 0.000000 0.000000 0.000000
 144.000000 1.065377 1.658044 0.000000 -0.246910 -0.246910 -0.246910 0.000000 0.000000 0.000000 0.000000 0.000000 0.000000 0.000000 0.000000
 145.000000 0.745817 1.570649 0.000000 -1.219358 -1.219358 -1.219358 0.000000 0.000000 0.000000 0.000000 0.000000 0.000000 0.000000 0.000000
 146.000000 0.544316 1.439584 0.000000 -1.714806 -1.714806 -1.714806 0.000000 0.000000 0.000000 0.000000 0.000000 0.000000 0.000000 0.000000
 147.000000 0.177378 1.828483 0.000000 -1.655307 -1.655307 -1.655307 0.000000 0.000000 0.000000 0.000000 0.511769 2047.077075 0.000000 0.000000
 148.000000 0.168721 1.619660 0.000000 -2.078618 -2.078618 -2.078618 0.000000 0.000000 0.000000 0.000000 0.978396 3913.584285 0.000000 0.000000
 149.000000 0.170344 1.944548 0.000000 -1.218532 -1.218532 -1.218532 0.000000 0.000000 0.000000 0.000000 0.879467 3517.866942 0.000000 0.000000
 150.000000 0.911058 1.422857 0.000000 -1.086089 -1.086089 -1.086089 0.000000 0.000000 0.000000 0.000000 0.000000 0.000000 0.000000 0.000000
 151.000000 1.057840 0.573367 0.000000 -2.759679 -2.759679 -2.759679 0.000000 0.000000 0.000000 0.000000 0.000000 0.000000 0.000000 0.000000
 152.000000 0.988718 0.044363 0.000000 -3.935561 -3.935561 -3.935561 0.000000 0.000000 0.000000 0.000000 0.000000 0.000000 0.000000 0.000000
 153.000000 0.589927 -0.146295 0.000000 -2.888696 -2.888696 -2.888696 0.000000 0.000000 0.000000 0.000000 0.000000 0.000000 0.000000 0.000000
 154.000000 0.969875 0.310053 0.000000 -3.469823 -3.469823 -3.469823 0.000000 0.000000 0.000000 0.000000 0.000000 0.000000 0.000000 0.000000
 155.000000 0.330178 0.275096 0.000000 -1.454355 -1.454355 -1.454355 0.000000 0.000000 0.000000 0.000000 0.000000 0.000000 0.000000 0.000000
 156.000000 0.831078 0.145908 0.000000 -3.529637 -3.529637 -3.529637 0.000000 0.000000 0.000000 0.000000 0.000000 0.000000 0.000000 0.000000
 157.000000 0.901238 0.158423 0.000000 -3.673332 -3.673332 -3.673332 0.000000 0.000000 0.000000 0.000000 0.000000 0.000000 0.000000 0.000000
 158.000000 0.385981 -0.453555 0.000000 -1.944186 -1.944186 -1.944186 0.000000 0.000000 0.000000 0.000000 0.000000 0.000000 0.000000 0.000000
 159.000000 0.362625 0.237888 0.000000 -1.616980 -1.616980 -1.616980 0.000000 0.000000 0.000000 0.000000 0.000000 0.000000 0.000000 0.000000
 160.000000 0.358845 0.398511 0.000000 -1.399536 -1.399536 -1.399536 0.000000 0.000000 0.000000 0.000000 0.000000 0.000000 0.000000 0.000000
 161.000000 1.012193 0.141680 0.000000 -3.842363 -3.842363 -3.842363 0.000000 0.000000 0.000000 0.000000 0.000000 0.000000 0.000000 0.000000
 162.000000 1.128746 -0.124468 0.000000 -3.915261 -3.915261 -3.915261 0.000000 0.000000 0.000000 0.000000 0.000000 0.000000 0.000000 0.000000
 163.000000 0.985196 -0.745212 0.000000 -2.113698 -2.113698 -2.113698 0.000000 0.000000 0.000000 0.000000 0.000000 0.000000 0.000000 0.000000
 164.000000 0.589598 -0.297575 0.000000 -2.798239 -2.798239 -2.798239 0.000000 0.000000 0.000000 0.000000 0.000000 0.000000 0.000000 0.000000
 165.000000 0.923626 -0.495693 0.000000 -3.113632 -3.113632 -3.113632 0.000000 0.000000 0.000000 0.000000 0.000000 0.000000 0.000000 0.000000
 166.000000 1.326138 -0.665266 0.000000 -1.896278 -1.896278 -1.896278 0.000000 0.000000 0.000000 0.000000 0.000000 0.000000 0.000000 0.000000
 167.000000 1.411397 -0.647295 0.000000 -1.653234 -1.653234 -1.653234 0.000000 0.000000 0.000000 0.000000 0.000000 0.000000 0.000000 0.000000
 168.000000 0.972769 -0.432802 0.000000 -3.346129 -3.346129 -3.346129 0.000000 0.000000 0.000000 0.000000 0.000000 0.000000 0.000000 0.000000
 169.000000 0.591979 0.035540 0.000000 -2.811676 -2.811676 -2.811676 0.000000 0.000000 0.000000 0.000000 0.000000 0.000000 0.000000 0.000000
 170.000000 0.996123 0.264466 0.000000 -3.600724 -3.600724 -3.600724 0.000000 0.000000 0.000000 0.000000 0.000000 0.000000 0.000000 0.000000
 171.000000 0.900742 0.437502 0.000000 -3.043973 -3.043973 -3.043973 0.000000 0.000000 0.000000 0.000000 0.000000 0.000000 0.000000 0.000000
 172.000000 1.192219 0.051136 0.000000 -3.826058 -3.826058 -3.826058 0.000000 0.000000 0.000000 0.000000 0.000000 0.000000 0.000000 0.000000
 173.000000 1.127038 0.010220 0.000000 -3.944149 -3.944149 -3.944149 0.000000 0.000000 0.000000 0.000000 0.000000 0.000000 0.000000 0.000000
 174.000000 1.391982 -0.162707 0.000000 -3.106132 -3.106132 -3.106132 0.000000 0.000000 0.000000 0.000000 0.000000 0.000000 0.000000 0.000000
 175.000000 1.158676 -0.387678 0.000000 -3.367116 -3.367116 -3.367116 0.000000 0.000000 0.000000 0.000000 0.000000 0.000000 0.000000 0.000000
 176.000000 1.254642 0.054165 0.000000 -3.677655 -3.677655 -3.677655 0.000000 0.000000 0.000000 0.000000 0.000000 0.000000 0.000000 0.000000
 177.000000 1.372479 0.487502 0.000000 -2.404214 -2.404214 -2.404214 0.000000 0.000000 0.000000 0.000000 0.000000 0.000000 0.000000 0.000000
 178.000000 1.153556 0.430226 0.000000 -3.130773 -3.130773 -3.130773 0.000000 0.000000 0.000000 0.000000 0.000000 0.000000 0.000000 0.000000
 179.000000 0.949439 0.195074 0.000000 -3.690849 -3.690849 -3.690849 0.000000 0.000000 0.000000 0.000000 0.000000 0.000000 0.000000 0.000000
 180.000000 1.435091 0.084864 0.000000 -2.943804 -2.943804 -2.943804 0.000000 0.000000 0.000000 0.000000 0.000000 0.000000 0.000000 0.000000
 181.000000 1.116968 -0.177904 0.000000 -3.873526 -3.873526 -3.873526 0.000000 0.000000 0.000000 0.000000 0.000000 0.000000 0.000000 0.000000
 182.000000 1.150981 0.045269 0.000000 -3.897232 -3.897232 -3.897232 0.000000 0.000000 0.000000 0.000000 0.000000 0.000000 0.000000 0.000000
 183.000000 1.140844 -0.141878 0.000000 -3.884878 -3.884878 -3.884878 0.000000 0.000000 0.000000 0.000000 0.000000 0.000000 0.000000 0.000000
 184.000000 1.266643 0.167483 0.000000 -3.518660 -3.518660 -3.518660 0.000000 0.000000 0.000000 0.000000 0.000000 0.000000 0.000000 0.000000
 185.000000 0.978448 0.160139 0.000000 -3.786258 -3.786258 -3.786258 0.000000 0.000000 0.000000 0.000000 0.000000 0.000000 0.000000 0.000000
 186.000000 1.222439 0.412858 0.000000 -3.067264 -3.067264 -3.067264 0.000000 0.000000 0.000000 0.000000 0.000000 0.000000 0.000000 0.000000
 187.000000 1.331920 0.318516 0.000000 -3.010396 -3.010396 -3.010396 0.000000 0.000000 0.000000 0.000000 0.000000 0.000000 0.000000 0.000000
 188.000000 0.876505 0.410871 0.000000 -3.070546 -3.070546 -3.070546 0.000000 0.000000 0.000000 0.000000 0.000000 0.000000 0.000000 0.000000
 189.000000 0.517911 0.935236 0.000000 -1.566877 -1.566877 -1.566877 0.000000 0.000000 0.000000 0.000000 0.000000 0.000000 0.000000 0.000000
 190.000000 0.173393 0.777390 0.000000 -0.991187 -0.991187 -0.991187 0.000000 0.000000 0.000000 0.000000 0.707917 2831.669108 0.000000 0.000000
 191.000000 0.490080 0.704941 0.000000 -1.540916 -1.540916 -1.540916 0.000000 0.000000 0.000000 0.000000 0.000000 0.000000 0.000000 0.000000
 192.000000 1.396734 0.548568 0.000000 -2.126966 -2.126966 -2.126966 0.000000 0.000000 0.000000 0.000000 0.000000 0.000000 0.000000 0.000000
 193.000000 0.887007 0.635381 0.000000 -2.490981 -2.490981 -2.490981 0.000000 0.000000 0.000000 0.000000 0.000000 0.000000 0.000000 0.000000
 194.000000 0.773433 0.428913 0.000000 -2.781251 -2.781251 -2.781251 0.000000 0.000000 0.000000 0.000000 0.000000 0.000000 0.000000 0.000000
 195.000000 0.675953 0.839708 0.000000 -1.806710 -1.806710 -1.806710 0.000000 0.000000 0.000000 0.000000 0.000000 0.000000 0.000000 0.000000
 196.000000 0.994575 0.284139 0.000000 -3.554713 -3.554713 -3.554713 0.000000 0.000000 0.000000 0.000000 0.000000 0.000000 0.000000 0.000000
 197.000000 0.745461 0.225714 0.000000 -3.132167 -3.132167 -3.132167 0.000000 0.000000 0.000000 0.000000 0.000000 0.000000 0.000000 0.000000
 198.000000 0.674005 -0.198706 0.000000 -3.179708 -3.179708 -3.179708 0.000000 0.000000 0.000000 0.000000 0.000000 0.000000 0.000000 0.000000
 199.000000 1.203272 -0.038485 0.000000 -3.830691 -3.830691 -3.830691 0.000000 0.000000 0.000000 0.000000 0.000000 0.000000 0.000000 0.000000
 200.000000 0.882722 -0.490604 0.000000 -3.091687 -3.091687 -3.091687 0.000000 0.000000 0.000000 0.000000 0.000000 0.000000 0.000000 0.000000
 201.000000 0.764327 -0.305530 0.000000 -3.331387 -3.331387 -3.331387 0.000000 0.000000 0.000000 0.000000 0.000000 0.000000 0.000000 0.000000
 202.000000 1.349643 -0.691509 0.000000 -1.703126 -1.703126 -1.703126 0.000000 0.000000 0.000000 0.000000 0.000000 0.000000 0.000000 0.000000
 203.000000 1.040535 -0.590935 0.000000 -2.768678 -2.768678 -2.768678 0.000000 0.000000 0.000000 0.000000 0.000000 0.000000 0.000000 0.000000
 204.000000 1.367482 -0.254565 0.000000 -3.072529 -3.072529 -3.072529 0.000000 0.000000 0.000000 0.000000 0.000000 0.000000 0.000000 0.000000
 205.000000 1.242717 0.080946 0.000000 -3.688810 -3.688810 -3.688810 0.000000 0.000000 0.000000 0.000000 0.000000 0.000000 0.000000 0.000000
 206.000000 0.276883 -0.416638 0.000000 -1.703350 -1.703350 -1.703350 0.000000 0.000000 0.000000 0.000000 0.000000 0.000000 0.000000 0.000000
 207.000000 0.701954 0.322874 0.000000 -2.790809 -2.790809 -2.790809 0.000000 0.000000 0.000000 0.000000 0.000000 0.000000 0.000000 0.000000
 208.000000 0.973778 -0.303865 0.000000 -3.685255 -3.685255 -3.685255 0.000000 0.000000 0.000000 0.000000 0.000000 0.000000 0.000000 0.000000
 209.000000 1.386628 -0.508800 0.000000 -2.284733 -2.284733 -2.284733 0.000000 0.000000 0.000000 0.000000 0.000000 0.000000 0.000000 0.000000
 210.000000 1.759331 -0.629365 0.000000 0.248950 0.248950 0.248950 0.000000 0.000000 0.000000 0.000000 0.000000 0.000000 0.000000 0.000000
 211.000000 1.017400 -0.488056 0.000000 -3.168552 -3.168552 -3.168552 0.000000 0.000000 0.000000 0.000000 0.000000 0.000000 0.000000 0.000000
 212.000000 0.735224 -0.212425 0.000000 -3.368926 -3.368926 -3.368926 0.000000 0.000000 0.000000 0.000000 0.000000 0.000000 0.000000 0.000000
 213.000000 0.856303 -0.492790 0.000000 -3.051514 -3.051514 -3.051514 0.000000 0.000000 0.000000 0.000000 0.000000 0.000000 0.000000 0.000000
 214.000000 0.733946 0.184190 0.000000 -3.166203 -3.166203 -3.166203 0.000000 0.000000 0.000000 0.000000 0.000000 0.000000 0.000000 0.000000
 215.000000 0.686308 0.598333 0.000000 -2.178084 -2.178084 -2.178084 0.000000 0.000000 0.000000 0.000000 0.000000 0.000000 0.000000 0.000000
 216.000000 0.603217 0.428650 0.000000 -2.230683 -2.230683 -2.230683 0.000000 0.000000 0.000000 0.000000 0.000000 0.000000 0.000000 0.000000
 217.000000 0.798354 0.164036 0.000000 -3.408280 -3.408280 -3.408280 0.000000 0.000000 0.000000 0.000000 0.000000 0.000000 0.000000 0.000000
 218.000000 1.134691 0.327884 0.000000 -3.435261 -3.435261 -3.435261 0.000000 0.000000 0.000000 0.000000 0.000000 0.000000 0.000000 0.000000
 219.000000 0.324089 0.509642 0.000000 -1.197559 -1.197559 -1.197559 0.000000 0.000000 0.000000 0.000000 0.000000 0.000000 0.000000 0.000000
 220.000000 1.112224 0.207256 0.000000 -3.725513 -3.725513 -3.725513 0.000000 0.000000 0.000000 0.000000 0.000000 0.000000 0.000000 0.000000
 221.000000 0.855003 0.138354 0.000000 -3.602450 -3.602450 -3.602450 0.000000 0.000000 0.000000 0.000000 0.000000 0.000000 0.000000 0.000000
 222.000000 0.573313 -0.666622 0.000000 -1.935405 -1.935405 -1.935405 0.000000 0.000000 0.000000 0.000000 0.000000 0.000000 0.000000 0.000000
 223.000000 0.875574 -0.150123 0.000000 -3.778152 -3.778152 -3.778152 0.000000 0.000000 0.000000 0.000000 0.000000 0.000000 0.000000 0.000000
 224.000000 1.098512 0.156238 0.000000 -3.822413 -3.822413 -3.822413 0.000000 0.000000 0.000000 0.000000 0.000000 0.000000 0.000000 0.000000
 225.000000 0.541964 -0.077825 0.000000 -2.685368 -2.685368 -2.685368 0.000000 0.000000 0.000000 0.000000 0.000000 0.000000 0.000000 0.000000
 226.000000 1.092487 -0.038058 0.000000 -3.981624 -3.981624 -3.981624 0.000000 0.000000 0.000000 0.000000 0.000000 0.000000 0.000000 0.000000
 227.000000 0.962871 -0.523464 0.000000 -3.037423 -3.037423 -3.037423 0.000000 0.000000 0.000000 0.000000 0.000000 0.000000 0.000000 0.000000
 228.000000 1.065714 -0.327923 0.000000 -3.633391 -3.633391 -3.633391 0.000000 0.000000 0.000000 0.000000 0.000000 0.000000 0.000000 0.000000
 229.000000 1.384342 -0.149204 0.000000 -3.156258 -3.156258 -3.156258 0.000000 0.000000 0.000000 0.000000 0.000000 0.000000 0.000000 0.000000
 230.000000 1.171754 -0.127238 0.000000 -3.850342 -3.850342 -3.850342 0.000000 0.000000 0.000000 0.000000 0.000000 0.000000 0.000000 0.000000
 231.000000 0.999944 -0.167256 0.000000 -3.917733 -3.917733 -3.917733 0.000000 0.000000 0.000000 0.000000 0.000000 0.000000 0.000000 0.000000
 232.000000 1.147232 -0.258769 0.000000 -3.704514 -3.704514 -3.704514 0.000000 0.000000 0.000000 0.000000 0.000000 0.000000 0.000000 0.000000
 233.000000 0.759976 -0.075073 0.000000 -3.501754 -3.501754 -3.501754 0.000000 0.000000 0.000000 0.000000 0.000000 0.000000 0.000000 0.000000
 234.000000 1.115791 -0.078999 0.000000 -3.955691 -3.955691 -3.955691 0.000000 0.000000 0.000000 0.000000 0.000000 0.000000 0.000000 0.000000
 235.000000 1.067040 0.251777 0.000000 -3.653325 -3.653325 -3.653325 0.000000 0.000000 0.000000 0.000000 0.000000 0.000000 0.000000 0.000000
 236.000000 1.042510 0.076315 0.000000 -3.935042 -3.935042 -3.935042 0.000000 0.000000 0.000000 0.000000 0.000000 0.000000 0.000000 0.000000
 237.000000 0.930020 0.359121 0.000000 -3.296052 -3.296052 -3.296052 0.000000 0.000000 0.000000 0.000000 0.000000 0.000000 0.000000 0.000000
 238.000000 0.804247 0.177574 0.000000 -3.403334 -3.403334 -3.403334 0.000000 0.000000 0.000000 0.000000 0.000000 0.000000 0.000000 0.000000
 239.000000 0.764339 -0.072390 0.000000 -3.515197 -3.515197 -3.515197 0.000000 0.000000 0.000000 0.000000 0.000000 0.000000 0.000000 0.000000
 240.000000 1.139732 0.499086 0.000000 -2.937739 -2.937739 -2.937739 0.000000 0.000000 0.000000 0.000000 0.000000 0.000000 0.000000 0.000000
 241.000000 0.942651 0.445931 0.000000 -3.080873 -3.080873 -3.080873 0.000000 0.000000 0.000000 0.000000 0.000000 0.000000 0.000000 0.000000
 242.000000 1.073675 0.231346 0.000000 -3.695517 -3.695517 -3.695517 0.000000 0.000000 0.000000 0.000000 0.000000 0.000000 0.000000 0.000000
 243.000000 1.072506 0.484580 0.000000 -3.028645 -3.028645 -3.028645 0.000000 0.000000 0.000000 0.000000 0.000000 0.000000 0.000000 0.000000
 244.000000 1.051025 0.133925 0.000000 -3.866769 -3.866769 -3.866769 0.000000 0.000000 0.000000 0.000000 0.000000 0.000000 0.000000 0.000000
 245.000000 0.998122 -0.142311 0.000000 -3.939929 -3.939929 -3.939929 0.000000 0.000000 0.000000 0.000000 0.000000 0.000000 0.000000 0.000000
 246.000000 0.705439 -0.070483 0.000000 -3.318084 -3.318084 -3.318084 0.000000 0.000000 0.000000 0.000000 0.000000 0.000000 0.000000 0.000000
 247.000000 0.904349 0.180561 0.000000 -3.642310 -3.642310 -3.642310 0.000000 0.000000 0.000000 0.000000 0.000000 0.000000 0.000000 0.000000
 248.000000 1.162488 0.300647 0.000000 -3.470510 -3.470510 -3.470510 0.000000 0.000000 0.000000 0.000000 0.000000 0.000000 0.000000 0.000000
 249.000000 1.171986 0.574322 0.000000 -2.658107 -2.658107 -2.658107 0.000000 0.000000 0.000000 0.000000 0.000000 0.000000 0.000000 0.000000
 250.000000 1.295042 0.233670 0.000000 -3.318213 -3.318213 -3.318213 0.000000 0.000000 0.000000 0.000000 0.000000 0.000000 0.000000 0.000000
 251.000000 0.423610 0.443562 0.000000 -1.565538 -1.565538 -1.565538 0.000000 0.000000 0.000000 0.000000 0.000000 0.000000 0.000000 0.000000
 252.000000 0.533130 1.433936 0.000000 -1.732162 -1.732162 -1.732162 0.000000 0.000000 0.000000 0.000000 0.000000 0.000000 0.000000 0.000000
 253.000000 0.269563 1.338331 0.000000 -1.938956 -1.938956 -1.938956 0.000000 0.000000 0.000000 0.000000 0.000000 0.000000 0.000000 0.000000
 254.000000 0.430174 1.597055 0.000000 -1.791790 -1.791790 -1.791790 0.000000 0.000000 0.000000 0.000000 0.000000 0.000000 0.000000 0.000000
 255.000000 0.164797 1.558326 0.000000 -2.116987 -2.116987 -2.116987 0.000000 0.000000 0.000000 0.000000 1.239245 4956.981404 0.000000 0.000000
 256.000000 1.027664 1.552025 0.000000 -0.585932 -0.585932 -0.585932 0.000000 0.000000 0.000000 0.000000 0.000000 0.000000 0.000000 0.000000
 257.000000 0.597737 1.030895 0.000000 -1.641855 -1.641855 -1.641855 0.000000 0.000000 0.000000 0.000000 0.000000 0.000000 0.000000 0.000000
 258.000000 0.876599 -0.100911 0.000000 -3.804629 -3.804629 -3.804629 0.000000 0.000000 0.000000 0.000000 0.000000 0.000000 0.000000 0.000000
 259.000000 0.892029 -0.087464 0.000000 -3.838153 -3.838153 -3.838153 0.000000 0.000000 0.000000 0.000000 0.000000 0.000000 0.000000 0.000000
 260.000000 0.889378 -0.487211 0.000000 -3.110196 -3.110196 -3.110196 0.000000 0.000000 0.000000 0.000000 0.000000 0.000000 0.000000 0.000000
 261.000000 1.080533 -0.044504 0.000000 -3.987662 -3.987662 -3.987662 0.000000 0.000000 0.000000 0.000000 0.000000 0.000000 0.000000 0.000000
 262.000000 0.597991 -0.226345 0.000000 -2.890235 -2.890235 -2.890235 0.000000 0.000000 0.000000 0.000000 0.000000 0.000000 0.000000 0.000000
 263.000000 0.438385 -0.205600 0.000000 -2.300542 -2.300542 -2.300542 0.000000 0.000000 0.000000 0.000000 0.000000 0.000000 0.000000 0.000000
 264.000000 0.811264 -0.019495 0.000000 -3.640285 -3.640285 -3.640285 0.000000 0.000000 0.000000 0.000000 0.000000 0.000000 0.000000 0.000000
 265.000000 1.602736 0.399873 0.000000 -1.465613 -1.465613 -1.465613 0.000000 0.000000 0.000000 0.000000 0.000000 0.000000 0.000000 0.000000
 266.000000 1.368990 -0.213905 0.000000 -3.137530 -3.137530 -3.137530 0.000000 0.000000 0.000000 0.000000 0.000000 0.000000 0.000000 0.000000
 267.000000 0.717102 -0.398976 0.000000 -3.025248 -3.025248 -3.025248 0.000000 0.000000 0.000000 0.000000 0.000000 0.000000 0.000000 0.000000
 268.000000 0.846532 -0.398348 0.000000 -3.310798 -3.310798 -3.310798 0.000000 0.000000 0.000000 0.000000 0.000000 0.000000 0.000000 0.000000
 269.000000 1.008852 -0.206786 0.000000 -3.873381 -3.873381 -3.873381 0.000000 0.000000 0.000000 0.000000 0.000000 0.000000 0.000000 0.000000
 270.000000 0.958295 -0.017547 0.000000 -3.937436 -3.937436 -3.937436 0.000000 0.000000 0.000000 0.000000 0.000000 0.000000 0.000000 0.000000
 271.000000 1.517305 -0.126204 0.000000 -2.474429 -2.474429 -2.474429 0.000000 0.000000 0.000000 0.000000 0.000000 0.000000 0.000000 0.000000
 272.000000 1.012646 -0.466606 0.000000 -3.242906 -3.242906 -3.242906 0.000000 0.000000 0.000000 0.000000 0.000000 0.000000 0.000000 0.000000
 273.000000 1.048744 -0.592280 0.000000 -2.758538 -2.758538 -2.758538 0.000000 0.000000 0.000000 0.000000 0.000000 0.000000 0.000000 0.000000
 274.000000 1.044958 0.403132 0.000000 -3.270014 -3.270014 -3.270014 0.000000 0.000000 0.000000 0.000000 0.000000 0.000000 0.000000 0.000000
 275.000000 0.452804 0.398832 0.000000 -1.725853 -1.725853 -1.725853 0.000000 0.000000 0.000000 0.000000 0.000000 0.000000 0.000000 0.000000
 276.000000 1.140584 0.091969 0.000000 -3.870254 -3.870254 -3.870254 0.000000 0.000000 0.000000 0.000000 0.000000 0.000000 0.000000 0.000000
 277.000000 1.038653 0.161023 0.000000 -3.823679 -3.823679 -3.823679 0.000000 0.000000 0.000000 0.000000 0.000000 0.000000 0.000000 0.000000
 278.000000 1.527109 0.142859 0.000000 -2.378517 -2.378517 -2.378517 0.000000 0.000000 0.000000 0.000000 0.000000 0.000000 0.000000 0.000000
 279.000000 1.150252 0.281610 0.000000 -3.531440 -3.531440 -3.531440 0.000000 0.000000 0.000000 0.000000 0.000000 0.000000 0.000000 0.000000
 280.000000 0.938300 -0.200709 0.000000 -3.828050 -3.828050 -3.828050 0.000000 0.000000 0.000000 0.000000 0.000000 0.000000 0.000000 0.000000
 281.000000 0.815843 -0.447797 0.000000 -3.123319 -3.123319 -3.123319 0.000000 0.000000 0.000000 0.000000 0.000000 0.000000 0.000000 0.000000
 282.000000 1.031475 -0.246075 0.000000 -3.815182 -3.815182 -3.815182 0.000000 0.000000 0.000000 0.000000 0.000000 0.000000 0.000000 0.000000
 283.000000 1.044560 -0.194299 0.000000 -3.894111 -3.894111 -3.894111 0.000000 0.000000 0.000000 0.000000 0.000000 0.000000 0.000000 0.000000
 284.000000 1.058339 0.032740 0.000000 -3.970918 -3.970918 -3.970918 0.000000 0.000000 0.000000 0.000000 0.000000 0.000000 0.000000 0.000000
 285.000000 1.112185 0.496257 0.000000 -2.971968 -2.971968 -2.971968 0.000000 0.000000 0.000000 0.000000 0.000000 0.000000 0.000000 0.000000
 286.000000 0.988148 0.513846 0.000000 -2.927439 -2.927439 -2.927439 0.000000 0.000000 0.000000 0.000000 0.000000 0.000000 0.000000 0.000000
 287.000000 0.492798 0.560605 0.000000 -1.661909 -1.661909 -1.661909 0.000000 0.000000 0.000000 0.000000 0.000000 0.000000 0.000000 0.000000
 288.000000 0.649086 0.655769 0.000000 -1.986629 -1.986629 -1.986629 0.000000 0.000000 0.000000 0.000000 0.000000 0.000000 0.000000 0.000000
 289.000000 0.816860 0.310433 0.000000 -3.175238 -3.175238 -3.175238 0.000000 0.000000 0.000000 0.000000 0.000000 0.000000 0.000000 0.000000
 290.000000 0.996146 0.666414 0.000000 -2.480748 -2.480748 -2.480748 0.000000 0.000000 0.000000 0.000000 0.000000 0.000000 0.000000 0.000000
 291.000000 1.278795 0.676404 0.000000 -2.107119 -2.107119 -2.107119 0.000000 0.000000 0.000000 0.000000 0.000000 0.000000 0.000000 0.000000
 292.000000 0.658003 0.270345 0.000000 -2.733386 -2.733386 -2.733386 0.000000 0.000000 0.000000 0.000000 0.000000 0.000000 0.000000 0.000000
 293.000000 0.922727 -0.078493 0.000000 -3.892441 -3.892441 -3.892441 0.000000 0.000000 0.000000 0.000000 0.000000 0.000000 0.000000 0.000000
 294.000000 0.823739 0.056420 0.000000 -3.621633 -3.621633 -3.621633 0.000000 0.000000 0.000000 0.000000 0.000000 0.000000 0.000000 0.000000
 295.000000 0.779442 0.532809 0.000000 -2.551521 -2.551521 -2.551521 0.000000 0.000000 0.000000 0.000000 0.000000 0.000000 0.000000 0.000000
 296.000000 0.819050 0.365467 0.000000 -3.053728 -3.053728 -3.053728 0.000000 0.000000 0.000000 0.000000 0.000000 0.000000 0.000000 0.000000
 297.000000 0.800327 0.401432 0.000000 -2.919126 -2.919126 -2.919126 0.000000 0.000000 0.000000 0.000000 0.000000 0.000000 0.000000 0.000000
 298.000000 0.947141 0.133219 0.000000 -3.789142 -3.789142 -3.789142 0.000000 0.000000 0.000000 0.000000 0.000000 0.000000 0.000000 0.000000
 299.000000 1.041885 -0.383686 0.000000 -3.495400 -3.495400 -3.495400 0.000000 0.000000 0.000000 0.000000 0.000000 0.000000 0.000000 0.000000
 300.000000 1.141335 0.100556 0.000000 -3.860082 -3.860082 -3.860082 0.000000 0.000000 0.000000 0.000000 0.000000 0.000000 0.000000 0.000000
 301.000000 0.878453 -0.319931 0.000000 -3.546079 -3.546079 -3.546079 0.000000 0.000000 0.000000 0.000000 0.000000 0.000000 0.000000 0.000000
 302.000000 1.157361 -0.204334 0.000000 -3.783436 -3.783436 -3.783436 0.000000 0.000000 0.000000 0.000000 0.000000 0.000000 0.000000 0.000000
 303.000000 1.319265 -0.954612 0.000000 -0.568708 -0.568708 -0.568708 0.000000 0.000000 0.000000 0.000000 0.000000 0.000000 0.000000 0.000000
 304.000000 1.035126 -0.409789 0.000000 -3.420734 -3.420734 -3.420734 0.000000 0.000000 0.000000 0.000000 0.000000 0.000000 0.000000 0.000000
 305.000000 0.952361 -0.443170 0.000000 -3.304068 -3.304068 -3.304068 0.000000 0.000000 0.000000 0.000000 0.000000 0.000000 0.000000 0.000000
 306.000000 1.236250 -0.214884 0.000000 -3.599211 -3.599211 -3.599211 0.000000 0.000000 0.000000 0.000000 0.000000 0.000000 0.000000 0.000000
 307.000000 1.127284 -0.979075 0.000000 -0.841194 -0.841194 -0.841194 0.000000 0.000000 0.000000 0.000000 0.000000 0.000000 0.000000 0.000000
 308.000000 0.988246 0.045273 0.000000 -3.934455 -3.934455 -3.934455 0.000000 0.000000 0.000000 0.000000 0.000000 0.000000 0.000000 0.000000
 309.000000 1.326258 0.348655 0.000000 -2.955980 -2.955980 -2.955980 0.000000 0.000000 0.000000 0.000000 0.000000 0.000000 0.000000 0.000000
 310.000000 1.133405 0.054873 0.000000 -3.911860 -3.911860 -3.911860 0.000000 0.000000 0.000000 0.000000 0.000000 0.000000 0.000000 0.000000
 311.000000 1.578574 0.117011 0.000000 -2.078566 -2.078566 -2.078566 0.000000 0.000000 0.000000 0.000000 0.000000 0.000000 0.000000 0.000000
 312.000000 1.565008 -0.240856 0.000000 -2.034288 -2.034288 -2.034288 0.000000 0.000000 0.000000 0.000000 0.000000 0.000000 0.000000 0.000000
 313.000000 0.984469 -0.379512 0.000000 -3.505672 -3.505672 -3.505672 0.000000 0.000000 0.000000 0.000000 0.000000 0.000000 0.000000 0.000000
 314.000000 0.846445 -0.326171 0.000000 -3.477801 -3.477801 -3.477801 0.000000 0.000000 0.000000 0.000000 0.000000 0.000000 0.000000 0.000000
 315.000000 1.079868 -0.640845 0.000000 -2.529356 -2.529356 -2.529356 0.000000 0.000000 0.000000 0.000000 0.000000 0.000000 0.000000 0.000000
 316.000000 1.403521 -0.331446 0.000000 -2.744164 -2.744164 -2.744164 0.000000 0.000000 0.000000 0.000000 0.000000 0.000000 0.000000 0.000000
 317.000000 0.867311 -0.428164 0.000000 -3.262586 -3.262586 -3.262586 0.000000 0.000000 0.000000 0.000000 0.000000 0.000000 0.000000 0.000000
 318.000000 0.690548 -0.540442 0.000000 -2.591218 -2.591218 -2.591218 0.000000 0.000000 0.000000 0.000000 0.000000 0.000000 0.000000 0.000000
 319.000000 0.991323 -0.158999 0.000000 -3.921248 -3.921248 -3.921248 0.000000 0.000000 0.000000 0.000000 0.000000 0.000000 0.000000 0.000000
 320.000000 0.919762 0.096528 0.000000 -3.794523 -3.794523 -3.794523 0.000000 0.000000 0.000000 0.000000 0.000000 0.000000 0.000000 0.000000
 321.000000 0.759239 -0.254994 0.000000 -3.392588 -3.392588 -3.392588 0.000000 0.000000 0.000000 0.000000 0.000000 0.000000 0.000000 0.000000
 322.000000 1.002189 -0.140590 0.000000 -3.943430 -3.943430 -3.943430 0.000000 0.000000 0.000000 0.000000 0.000000 0.000000 0.000000 0.000000
 323.000000 1.128771 -0.104324 0.000000 -3.929432 -3.929432 -3.929432 0.000000 0.000000 0.000000 0.000000 0.000000 0.000000 0.000000 0.000000
 324.000000 0.708971 -0.056534 0.000000 -3.327057 -3.327057 -3.327057 0.000000 0.000000 0.000000 0.000000 0.000000 0.000000 0.000000 0.000000
 325.000000 1.175368 -0.214422 0.000000 -3.736673 -3.736673 -3.736673 0.000000 0.000000 0.000000 0.000000 0.000000 0.000000 0.000000 0.000000
 326.000000 0.880904 -0.262172 0.000000 -3.657225 -3.657225 -3.657225 0.000000 0.000000 0.000000 0.000000 0.000000 0.000000 0.000000 0.000000
 327.000000 0.908480 -0.335723 0.000000 -3.554329 -3.554329 -3.554329 0.000000 0.000000 0.000000 0.000000 0.000000 0.000000 0.000000 0.000000
 328.000000 0.689112 -0.858038 0.000000 -1.415921 -1.415921 -1.415921 0.000000 0.000000 0.000000 0.000000 0.000000 0.000000 0.000000 0.000000
 329.000000 0.874594 -0.282449 0.000000 -3.611989 -3.611989 -3.611989 0.000000 0.000000 0.000000 0.000000 0.000000 0.000000 0.000000 0.000000
 330.000000 1.444726 -0.734031 0.000000 -1.152322 -1.152322 -1.152322 0.000000 0.000000 0.000000 0.000000 0.000000 0.000000 0.000000 0.000000
 331.000000 0.957753 -0.744072 0.000000 -2.121661 -2.121661 -2.121661 0.000000 0.000000 0.000000 0.000000 0.000000 0.000000 0.000000 0.000000
 332.000000 1.139219 -0.030269 0.000000 -3.938696 -3.938696 -3.938696 0.000000 0.000000 0.000000 0.000000 0.000000 0.000000 0.000000 0.000000
 333.000000 0.915164 -0.340611 0.000000 -3.551210 -3.551210 -3.551210 0.000000 0.000000 0.000000 0.000000 0.000000 0.000000 0.000000 0.000000
 334.000000 0.898405 -0.320977 0.000000 -3.573480 -3.573480 -3.573480 0.000000 0.000000 0.000000 0.000000 0.000000 0.000000 0.000000 0.000000
 335.000000 0.443901 -0.136430 0.000000 -2.314762 -2.314762 -2.314762 0.000000 0.000000 0.000000 0.000000 0.000000 0.000000 0.000000 0.000000
 336.000000 1.056049 -0.229921 0.000000 -3.838804 -3.838804 -3.838804 0.000000 0.000000 0.000000 0.000000 0.000000 0.000000 0.000000 0.000000
 337.000000 1.153903 -0.274515 0.000000 -3.662228 -3.662228 -3.662228 0.000000 0.000000 0.000000 0.000000 0.000000 0.000000 0.000000 0.000000
 338.000000 0.681468 -0.238604 0.000000 -3.173026 -3.173026 -3.173026 0.000000 0.000000 0.000000 0.000000 0.000000 0.000000 0.000000 0.000000
 339.000000 1.348197 -0.691238 0.000000 -1.709340 -1.709340 -1.709340 0.000000 0.000000 0.000000 0.000000 0.000000 0.000000 0.000000 0.000000
 340.000000 0.934592 0.014924 0.000000 -3.891414 -3.891414 -3.891414 0.000000 0.000000 0.000000 0.000000 0.000000 0.000000 0.000000 0.000000
 341.000000 0.655083 -0.186873 0.000000 -3.120122 -3.120122 -3.120122 0.000000 0.000000 0.000000 0.000000 0.000000 0.000000 0.000000 0.000000
 342.000000 0.315576 -0.234414 0.000000 -1.884008 -1.884008 -1.884008 0.000000 0.000000 0.000000 0.000000 0.000000 0.000000 0.000000 0.000000
 343.000000 1.193935 0.069926 0.000000 -3.808491 -3.808491 -3.808491 0.000000 0.000000 0.000000 0.000000 0.000000 0.000000 0.000000 0.000000
 344.000000 1.070986 0.090029 0.000000 -3.920258 -3.920258 -3.920258 0.000000 0.000000 0.000000 0.000000 0.000000 0.000000 0.000000 0.000000
 345.000000 1.228915 0.301064 0.000000 -3.349954 -3.349954 -3.349954 0.000000 0.000000 0.000000 0.000000 0.000000 0.000000 0.000000 0.000000
 346.000000 1.254090 -0.101141 0.000000 -3.680597 -3.680597 -3.680597 0.000000 0.000000 0.000000 0.000000 0.000000 0.000000 0.000000 0.000000
 347.000000 1.434731 0.433171 0.000000 -2.298907 -2.298907 -2.298907 0.000000 0.000000 0.000000 0.000000 0.000000 0.000000 0.000000 0.000000
 348.000000 1.334168 0.492524 0.000000 -2.525776 -2.525776 -2.525776 0.000000 0.000000 0.000000 0.000000 0.000000 0.000000 0.000000 0.000000
 349.000000 1.043494 0.714745 0.000000 -2.333905 -2.333905 -2.333905 0.000000 0.000000 0.000000 0.000000 0.000000 0.000000 0.000000 0.000000
 350.000000 0.992113 0.459778 0.000000 -3.087623 -3.087623 -3.087623 0.000000 0.000000 0.000000 0.000000 0.000000 0.000000 0.000000 0.000000
 351.000000 1.432042 0.536465 0.000000 -2.017054 -2.017054 -2.017054 0.000000 0.000000 0.000000 0.000000 0.000000 0.000000 0.000000 0.000000
 352.000000 1.179525 0.463500 0.000000 -2.994897 -2.994897 -2.994897 0.000000 0.000000 0.000000 0.000000 0.000000 0.000000 0.000000 0.000000
 353.000000 1.016334 0.665402 0.000000 -2.485181 -2.485181 -2.485181 0.000000 0.000000 0.000000 0.000000 0.000000 0.000000 0.000000 0.000000
 354.000000 1.113394 0.945054 0.000000 -1.627465 -1.627465 -1.627465 0.000000 0.000000 0.000000 0.000000 0.000000 0.000000 0.000000 0.000000
 355.000000 0.676527 1.366674 0.000000 -1.554433 -1.554433 -1.554433 0.000000 0.000000 0.000000 0.000000 0.000000 0.000000 0.000000 0.000000
 356.000000 0.491795 1.636925 0.000000 -1.635521 -1.635521 -1.635521 0.000000 0.000000 0.000000 0.000000 0.000000 0.000000 0.000000 0.000000
 357.000000 0.866643 0.748332 0.000000 -2.192010 -2.192010 -2.192010 0.000000 0.000000 0.000000 0.000000 0.000000 0.000000 0.000000 0.000000
 358.000000 1.320987 0.287511 0.000000 -3.120055 -3.120055 -3.120055 0.000000 0.000000 0.000000 0.000000 0.000000 0.000000 0.000000 0.000000
 359.000000 1.204511 0.271174 0.000000 -3.470134 -3.470134 -3.470134 0.000000 0.000000 0.000000 0.000000 0.000000 0.000000 0.000000 0.000000
 360.000000 0.691037 0.088152 0.000000 -3.149173 -3.149173 -3.149173 0.000000 0.000000 0.000000 0.000000 0.000000 0.000000 0.000000 0.000000
 361.000000 0.662694 0.050170 0.000000 -3.082475 -3.082475 -3.082475 0.000000 0.000000 0.000000 0.000000 0.000000 0.000000 0.000000 0.000000
 362.000000 0.869189 0.425267 0.000000 -3.018945 -3.018945 -3.018945 0.000000 0.000000 0.000000 0.000000 0.000000 0.000000 0.000000 0.000000
 363.000000 0.214437 -0.236786 0.000000 -1.616958 -1.616958 -1.616958 0.000000 0.000000 0.000000 0.000000 0.000000 0.000000 0.000000 0.000000
 364.000000 0.640723 0.070224 0.000000 -2.974084 -2.974084 -2.974084 0.000000 0.000000 0.000000 0.000000 0.000000 0.000000 0.000000 0.000000
 365.000000 0.387212 -0.138416 0.000000 -2.103341 -2.103341 -2.103341 0.000000 0.000000 0.000000 0.000000 0.000000 0.000000 0.000000 0.000000
 366.000000 0.752418 -0.350888 0.000000 -3.217653 -3.217653 -3.217653 0.000000 0.000000 0.000000 0.000000 0.000000 0.000000 0.000000 0.000000
 367.000000 0.749084 0.463070 0.000000 -2.634008 -2.634008 -2.634008 0.000000 0.000000 0.000000 0.000000 0.000000 0.000000 0.000000 0.000000
 368.000000 0.560526 0.141041 0.000000 -2.552017 -2.552017 -2.552017 0.000000 0.000000 0.000000 0.000000 0.000000 0.000000 0.000000 0.000000
 369.000000 1.159356 -0.033234 0.000000 -3.910997 -3.910997 -3.910997 0.000000 0.000000 0.000000 0.000000 0.000000 0.000000 0.000000 0.000000
 370.000000 1.143173 -0.563382 0.000000 -2.774548 -2.774548 -2.774548 0.000000 0.000000 0.000000 0.000000 0.000000 0.000000 0.000000 0.000000
 371.000000 1.080188 0.068388 0.000000 -3.939063 -3.939063 -3.939063 0.000000 0.000000 0.000000 0.000000 0.000000 0.000000 0.000000 0.000000
 372.000000 1.338586 0.253141 0.000000 -3.130368 -3.130368 -3.130368 0.000000 0.000000 0.000000 0.000000 0.000000 0.000000 0.000000 0.000000
 373.000000 0.786684 0.374327 0.000000 -2.946027 -2.946027 -2.946027 0.000000 0.000000 0.000000 0.000000 0.000000 0.000000 0.000000 0.000000
 374.000000 1.101251 0.690662 0.000000 -2.370565 -2.370565 -2.370565 0.000000 0.000000 0.000000 0.000000 0.000000 0.000000 0.000000 0.000000
 375.000000 0.630213 1.407448 0.000000 -1.601596 -1.601596 -1.601596 0.000000 0.000000 0.000000 0.000000 0.000000 0.000000 0.000000 0.000000
 376.000000 0.339567 1.134426 0.000000 -1.643689 -1.643689 -1.643689 0.000000 0.000000 0.000000 0.000000 0.000000 0.000000 0.000000 0.000000
 377.000000 0.347822 0.801291 0.000000 -1.256367 -1.256367 -1.256367 0.000000 0.000000 0.000000 0.000000 0.000000 0.000000 0.000000 0.000000
 378.000000 0.957662 1.545741 0.000000 -0.773113 -0.773113 -0.773113 0.000000 0.000000 0.000000 0.000000 0.000000 0.000000 0.000000 0.000000
 379.000000 0.536364 0.946972 0.000000 -1.588948 -1.588948 -1.588948 0.000000 0.000000 0.000000 0.000000 0.000000 0.000000 0.000000 0.000000
 380.000000 0.792020 0.809545 0.000000 -1.993456 -1.993456 -1.993456 0.000000 0.000000 0.000000 0.000000 0.000000 0.000000 0.000000 0.000000
 381.000000 0.908351 0.122745 0.000000 -3.740219 -3.740219 -3.740219 0.000000 0.000000 0.000000 0.000000 0.000000 0.000000 0.000000 0.000000
 382.000000 1.368299 0.406347 0.000000 -2.651087 -2.651087 -2.651087 0.000000 0.000000 0.000000 0.000000 0.000000 0.000000 0.000000 0.000000
 383.000000 1.218344 0.444349 0.000000 -2.983289 -2.983289 -2.983289 0.000000 0.000000 0.000000 0.000000 0.000000 0.000000 0.000000 0.000000
 384.000000 1.412399 1.027889 0.000000 -0.648562 -0.648562 -0.648562 0.000000 0.000000 0.000000 0.000000 0.000000 0.000000 0.000000 0.000000
 385.000000 0.426870 1.820477 0.000000 -1.337746 -1.337746 -1.337746 0.000000 0.000000 0.000000 0.000000 0.000000 0.000000 0.000000 0.000000
 386.000000 0.529456 1.996753 0.000000 -0.426525 -0.426525 -0.426525 0.000000 0.000000 0.000000 0.000000 0.000000 0.000000 0.000000 0.000000
 387.000000 0.498317 1.637160 0.000000 -1.623193 -1.623193 -1.623193 0.000000 0.000000 0.000000 0.000000 0.000000 0.000000 0.000000 0.000000
 388.000000 0.204805 1.251855 0.000000 -1.840564 -1.840564 -1.840564 0.000000 0.000000 0.000000 0.000000 0.000000 0.000000 0.000000 0.000000
 389.000000 0.446896 1.122193 0.000000 -1.642631 -1.642631 -1.642631 0.000000 0.000000 0.000000 0.000000 0.000000 0.000000 0.000000 0.000000
 390.000000 1.079877 1.007399 0.000000 -1.523275 -1.523275 -1.523275 0.000000 0.000000 0.000000 0.000000 0.000000 0.000000 0.000000 0.000000
 391.000000 0.740601 1.190772 0.000000 -1.573635 -1.573635 -1.573635 0.000000 0.000000 0.000000 0.000000 0.000000 0.000000 0.000000 0.000000
 392.000000 0.705248 0.715916 0.000000 -2.018263 -2.018263 -2.018263 0.000000 0.000000 0.000000 0.000000 0.000000 0.000000 0.000000 0.000000
 393.000000 1.151110 -0.022545 0.000000 -3.922611 -3.922611 -3.922611 0.000000 0.000000 0.000000 0.000000 0.000000 0.000000 0.000000 0.000000
 394.000000 1.011789 -0.460622 0.000000 -3.263012 -3.263012 -3.263012 0.000000 0.000000 0.000000 0.000000 0.000000 0.000000 0.000000 0.000000
 395.000000 1.185771 -0.464799 0.000000 -3.068147 -3.068147 -3.068147 0.000000 0.000000 0.000000 0.000000 0.000000 0.000000 0.000000 0.000000
 396.000000 0.452493 -0.389498 0.000000 -2.227389 -2.227389 -2.227389 0.000000 0.000000 0.000000 0.000000 0.000000 0.000000 0.000000 0.000000
 397.000000 0.527248 -0.262196 0.000000 -2.606838 -2.606838 -2.606838 0.000000 0.000000 0.000000 0.000000 0.000000 0.000000 0.000000 0.000000
 398.000000 1.142051 -0.963579 0.000000 -0.899723 -0.899723 -0.899723 0.000000 0.000000 0.000000 0.000000 0.000000 0.000000 0.000000 0.000000
 399.000000 1.046100 -0.666609 0.000000 -2.443447 -2.443447 -2.443447 0.000000 0.000000 0.000000 0.000000 0.000000 0.000000 0.000000 0.000000
 400.000000 1.140651 -0.151090 0.000000 -3.875954 -3.875954 -3.875954 0.000000 0.000000 0.000000 0.000000 0.000000 0.000000 0.000000 0.000000
 401.000000 1.305424 -0.194372 0.000000 -3.417123 -3.417123 -3.417123 0.000000 0.000000 0.000000 0.000000 0.000000 0.000000 0.000000 0.000000
 402.000000 0.890351 -0.637713 0.000000 -2.557273 -2.557273 -2.557273 0.000000 0.000000 0.000000 0.000000 0.000000 0.000000 0.000000 0.000000
 403.000000 0.984529 0.046021 0.000000 -3.930592 -3.930592 -3.930592 0.000000 0.000000 0.000000 0.000000 0.000000 0.000000 0.000000 0.000000
 404.000000 1.302128 -0.164062 0.000000 -3.469128 -3.469128 -3.469128 0.000000 0.000000 0.000000 0.000000 0.000000 0.000000 0.000000 0.000000
 405.000000 1.100614 0.169362 0.000000 -3.800212 -3.800212 -3.800212 0.000000 0.000000 0.000000 0.000000 0.000000 0.000000 0.000000 0.000000
 406.000000 1.413399 0.122297 0.000000 -3.016223 -3.016223 -3.016223 0.000000 0.000000 0.000000 0.000000 0.000000 0.000000 0.000000 0.000000
 407.000000 1.191427 0.516712 0.000000 -2.810690 -2.810690 -2.810690 0.000000 0.000000 0.000000 0.000000 0.000000 0.000000 0.000000 0.000000
 408.000000 1.097820 -0.055165 0.000000 -3.976824 -3.976824 -3.976824 0.000000 0.000000 0.000000 0.000000 0.000000 0.000000 0.000000 0.000000
 409.000000 1.581693 0.193812 0.000000 -1.974562 -1.974562 -1.974562 0.000000 0.000000 0.000000 0.000000 0.000000 0.000000 0.000000 0.000000
 410.000000 0.982852 0.131473 0.000000 -3.834215 -3.834215 -3.834215 0.000000 0.000000 0.000000 0.000000 0.000000 0.000000 0.000000 0.000000
 411.000000 1.223935 0.646100 0.000000 -2.333732 -2.333732 -2.333732 0.000000 0.000000 0.000000 0.000000 0.000000 0.000000 0.000000 0.000000
 412.000000 1.177605 0.091250 0.000000 -3.818185 -3.818185 -3.818185 0.000000 0.000000 0.000000 0.000000 0.000000 0.000000 0.000000 0.000000
 413.000000 1.252035 0.064445 0.000000 -3.677557 -3.677557 -3.677557 0.000000 0.000000 0.000000 0.000000 0.000000 0.000000 0.000000 0.000000
 414.000000 0.952546 1.038890 0.000000 -1.599108 -1.599108 -1.599108 0.000000 0.000000 0.000000 0.000000 0.000000 0.000000 0.000000 0.000000
 415.000000 0.231828 1.518105 0.000000 -2.073802 -2.073802 -2.073802 0.000000 0.000000 0.000000 0.000000 0.000000 0.000000 0.000000 0.000000
 416.000000 0.678554 1.597311 0.000000 -1.322838 -1.322838 -1.322838 0.000000 0.000000 0.000000 0.000000 0.000000 0.000000 0.000000 0.000000
 417.000000 1.338719 1.404046 0.000000 -0.026235 -0.026235 -0.026235 0.000000 0.000000 0.000000 0.000000 0.000000 0.000000 0.000000 0.000000
 418.000000 0.741306 0.676834 0.000000 -2.158116 -2.158116 -2.158116 0.000000 0.000000 0.000000 0.000000 0.000000 0.000000 0.000000 0.000000
 419.000000 0.880013 1.339051 0.000000 -1.259302 -1.259302 -1.259302 0.000000 0.000000 0.000000 0.000000 0.000000 0.000000 0.000000 0.000000
 420.000000 0.547886 1.500595 0.000000 -1.680137 -1.680137 -1.680137 0.000000 0.000000 0.000000 0.000000 0.000000 0.000000 0.000000 0.000000
 421.000000 1.402242 0.898245 0.000000 -1.038792 -1.038792 -1.038792 0.000000 0.000000 0.000000 0.000000 0.000000 0.000000 0.000000 0.000000
 422.000000 1.107488 0.135118 0.000000 -3.848048 -3.848048 -3.848048 0.000000 0.000000 0.000000 0.000000 0.000000 0.000000 0.000000 0.000000
 423.000000 1.121655 -0.320677 0.000000 -3.602553 -3.602553 -3.602553 0.000000 0.000000 0.000000 0.000000 0.000000 0.000000 0.000000 0.000000
 424.000000 1.075101 -0.100692 0.000000 -3.973510 -3.973510 -3.973510 0.000000 0.000000 0.000000 0.000000 0.000000 0.000000 0.000000 0.000000
 425.000000 0.615399 0.442258 0.000000 -2.248914 -2.248914 -2.248914 0.000000 0.000000 0.000000 0.000000 0.000000 0.000000 0.000000 0.000000
 426.000000 0.394672 0.470271 0.000000 -1.440413 -1.440413 -1.440413 0.000000 0.000000 0.000000 0.000000 0.000000 0.000000 0.000000 0.000000
 427.000000 0.750928 0.621998 0.000000 -2.287568 -2.287568 -2.287568 0.000000 0.000000 0.000000 0.000000 0.000000 0.000000 0.000000 0.000000
 428.000000 0.956691 0.734504 0.000000 -2.281534 -2.281534 -2.281534 0.000000 0.000000 0.000000 0.000000 0.000000 0.000000 0.000000 0.000000
 429.000000 1.173511 0.715541 0.000000 -2.202932 -2.202932 -2.202932 0.000000 0.000000 0.000000 0.000000 0.000000 0.000000 0.000000 0.000000
 430.000000 1.103093 0.340880 0.000000 -3.426459 -3.426459 -3.426459 0.000000 0.000000 0.000000 0.000000 0.000000 0.000000 0.000000 0.000000
 431.000000 0.787827 0.771740 0.000000 -2.056469 -2.056469 -2.056469 0.000000 0.000000 0.000000 0.000000 0.000000 0.000000 0.000000 0.000000
 432.000000 0.833228 0.473392 0.000000 -2.820333 -2.820333 -2.820333 0.000000 0.000000 0.000000 0.000000 0.000000 0.000000 0.000000 0.000000
 433.000000 0.622175 0.519676 0.000000 -2.132445 -2.132445 -2.132445 0.000000 0.000000 0.000000 0.000000 0.000000 0.000000 0.000000 0.000000
 434.000000 0.860662 1.054496 0.000000 -1.633684 -1.633684 -1.633684 0.000000 0.000000 0.000000 0.000000 0.000000 0.000000 0.000000 0.000000
 435.000000 1.069081 0.155197 0.000000 -3.834443 -3.834443 -3.834443 0.000000 0.000000 0.000000 0.000000 0.000000 0.000000 0.000000 0.000000
 436.000000 0.924258 0.050225 0.000000 -3.849763 -3.849763 -3.849763 0.000000 0.000000 0.000000 0.000000 0.000000 0.000000 0.000000 0.000000
 437.000000 0.264005 -0.019681 0.000000 -1.607701 -1.607701 -1.607701 0.000000 0.000000 0.000000 0.000000 0.000000 0.000000 0.000000 0.000000
 438.000000 0.788221 -0.381983 0.000000 -3.236642 -3.236642 -3.236642 0.000000 0.000000 0.000000 0.000000 0.000000 0.000000 0.000000 0.000000
 439.000000 0.794660 -0.779366 0.000000 -1.875204 -1.875204 -1.875204 0.000000 0.000000 0.000000 0.000000 0.000000 0.000000 0.000000 0.000000
 440.000000 1.019384 -0.799320 0.000000 -1.846135 -1.846135 -1.846135 0.000000 0.000000 0.000000 0.000000 0.000000 0.000000 0.000000 0.000000
 441.000000 0.212744 -0.363371 0.000000 -1.598576 -1.598576 -1.598576 0.000000 0.000000 0.000000 0.000000 0.000000 0.000000 0.000000 0.000000
 442.000000 0.810187 -0.695406 0.000000 -2.245764 -2.245764 -2.245764 0.000000 0.000000 0.000000 0.000000 0.000000 0.000000 0.000000 0.000000
 443.000000 0.861873 -0.368857 0.000000 -3.409707 -3.409707 -3.409707 0.000000 0.000000 0.000000 0.000000 0.000000 0.000000 0.000000 0.000000
 444.000000 1.263318 -0.372755 0.000000 -3.166803 -3.166803 -3.166803 0.000000 0.000000 0.000000 0.000000 0.000000 0.000000 0.000000 0.000000
 445.000000 1.215780 -0.544118 0.000000 -2.709764 -2.709764 -2.709764 0.000000 0.000000 0.000000 0.000000 0.000000 0.000000 0.000000 0.000000
 446.000000 1.319335 0.246609 0.000000 -3.212327 -3.212327 -3.212327 0.000000 0.000000 0.000000 0.000000 0.000000 0.000000 0.000000 0.000000
 447.000000 1.345998 0.443095 0.000000 -2.630787 -2.630787 -2.630787 0.000000 0.000000 0.000000 0.000000 0.000000 0.000000 0.000000 0.000000
 448.000000 0.921527 0.954589 0.000000 -1.774351 -1.774351 -1.774351 0.000000 0.000000 0.000000 0.000000 0.000000 0.000000 0.000000 0.000000
 449.000000 1.383088 0.480133 0.000000 -2.385092 -2.385092 -2.385092 0.000000 0.000000 0.000000 0.000000 0.000000 0.000000 0.000000 0.000000
 450.000000 0.935878 0.336204 0.000000 -3.362437 -3.362437 -3.362437 0.000000 0.000000 0.000000 0.000000 0.000000 0.000000 0.000000 0.000000
 451.000000 0.840361 0.644031 0.000000 -2.405382 -2.405382 -2.405382 0.000000 0.000000 0.000000 0.000000 0.000000 0.000000 0.000000 0.000000
 452.000000 0.218344 1.171037 0.000000 -1.696811 -1.696811 -1.696811 0.000000 0.000000 0.000000 0.000000 0.000000 0.000000 0.000000 0.000000
 453.000000 0.303540 1.515039 0.000000 -2.007115 -2.007115 -2.007115 0.000000 0.000000 0.000000 0.000000 0.000000 0.000000 0.000000 0.000000
 454.000000 0.526633 0.998653 0.000000 -1.593640 -1.593640 -1.593640 0.000000 0.000000 0.000000 0.000000 0.000000 0.000000 0.000000 0.000000
 455.000000 0.757078 1.317642 0.000000 -1.472633 -1.472633 -1.472633 0.000000 0.000000 0.000000 0.000000 0.000000 0.000000 0.000000 0.000000
 456.000000 0.188196 1.123818 0.000000 -1.604280 -1.604280 -1.604280 0.000000 0.000000 0.000000 0.000000 0.139338 557.353166 0.000000 0.000000
 457.000000 0.196018 0.978441 0.000000 -1.323558 -1.323558 -1.323558 0.000000 0.000000 0.000000 0.000000 0.015856 63.424420 0.000000 0.000000
 458.000000 0.241491 1.017084 0.000000 -1.418379 -1.418379 -1.418379 0.000000 0.000000 0.000000 0.000000 0.000000 0.000000 0.000000 0.000000
 459.000000 0.348899 0.697119 0.000000 -1.215520 -1.215520 -1.215520 0.000000 0.000000 0.000000 0.000000 0.000000 0.000000 0.000000 0.000000
 460.000000 0.310495 -0.108811 0.000000 -1.825081 -1.825081 -1.825081 0.000000 0.000000 0.000000 0.000000 0.000000 0.000000 0.000000 0.000000
 461.000000 0.649246 -0.713347 0.000000 -1.929113 -1.929113 -1.929113 0.000000 0.000000 0.000000 0.000000 0.000000 0.000000 0.000000 0.000000
 462.000000 0.768973 -0.783697 0.000000 -1.829065 -1.829065 -1.829065 0.000000 0.000000 0.000000 0.000000 0.000000 0.000000 0.000000 0.000000
 463.000000 0.462593 -0.642468 0.000000 -1.755230 -1.755230 -1.755230 0.000000 0.000000 0.000000 0.000000 0.000000 0.000000 0.000000 0.000000
 464.000000 0.455123 -0.506624 0.000000 -2.049195 -2.049195 -2.049195 0.000000 0.000000 0.000000 0.000000 0.000000 0.000000 0.000000 0.000000
 465.000000 1.151809 -0.095593 0.000000 -3.904540 -3.904540 -3.904540 0.000000 0.000000 0.000000 0.000000 0.000000 0.000000 0.000000 0.000000
 466.000000 0.980740 -0.100456 0.000000 -3.954333 -3.954333 -3.954333 0.000000 0.000000 0.000000 0.000000 0.000000 0.000000 0.000000 0.000000
 467.000000 0.459203 -0.062939 0.000000 -2.341240 -2.341240 -2.341240 0.000000 0.000000 0.000000 0.000000 0.000000 0.000000 0.000000 0.000000
 468.000000 1.153655 0.832402 0.000000 -1.877093 -1.877093 -1.877093 0.000000 0.000000 0.000000 0.000000 0.000000 0.000000 0.000000 0.000000
 469.000000 0.728050 0.577070 0.000000 -2.327138 -2.327138 -2.327138 0.000000 0.000000 0.000000 0.000000 0.000000 0.000000 0.000000 0.000000
 470.000000 0.636755 0.013970 0.000000 -3.013397 -3.013397 -3.013397 0.000000 0.000000 0.000000 0.000000 0.000000 0.000000 0.000000 0.000000
 471.000000 0.376719 -0.243127 0.000000 -2.078654 -2.078654 -2.078654 0.000000 0.000000 0.000000 0.000000 0.000000 0.000000 0.000000 0.000000
 472.000000 0.788606 0.260575 0.000000 -3.201622 -3.201622 -3.201622 0.000000 0.000000 0.000000 0.000000 0.000000 0.000000 0.000000 0.000000
 473.000000 0.962375 0.162450 0.000000 -3.764339 -3.764339 -3.764339 0.000000 0.000000 0.000000 0.000000 0.000000 0.000000 0.000000 0.000000
 474.000000 1.290216 -0.019894 0.000000 -3.595184 -3.595184 -3.595184 0.000000 0.000000 0.000000 0.000000 0.000000 0.000000 0.000000 0.000000
 475.000000 0.991819 -0.120382 0.000000 -3.951938 -3.951938 -3.951938 0.000000 0.000000 0.000000 0.000000 0.000000 0.000000 0.000000 0.000000
 476.000000 1.058488 -0.122360 0.000000 -3.965230 -3.965230 -3.965230 0.000000 0.000000 0.000000 0.000000 0.000000 0.000000 0.000000 0.000000
 477.000000 0.992128 -0.142420 0.000000 -3.936370 -3.936370 -3.936370 0.000000 0.000000 0.000000 0.000000 0.000000 0.000000 0.000000 0.000000
 478.000000 0.954042 -0.411758 0.000000 -3.399783 -3.399783 -3.399783 0.000000 0.000000 0.000000 0.000000 0.000000 0.000000 0.000000 0.000000
 479.000000 0.538726 -0.319869 0.000000 -2.596866 -2.596866 -2.596866 0.000000 0.000000 0.000000 0.000000 0.000000 0.000000 0.000000 0.000000
 480.000000 0.243409 0.548310 0.000000 -0.985738 -0.985738 -0.985738 0.000000 0.000000 0.000000 0.000000 0.000000 0.000000 0.000000 0.000000
 481.000000 1.209646 0.276513 0.000000 -3.447991 -3.447991 -3.447991 0.000000 0.000000 0.000000 0.000000 0.000000 0.000000 0.000000 0.000000
 482.000000 1.310342 -0.094970 0.000000 -3.503287 -3.503287 -3.503287 0.000000 0.000000 0.000000 0.000000 0.000000 0.000000 0.000000 0.000000
 483.000000 1.006287 0.235584 0.000000 -3.670394 -3.670394 -3.670394 0.000000 0.000000 0.000000 0.000000 0.000000 0.000000 0.000000 0.000000
 484.000000 0.916323 0.286924 0.000000 -3.449042 -3.449042 -3.449042 0.000000 0.000000 0.000000 0.000000 0.000000 0.000000 0.000000 0.000000
 485.000000 0.979150 0.135456 0.000000 -3.824823 -3.824823 -3.824823 0.000000 0.000000 0.000000 0.000000 0.000000 0.000000 0.000000 0.000000
 486.000000 1.041051 0.094510 0.000000 -3.915552 -3.915552 -3.915552 0.000000 0.000000 0.000000 0.000000 0.000000 0.000000 0.000000 0.000000
 487.000000 0.907649 0.002624 0.000000 -3.853422 -3.853422 -3.853422 0.000000 0.000000 0.000000 0.000000 0.000000 0.000000 0.000000 0.000000
 488.000000 1.098031 0.362734 0.000000 -3.371036 -3.371036 -3.371036 0.000000 0.000000 0.000000 0.000000 0.000000 0.000000 0.000000 0.000000
 489.000000 1.588693 0.682842 0.000000 -0.823361 -0.823361 -0.823361 0.000000 0.000000 0.000000 0.000000 0.000000 0.000000 0.000000 0.000000
 490.000000 0.756770 0.290707 0.000000 -3.040976 -3.040976 -3.040976 0.000000 0.000000 0.000000 0.000000 0.000000 0.000000 0.000000 0.000000
 491.000000 1.179340 0.401364 0.000000 -3.178740 -3.178740 -3.178740 0.000000 0.000000 0.000000 0.000000 0.000000 0.000000 0.000000 0.000000
 492.000000 1.091233 0.507748 0.000000 -2.950064 -2.950064 -2.950064 0.000000 0.000000 0.000000 0.000000 0.000000 0.000000 0.000000 0.000000
 493.000000 0.935022 0.397817 0.000000 -3.202097 -3.202097 -3.202097 0.000000 0.000000 0.000000 0.000000 0.000000 0.000000 0.000000 0.000000
 494.000000 1.329219 0.624774 0.000000 -2.127883 -2.127883 -2.127883 0.000000 0.000000 0.000000 0.000000 0.000000 0.000000 0.000000 0.000000
 495.000000 1.534661 0.585201 0.000000 -1.384247 -1.384247 -1.384247 0.000000 0.000000 0.000000 0.000000 0.000000 0.000000 0.000000 0.000000
 496.000000 1.480534 0.313527 0.000000 -2.364883 -2.364883 -2.364883 0.000000 0.000000 0.000000 0.000000 0.000000 0.000000 0.000000 0.000000
 497.000000 1.445714 0.047804 0.000000 -2.912368 -2.912368 -2.912368 0.000000 0.000000 0.000000 0.000000 0.000000 0.000000 0.000000 0.000000
 498.000000 1.596641 0.322176 0.000000 -1.666755 -1.666755 -1.666755 0.000000 0.000000 0.000000 0.000000 0.000000 0.000000 0.000000 0.000000
 499.000000 1.374534 0.360727 0.000000 -2.746292 -2.746292 -2.746292 0.000000 0.000000 0.000000 0.000000 0.000000 0.000000 0.000000 0.000000
 500.000000 0.834647 -0.221443 0.000000 -3.624229 -3.624229 -3.624229 0.000000 0.000000 0.000000 0.000000 0.000000 0.000000 0.000000 0.000000
 501.000000 0.627105 -0.897767 0.000000 -1.169240 -1.169240 -1.169240 0.000000 0.000000 0.000000 0.000000 0.000000 0.000000 0.000000 0.000000
 502.000000 0.471693 -0.567184 0.000000 -1.964964 -1.964964 -1.964964 0.000000 0.000000 0.000000 0.000000 0.000000 0.000000 0.000000 0.000000
 503.000000 0.233695 -0.753520 0.000000 -1.050527 -1.050527 -1.050527 0.000000 0.000000 0.000000 0.000000 0.000000 0.000000 0.000000 0.000000
 504.000000 0.820237 -0.184590 0.000000 -3.628856 -3.628856 -3.628856 0.000000 0.000000 0.000000 0.000000 0.000000 0.000000 0.000000 0.000000
 505.000000 1.133058 0.077945 0.000000 -3.892655 -3.892655 -3.892655 0.000000 0.000000 0.000000 0.000000 0.000000 0.000000 0.000000 0.000000
 506.000000 1.520888 0.156490 0.000000 -2.400455 -2.400455 -2.400455 0.000000 0.000000 0.000000 0.000000 0.000000 0.000000 0.000000 0.000000
 507.000000 1.177682 0.418457 0.000000 -3.131977 -3.131977 -3.131977 0.000000 0.000000 0.000000 0.000000 0.000000 0.000000 0.000000 0.000000
 508.000000 1.119988 0.457003 0.000000 -3.085486 -3.085486 -3.085486 0.000000 0.000000 0.000000 0.000000 0.000000 0.000000 0.000000 0.000000
 509.000000 1.198975 -0.414031 0.000000 -3.208369 -3.208369 -3.208369 0.000000 0.000000 0.000000 0.000000 0.000000 0.000000 0.000000 0.000000
 510.000000 0.376999 -0.020692 0.000000 -1.988419 -1.988419 -1.988419 0.000000 0.000000 0.000000 0.000000 0.000000 0.000000 0.000000 0.000000
 511.000000 0.982969 -0.140863 0.000000 -3.931433 -3.931433 -3.931433 0.000000 0.000000 0.000000 0.000000 0.000000 0.000000 0.000000 0.000000
 512.000000 1.209569 -0.004597 0.000000 -3.815145 -3.815145 -3.815145 0.000000 0.000000 0.000000 0.000000 0.000000 0.000000 0.000000 0.000000
 513.000000 1.129502 -0.352595 0.000000 -3.510550 -3.510550 -3.510550 0.000000 0.000000 0.000000 0.000000 0.000000 0.000000 0.000000 0.000000
 514.000000 1.216382 -0.572998 0.000000 -2.593697 -2.593697 -2.593697 0.000000 0.000000 0.000000 0.000000 0.000000 0.000000 0.000000 0.000000
 515.000000 1.158099 0.040645 0.000000 -3.890257 -3.890257 -3.890257 0.000000 0.000000 0.000000 0.000000 0.000000 0.000000 0.000000 0.000000
 516.000000 1.222018 0.155319 0.000000 -3.650663 -3.650663 -3.650663 0.000000 0.000000 0.000000 0.000000 0.000000 0.000000 0.000000 0.000000
 517.000000 1.181020 0.279430 0.000000 -3.493061 -3.493061 -3.493061 0.000000 0.000000 0.000000 0.000000 0.000000 0.000000 0.000000 0.000000
 518.000000 1.219056 -0.120339 0.000000 -3.758223 -3.758223 -3.758223 0.000000 0.000000 0.000000 0.000000 0.000000 0.000000 0.000000 0.000000
 519.000000 1.010061 0.271262 0.000000 -3.595299 -3.595299 -3.595299 0.000000 0.000000 0.000000 0.000000 0.000000 0.000000 0.000000 0.000000
 520.000000 0.617603 -0.570793 0.000000 -2.328729 -2.328729 -2.328729 0.000000 0.000000 0.000000 0.000000 0.000000 0.000000 0.000000 0.000000
 521.000000 0.281990 -0.440113 0.000000 -1.693010 -1.693010 -1.693010 0.000000 0.000000 0.000000 0.000000 0.000000 0.000000 0.000000 0.000000
 522.000000 0.648796 -0.253544 0.000000 -3.048587 -3.048587 -3.048587 0.000000 0.000000 0.000000 0.000000 0.000000 0.000000 0.000000 0.000000
 523.000000 1.409782 -0.120251 0.000000 -3.064952 -3.064952 -3.064952 0.000000 0.000000 0.000000 0.000000 0.000000 0.000000 0.000000 0.000000
 524.000000 1.379602 -0.180322 0.000000 -3.140141 -3.140141 -3.140141 0.000000 0.000000 0.000000 0.000000 0.000000 0.000000 0.000000 0.000000
 525.000000 0.997944 -0.166975 0.000000 -3.917027 -3.917027 -3.917027 0.000000 0.000000 0.000000 0.000000 0.000000 0.000000 0.000000 0.000000
 526.000000 1.175258 0.091048 0.000000 -3.822306 -3.822306 -3.822306 0.000000 0.000000 0.000000 0.000000 0.000000 0.000000 0.000000 0.000000
 527.000000 0.818461 0.217850 0.000000 -3.371771 -3.371771 -3.371771 0.000000 0.000000 0.000000 0.000000 0.000000 0.000000 0.000000 0.000000
 528.000000 1.017062 -0.339740 0.000000 -3.615974 -3.615974 -3.615974 0.000000 0.000000 0.000000 0.000000 0.000000 0.000000 0.000000 0.000000
 529.000000 1.278762 -0.393210 0.000000 -3.060224 -3.060224 -3.060224 0.000000 0.000000 0.000000 0.000000 0.000000 0.000000 0.000000 0.000000
 530.000000 1.361119 -0.138571 0.000000 -3.268983 -3.268983 -3.268983 0.000000 0.000000 0.000000 0.000000 0.000000 0.000000 0.000000 0.000000
 531.000000 1.574929 0.140077 0.000000 -2.081070 -2.081070 -2.081070 0.000000 0.000000 0.000000 0.000000 0.000000 0.000000 0.000000 0.000000
 532.000000 1.242180 0.080961 0.000000 -3.690186 -3.690186 -3.690186 0.000000 0.000000 0.000000 0.000000 0.000000 0.000000 0.000000 0.000000
 533.000000 0.803467 -0.090877 0.000000 -3.630585 -3.630585 -3.630585 0.000000 0.000000 0.000000 0.000000 0.000000 0.000000 0.000000 0.000000
 534.000000 0.865470 -0.321502 0.000000 -3.521462 -3.521462 -3.521462 0.000000 0.000000 0.000000 0.000000 0.000000 0.000000 0.000000 0.000000
 535.000000 1.094920 -0.238683 0.000000 -3.802340 -3.802340 -3.802340 0.000000 0.000000 0.000000 0.000000 0.000000 0.000000 0.000000 0.000000
 536.000000 0.196922 -0.799736 0.000000 -0.890796 -0.890796 -0.890796 0.000000 0.000000 0.000000 0.000000 0.009473 37.892837 0.000000 0.000000
 537.000000 0.953620 0.079183 0.000000 -3.865642 -3.865642 -3.865642 0.000000 0.000000 0.000000 0.000000 0.000000 0.000000 0.000000 0.000000
 538.000000 1.602067 -0.058868 0.000000 -1.965360 -1.965360 -1.965360 0.000000 0.000000 0.000000 0.000000 0.000000 0.000000 0.000000 0.000000
 539.000000 1.047002 -0.484767 0.000000 -3.170556 -3.170556 -3.170556 0.000000 0.000000 0.000000 0.000000 0.000000 0.000000 0.000000 0.000000
 540.000000 1.223994 -0.049738 0.000000 -3.781981 -3.781981 -3.781981 0.000000 0.000000 0.000000 0.000000 0.000000 0.000000 0.000000 0.000000
 541.000000 1.345876 0.308262 0.000000 -2.983878 -2.983878 -2.983878 0.000000 0.000000 0.000000 0.000000 0.000000 0.000000 0.000000 0.000000
 542.000000 1.005989 -0.031729 0.000000 -3.982255 -3.982255 -3.982255 0.000000 0.000000 0.000000 0.000000 0.000000 0.000000 0.000000 0.000000
 543.000000 0.939088 -0.414327 0.000000 -3.381899 -3.381899 -3.381899 0.000000 0.000000 0.000000 0.000000 0.000000 0.000000 0.000000 0.000000
 544.000000 0.803846 -0.087699 0.000000 -3.631915 -3.631915 -3.631915 0.000000 0.000000 0.000000 0.000000 0.000000 0.000000 0.000000 0.000000
 545.000000 1.328704 -0.382093 0.000000 -2.921644 -2.921644 -2.921644 0.000000 0.000000 0.000000 0.000000 0.000000 0.000000 0.000000 0.000000
 546.000000 1.046046 -0.332292 0.000000 -3.630732 -3.630732 -3.630732 0.000000 0.000000 0.000000 0.000000 0.000000 0.000000 0.000000 0.000000
 547.000000 0.943609 0.442041 0.000000 -3.092815 -3.092815 -3.092815 0.000000 0.000000 0.000000 0.000000 0.000000 0.000000 0.000000 0.000000
 548.000000 1.444812 0.265162 0.000000 -2.646097 -2.646097 -2.646097 0.000000 0.000000 0.000000 0.000000 0.000000 0.000000 0.000000 0.000000
 549.000000 0.861205 -0.524956 0.000000 -2.951174 -2.951174 -2.951174 0.000000 0.000000 0.000000 0.000000 0.000000 0.000000 0.000000 0.000000
 550.000000 1.372489 -0.359900 0.000000 -2.808852 -2.808852 -2.808852 0.000000 0.000000 0.000000 0.000000 0.000000 0.000000 0.000000 0.000000
 551.000000 1.412100 0.232565 0.000000 -2.863677 -2.863677 -2.863677 0.000000 0.000000 0.000000 0.000000 0.000000 0.000000 0.000000 0.000000
 552.000000 0.760503 0.052449 0.000000 -3.434372 -3.434372 -3.434372 0.000000 0.000000 0.000000 0.000000 0.000000 0.000000 0.000000 0.000000
 553.000000 1.415503 -0.274385 0.000000 -2.815169 -2.815169 -2.815169 0.000000 0.000000 0.000000 0.000000 0.000000 0.000000 0.000000 0.000000
 554.000000 1.202137 -0.321768 0.000000 -3.461702 -3.461702 -3.461702 0.000000 0.000000 0.000000 0.000000 0.000000 0.000000 0.000000 0.000000
 555.000000 1.250775 0.090707 0.000000 -3.658495 -3.658495 -3.658495 0.000000 0.000000 0.000000 0.000000 0.000000 0.000000 0.000000 0.000000
 556.000000 1.130488 0.879146 0.000000 -1.778711 -1.778711 -1.778711 0.000000 0.000000 0.000000 0.000000 0.000000 0.000000 0.000000 0.000000
 557.000000 0.931143 0.511434 0.000000 -2.883535 -2.883535 -2.883535 0.000000 0.000000 0.000000 0.000000 0.000000 0.000000 0.000000 0.000000
 558.000000 0.868108 0.544895 0.000000 -2.701821 -2.701821 -2.701821 0.000000 0.000000 0.000000 0.000000 0.000000 0.000000 0.000000 0.000000
 559.000000 1.117465 0.072611 0.000000 -3.912680 -3.912680 -3.912680 0.000000 0.000000 0.000000 0.000000 0.000000 0.000000 0.000000 0.000000
 560.000000 1.161891 -0.028541 0.000000 -3.907079 -3.907079 -3.907079 0.000000 0.000000 0.000000 0.000000 0.000000 0.000000 0.000000 0.000000
 561.000000 0.794699 0.180645 0.000000 -3.369798 -3.369798 -3.369798 0.000000 0.000000 0.000000 0.000000 0.000000 0.000000 0.000000 0.000000
 562.000000 0.775314 -0.135875 0.000000 -3.539103 -3.539103 -3.539103 0.000000 0.000000 0.000000 0.000000 0.000000 0.000000 0.000000 0.000000
 563.000000 0.515100 -0.113962 0.000000 -2.589242 -2.589242 -2.589242 0.000000 0.000000 0.000000 0.000000 0.000000 0.000000 0.000000 0.000000
 564.000000 0.760151 0.591699 0.000000 -2.372857 -2.372857 -2.372857 0.000000 0.000000 0.000000 0.000000 0.000000 0.000000 0.000000 0.000000
 565.000000 0.996013 0.492496 0.000000 -2.994713 -2.994713 -2.994713 0.000000 0.000000 0.000000 0.000000 0.000000 0.000000 0.000000 0.000000
 566.000000 1.055199 -0.399076 0.000000 -3.445412 -3.445412 -3.445412 0.000000 0.000000 0.000000 0.000000 0.000000 0.000000 0.000000 0.000000
 567.000000 0.879541 -0.334719 0.000000 -3.516203 -3.516203 -3.516203 0.000000 0.000000 0.000000 0.000000 0.000000 0.000000 0.000000 0.000000
 568.000000 0.946380 -0.427998 0.000000 -3.346794 -3.346794 -3.346794 0.000000 0.000000 0.000000 0.000000 0.000000 0.000000 0.000000 0.000000
 569.000000 1.001977 -0.132712 0.000000 -3.949420 -3.949420 -3.949420 0.000000 0.000000 0.000000 0.000000 0.000000 0.000000 0.000000 0.000000
 570.000000 0.751694 -0.332054 0.000000 -3.251698 -3.251698 -3.251698 0.000000 0.000000 0.000000 0.000000 0.000000 0.000000 0.000000 0.000000
 571.000000 0.631402 0.170067 0.000000 -2.801446 -2.801446 -2.801446 0.000000 0.000000 0.000000 0.000000 0.000000 0.000000 0.000000 0.000000
 572.000000 1.171859 -0.058678 0.000000 -3.887577 -3.887577 -3.887577 0.000000 0.000000 0.000000 0.000000 0.000000 0.000000 0.000000 0.000000
 573.000000 0.814409 0.477736 0.000000 -2.767212 -2.767212 -2.767212 0.000000 0.000000 0.000000 0.000000 0.000000 0.000000 0.000000 0.000000
 574.000000 1.040853 -0.140048 0.000000 -3.953362 -3.953362 -3.953362 0.000000 0.000000 0.000000 0.000000 0.000000 0.000000 0.000000 0.000000
 575.000000 0.797996 0.087824 0.000000 -3.514180 -3.514180 -3.514180 0.000000 0.000000 0.000000 0.000000 0.000000 0.000000 0.000000 0.000000
 576.000000 1.143663 0.317739 0.000000 -3.451579 -3.451579 -3.451579 0.000000 0.000000 0.000000 0.000000 0.000000 0.000000 0.000000 0.000000
 577.000000 0.811826 0.343175 0.000000 -3.087194 -3.087194 -3.087194 0.000000 0.000000 0.000000 0.000000 0.000000 0.000000 0.000000 0.000000
 578.000000 0.815471 0.481585 0.000000 -2.760080 -2.760080 -2.760080 0.000000 0.000000 0.000000 0.000000 0.000000 0.000000 0.000000 0.000000
 579.000000 0.520424 -0.478335 0.000000 -2.291776 -2.291776 -2.291776 0.000000 0.000000 0.000000 0.000000 0.000000 0.000000 0.000000 0.000000
 580.000000 0.611253 -0.270530 0.000000 -2.901937 -2.901937 -2.901937 0.000000 0.000000 0.000000 0.000000 0.000000 0.000000 0.000000 0.000000
 581.000000 1.160032 0.116544 0.000000 -3.817066 -3.817066 -3.817066 0.000000 0.000000 0.000000 0.000000 0.000000 0.000000 0.000000 0.000000
 582.000000 1.085891 -0.723805 0.000000 -2.150877 -2.150877 -2.150877 0.000000 0.000000 0.000000 0.000000 0.000000 0.000000 0.000000 0.000000
 583.000000 1.197270 -0.693412 0.000000 -2.118314 -2.118314 -2.118314 0.000000 0.000000 0.000000 0.000000 0.000000 0.000000 0.000000 0.000000
 584.000000 1.346881 -0.517204 0.000000 -2.412275 -2.412275 -2.412275 0.000000 0.000000 0.000000 0.000000 0.000000 0.000000 0.000000 0.000000
 585.000000 1.494789 0.546909 0.000000 -1.695562 -1.695562 -1.695562 0.000000 0.000000 0.000000 0.000000 0.000000 0.000000 0.000000 0.000000
 586.000000 1.250655 0.288744 0.000000 -3.327111 -3.327111 -3.327111 0.000000 0.000000 0.000000 0.000000 0.000000 0.000000 0.000000 0.000000
 587.000000 1.097365 0.017006 0.000000 -3.965881 -3.965881 -3.965881 0.000000 0.000000 0.000000 0.000000 0.000000 0.000000 0.000000 0.000000
 588.000000 1.371771 -0.005523 0.000000 -3.282114 -3.282114 -3.282114 0.000000 0.000000 0.000000 0.000000 0.000000 0.000000 0.000000 0.000000
 589.000000 0.881509 0.227689 0.000000 -3.508111 -3.508111 -3.508111 0.000000 0.000000 0.000000 0.000000 0.000000 0.000000 0.000000 0.000000
 590.000000 0.306319 -0.345077 0.000000 -1.828742 -1.828742 -1.828742 0.000000 0.000000 0.000000 0.000000 0.000000 0.000000 0.000000 0.000000
 591.000000 0.566001 0.145957 0.000000 -2.567977 -2.567977 -2.567977 0.000000 0.000000 0.000000 0.000000 0.000000 0.000000 0.000000 0.000000
 592.000000 0.877101 0.080403 0.000000 -3.729051 -3.729051 -3.729051 0.000000 0.000000 0.000000 0.000000 0.000000 0.000000 0.000000 0.000000
 593.000000 0.865834 0.880803 0.000000 -1.914997 -1.914997 -1.914997 0.000000 0.000000 0.000000 0.000000 0.000000 0.000000 0.000000 0.000000
 594.000000 1.037072 1.276338 0.000000 -1.063385 -1.063385 -1.063385 0.000000 0.000000 0.000000 0.000000 0.000000 0.000000 0.000000 0.000000
 595.000000 0.917262 0.738405 0.000000 -2.253929 -2.253929 -2.253929 0.000000 0.000000 0.000000 0.000000 0.000000 0.000000 0.000000 0.000000
 596.000000 1.100741 -0.334602 0.000000 -3.590602 -3.590602 -3.590602 0.000000 0.000000 0.000000 0.000000 0.000000 0.000000 0.000000 0.000000
 597.000000 1.209350 -0.346206 0.000000 -3.382405 -3.382405 -3.382405 0.000000 0.000000 0.000000 0.000000 0.000000 0.000000 0.000000 0.000000
 598.000000 0.728580 0.107574 0.000000 -3.262153 -3.262153 -3.262153 0.000000 0.000000 0.000000 0.000000 0.000000 0.000000 0.000000 0.000000
 599.000000 0.923789 -0.182473 0.000000 -3.830341 -3.830341 -3.830341 0.000000 0.000000 0.000000 0.000000 0.000000 0.000000 0.000000 0.000000
 600.000000 0.997155 0.021456 0.000000 -3.957657 -3.957657 -3.957657 0.000000 0.000000 0.000000 0.000000 0.000000 0.000000 0.000000 0.000000
 601.000000 0.756915 0.125012 0.000000 -3.336002 -3.336002 -3.336002 0.000000 0.000000 0.000000 0.000000 0.000000 0.000000 0.000000 0.000000
 602.000000 0.305466 -0.016014 0.000000 -1.732647 -1.732647 -1.732647 0.000000 0.000000 0.000000 0.000000 0.000000 0.000000 0.000000 0.000000
 603.000000 0.871095 -0.663007 0.000000 -2.439023 -2.439023 -2.439023 0.000000 0.000000 0.000000 0.000000 0.000000 0.000000 0.000000 0.000000
 604.000000 1.071779 0.156807 0.000000 -3.831456 -3.831456 -3.831456 0.000000 0.000000 0.000000 0.000000 0.000000 0.000000 0.000000 0.000000
 605.000000 1.216056 0.056840 0.000000 -3.772546 -3.772546 -3.772546 0.000000 0.000000 0.000000 0.000000 0.000000 0.000000 0.000000 0.000000
 606.000000 1.204457 0.618140 0.000000 -2.462469 -2.462469 -2.462469 0.000000 0.000000 0.000000 0.000000 0.000000 0.000000 0.000000 0.000000
 607.000000 1.190009 0.087120 0.000000 -3.800333 -3.800333 -3.800333 0.000000 0.000000 0.000000 0.000000 0.000000 0.000000 0.000000 0.000000
 608.000000 1.367171 0.342049 0.000000 -2.821915 -2.821915 -2.821915 0.000000 0.000000 0.000000 0.000000 0.000000 0.000000 0.000000 0.000000
 609.000000 1.195015 0.365057 0.000000 -3.253929 -3.253929 -3.253929 0.000000 0.000000 0.000000 0.000000 0.000000 0.000000 0.000000 0.000000
 610.000000 1.425267 -0.186401 0.000000 -2.916244 -2.916244 -2.916244 0.000000 0.000000 0.000000 0.000000 0.000000 0.000000 0.000000 0.000000
 611.000000 1.712494 -0.183639 0.000000 -1.061384 -1.061384 -1.061384 0.000000 0.000000 0.000000 0.000000 0.000000 0.000000 0.000000 0.000000
 612.000000 1.119886 -0.341097 0.000000 -3.553166 -3.553166 -3.553166 0.000000 0.000000 0.000000 0.000000 0.000000 0.000000 0.000000 0.000000
 613.000000 1.148033 -0.239676 0.000000 -3.739292 -3.739292 -3.739292 0.000000 0.000000 0.000000 0.000000 0.000000 0.000000 0.000000 0.000000
 614.000000 0.694551 -0.046666 0.000000 -3.271885 -3.271885 -3.271885 0.000000 0.000000 0.000000 0.000000 0.000000 0.000000 0.000000 0.000000
 615.000000 1.111970 0.163707 0.000000 -3.801958 -3.801958 -3.801958 0.000000 0.000000 0.000000 0.000000 0.000000 0.000000 0.000000 0.000000
 616.000000 0.954250 -0.010218 0.000000 -3.930148 -3.930148 -3.930148 0.000000 0.000000 0.000000 0.000000 0.000000 0.000000 0.000000 0.000000
 617.000000 1.238543 -0.157428 0.000000 -3.672770 -3.672770 -3.672770 0.000000 0.000000 0.000000 0.000000 0.000000 0.000000 0.000000 0.000000
 618.000000 1.368970 -0.117818 0.000000 -3.254133 -3.254133 -3.254133 0.000000 0.000000 0.000000 0.000000 0.000000 0.000000 0.000000 0.000000
 619.000000 1.298387 -0.174724 0.000000 -3.468762 -3.468762 -3.468762 0.000000 0.000000 0.000000 0.000000 0.000000 0.000000 0.000000 0.000000
 620.000000 0.788465 0.436148 0.000000 -2.804632 -2.804632 -2.804632 0.000000 0.000000 0.000000 0.000000 0.000000 0.000000 0.000000 0.000000
 621.000000 0.732623 0.434973 0.000000 -2.649373 -2.649373 -2.649373 0.000000 0.000000 0.000000 0.000000 0.000000 0.000000 0.000000 0.000000
 622.000000 0.386798 0.239471 0.000000 -1.703555 -1.703555 -1.703555 0.000000 0.000000 0.000000 0.000000 0.000000 0.000000 0.000000 0.000000
 623.000000 1.053513 0.118564 0.000000 -3.887792 -3.887792 -3.887792 0.000000 0.000000 0.000000 0.000000 0.000000 0.000000 0.000000 0.000000
 624.000000 1.074154 0.147044 0.000000 -3.845952 -3.845952 -3.845952 0.000000 0.000000 0.000000 0.000000 0.000000 0.000000 0.000000 0.000000
 625.000000 1.070560 0.217926 0.000000 -3.723101 -3.723101 -3.723101 0.000000 0.000000 0.000000 0.000000 0.000000 0.000000 0.000000 0.000000
 626.000000 0.744648 -0.618660 0.000000 -2.444562 -2.444562 -2.444562 0.000000 0.000000 0.000000 0.000000 0.000000 0.000000 0.000000 0.000000
 627.000000 1.055688 -0.948316 0.000000 -1.080265 -1.080265 -1.080265 0.000000 0.000000 0.000000 0.000000 0.000000 0.000000 0.000000 0.000000
 628.000000 0.940111 -0.828029 0.000000 -1.728897 -1.728897 -1.728897 0.000000 0.000000 0.000000 0.000000 0.000000 0.000000 0.000000 0.000000
 629.000000 0.310145 -0.558830 0.000000 -1.592179 -1.592179 -1.592179 0.000000 0.000000 0.000000 0.000000 0.000000 0.000000 0.000000 0.000000
 630.000000 0.644828 0.152907 0.000000 -2.881384 -2.881384 -2.881384 0.000000 0.000000 0.000000 0.000000 0.000000 0.000000 0.000000 0.000000
 631.000000 0.818248 0.093430 0.000000 -3.566185 -3.566185 -3.566185 0.000000 0.000000 0.000000 0.000000 0.000000 0.000000 0.000000 0.000000
 632.000000 0.617754 -0.063088 0.000000 -2.985081 -2.985081 -2.985081 0.000000 0.000000 0.000000 0.000000 0.000000 0.000000 0.000000 0.000000
 633.000000 1.015154 -0.440420 0.000000 -3.328746 -3.328746 -3.328746 0.000000 0.000000 0.000000 0.000000 0.000000 0.000000 0.000000 0.000000
 634.000000 0.963883 -0.473234 0.000000 -3.212756 -3.212756 -3.212756 0.000000 0.000000 0.000000 0.000000 0.000000 0.000000 0.000000 0.000000
 635.000000 0.933310 -0.651399 0.000000 -2.524357 -2.524357 -2.524357 0.000000 0.000000 0.000000 0.000000 0.000000 0.000000 0.000000 0.000000
 636.000000 1.378536 -0.243802 0.000000 -3.044669 -3.044669 -3.044669 0.000000 0.000000 0.000000 0.000000 0.000000 0.000000 0.000000 0.000000
 637.000000 1.059793 -0.459788 0.000000 -3.249931 -3.249931 -3.249931 0.000000 0.000000 0.000000 0.000000 0.000000 0.000000 0.000000 0.000000
 638.000000 0.971338 0.381474 0.000000 -3.288787 -3.288787 -3.288787 0.000000 0.000000 0.000000 0.000000 0.000000 0.000000 0.000000 0.000000
 639.000000 1.065193 0.345564 0.000000 -3.427190 -3.427190 -3.427190 0.000000 0.000000 0.000000 0.000000 0.000000 0.000000 0.000000 0.000000
 640.000000 0.764319 -0.224926 0.000000 -3.442151 -3.442151 -3.442151 0.000000 0.000000 0.000000 0.000000 0.000000 0.000000 0.000000 0.000000
 641.000000 0.787712 0.128688 0.000000 -3.429704 -3.429704 -3.429704 0.000000 0.000000 0.000000 0.000000 0.000000 0.000000 0.000000 0.000000
 642.000000 1.643958 -0.539929 0.000000 -0.801633 -0.801633 -0.801633 0.000000 0.000000 0.000000 0.000000 0.000000 0.000000 0.000000 0.000000
 643.000000 0.985828 -0.506720 0.000000 -3.103017 -3.103017 -3.103017 0.000000 0.000000 0.000000 0.000000 0.000000 0.000000 0.000000 0.000000
 644.000000 1.382537 -0.170357 0.000000 -3.139834 -3.139834 -3.139834 0.000000 0.000000 0.000000 0.000000 0.000000 0.000000 0.000000 0.000000
 645.000000 0.869741 0.556631 0.000000 -2.673535 -2.673535 -2.673535 0.000000 0.000000 0.000000 0.000000 0.000000 0.000000 0.000000 0.000000
 646.000000 1.090727 0.524958 0.000000 -2.897070 -2.897070 -2.897070 0.000000 0.000000 0.000000 0.000000 0.000000 0.000000 0.000000 0.000000
 647.000000 1.155525 -0.159182 0.000000 -3.845707 -3.845707 -3.845707 0.000000 0.000000 0.000000 0.000000 0.000000 0.000000 0.000000 0.000000
 648.000000 0.769858 -0.405465 0.000000 -3.140093 -3.140093 -3.140093 0.000000 0.000000 0.000000 0.000000 0.000000 0.000000 0.000000 0.000000
 649.000000 0.951467 -0.178859 0.000000 -3.867898 -3.867898 -3.867898 0.000000 0.000000 0.000000 0.000000 0.000000 0.000000 0.000000 0.000000
 650.000000 1.017621 -0.089473 0.000000 -3.980383 -3.980383 -3.980383 0.000000 0.000000 0.000000 0.000000 0.000000 0.000000 0.000000 0.000000
 651.000000 1.160178 0.035936 0.000000 -3.890037 -3.890037 -3.890037 0.000000 0.000000 0.000000 0.000000 0.000000 0.000000 0.000000 0.000000
 652.000000 0.880708 0.741932 0.000000 -2.219163 -2.219163 -2.219163 0.000000 0.000000 0.000000 0.000000 0.000000 0.000000 0.000000 0.000000
 653.000000 0.825892 0.848542 0.000000 -1.954194 -1.954194 -1.954194 0.000000 0.000000 0.000000 0.000000 0.000000 0.000000 0.000000 0.000000
 654.000000 1.408733 0.382644 0.000000 -2.547834 -2.547834 -2.547834 0.000000 0.000000 0.000000 0.000000 0.000000 0.000000 0.000000 0.000000
 655.000000 0.824766 0.488357 0.000000 -2.763981 -2.763981 -2.763981 0.000000 0.000000 0.000000 0.000000 0.000000 0.000000 0.000000 0.000000
 656.000000 1.429766 0.148456 0.000000 -2.906867 -2.906867 -2.906867 0.000000 0.000000 0.000000 0.000000 0.000000 0.000000 0.000000 0.000000
 657.000000 1.514846 0.131207 0.000000 -2.463959 -2.463959 -2.463959 0.000000 0.000000 0.000000 0.000000 0.000000 0.000000 0.000000 0.000000
 658.000000 1.719852 0.208654 0.000000 -0.969396 -0.969396 -0.969396 0.000000 0.000000 0.000000 0.000000 0.000000 0.000000 0.000000 0.000000
 659.000000 0.942878 0.484696 0.000000 -2.972521 -2.972521 -2.972521 0.000000 0.000000 0.000000 0.000000 0.000000 0.000000 0.000000 0.000000
 660.000000 0.331335 0.160798 0.000000 -1.610175 -1.610175 -1.610175 0.000000 0.000000 0.000000 0.000000 0.000000 0.000000 0.000000 0.000000
 661.000000 0.240421 0.236056 0.000000 -1.231222 -1.231222 -1.231222 0.000000 0.000000 0.000000 0.000000 0.000000 0.000000 0.000000 0.000000
 662.000000 1.026953 0.151673 0.000000 -3.834594 -3.834594 -3.834594 0.000000 0.000000 0.000000 0.000000 0.000000 0.000000 0.000000 0.000000
 663.000000 0.729567 0.827638 0.000000 -1.892237 -1.892237 -1.892237 0.000000 0.000000 0.000000 0.000000 0.000000 0.000000 0.000000 0.000000
 664.000000 0.803637 0.760349 0.000000 -2.098128 -2.098128 -2.098128 0.000000 0.000000 0.000000 0.000000 0.000000 0.000000 0.000000 0.000000
 665.000000 0.934479 -0.146349 0.000000 -3.877511 -3.877511 -3.877511 0.000000 0.000000 0.000000 0.000000 0.000000 0.000000 0.000000 0.000000
 666.000000 1.278250 -0.397385 0.000000 -3.049341 -3.049341 -3.049341 0.000000 0.000000 0.000000 0.000000 0.000000 0.000000 0.000000 0.000000
 667.000000 1.724890 -0.482408 0.000000 -0.408777 -0.408777 -0.408777 0.000000 0.000000 0.000000 0.000000 0.000000 0.000000 0.000000 0.000000
 668.000000 1.263402 0.164940 0.000000 -3.531676 -3.531676 -3.531676 0.000000 0.000000 0.000000 0.000000 0.000000 0.000000 0.000000 0.000000
 669.000000 1.364958 0.072186 0.000000 -3.278841 -3.278841 -3.278841 0.000000 0.000000 0.000000 0.000000 0.000000 0.000000 0.000000 0.000000
 670.000000 0.997934 -0.295938 0.000000 -3.713291 -3.713291 -3.713291 0.000000 0.000000 0.000000 0.000000 0.000000 0.000000 0.000000 0.000000
 671.000000 0.812219 -0.247284 0.000000 -3.539558 -3.539558 -3.539558 0.000000 0.000000 0.000000 0.000000 0.000000 0.000000 0.000000 0.000000
 672.000000 0.971256 -0.291103 0.000000 -3.710316 -3.710316 -3.710316 0.000000 0.000000 0.000000 0.000000 0.000000 0.000000 0.000000 0.000000
 673.000000 1.023043 0.007135 0.000000 -3.979236 -3.979236 -3.979236 0.000000 0.000000 0.000000 0.000000 0.000000 0.000000 0.000000 0.000000
 674.000000 0.573351 0.521811 0.000000 -1.971046 -1.971046 -1.971046 0.000000 0.000000 0.000000 0.000000 0.000000 0.000000 0.000000 0.000000
 675.000000 1.466633 0.931366 0.000000 -0.702191 -0.702191 -0.702191 0.000000 0.000000 0.000000 0.000000 0.000000 0.000000 0.000000 0.000000
 676.000000 1.013643 0.894044 0.000000 -1.862849 -1.862849 -1.862849 0.000000 0.000000 0.000000 0.000000 0.000000 0.000000 0.000000 0.000000
 677.000000 0.750799 0.324845 0.000000 -2.949549 -2.949549 -2.949549 0.000000 0.000000 0.000000 0.000000 0.000000 0.000000 0.000000 0.000000
 678.000000 1.357457 -0.051175 0.000000 -3.339492 -3.339492 -3.339492 0.000000 0.000000 0.000000 0.000000 0.000000 0.000000 0.000000 0.000000
 679.000000 0.860790 -0.536138 0.000000 -2.912113 -2.912113 -2.912113 0.000000 0.000000 0.000000 0.000000 0.000000 0.000000 0.000000 0.000000
 680.000000 0.914186 -0.239951 0.000000 -3.743260 -3.743260 -3.743260 0.000000 0.000000 0.000000 0.000000 0.000000 0.000000 0.000000 0.000000
 681.000000 1.330445 -0.521541 0.000000 -2.456654 -2.456654 -2.456654 0.000000 0.000000 0.000000 0.000000 0.000000 0.000000 0.000000 0.000000
 682.000000 1.369675 -0.205650 0.000000 -3.147497 -3.147497 -3.147497 0.000000 0.000000 0.000000 0.000000 0.000000 0.000000 0.000000 0.000000
 683.000000 1.344664 -0.312409 0.000000 -3.042662 -3.042662 -3.042662 0.000000 0.000000 0.000000 0.000000 0.000000 0.000000 0.000000 0.000000
 684.000000 0.919987 0.453120 0.000000 -3.031231 -3.031231 -3.031231 0.000000 0.000000 0.000000 0.000000 0.000000 0.000000 0.000000 0.000000
 685.000000 1.408597 0.253696 0.000000 -2.840392 -2.840392 -2.840392 0.000000 0.000000 0.000000 0.000000 0.000000 0.000000 0.000000 0.000000
 686.000000 0.811545 0.720933 0.000000 -2.188743 -2.188743 -2.188743 0.000000 0.000000 0.000000 0.000000 0.000000 0.000000 0.000000 0.000000
 687.000000 0.596042 1.135101 0.000000 -1.650541 -1.650541 -1.650541 0.000000 0.000000 0.000000 0.000000 0.000000 0.000000 0.000000 0.000000
 688.000000 1.350190 0.263542 0.000000 -3.065522 -3.065522 -3.065522 0.000000 0.000000 0.000000 0.000000 0.000000 0.000000 0.000000 0.000000
 689.000000 1.243439 0.156352 0.000000 -3.597816 -3.597816 -3.597816 0.000000 0.000000 0.000000 0.000000 0.000000 0.000000 0.000000 0.000000
 690.000000 1.552081 -0.216699 0.000000 -2.153888 -2.153888 -2.153888 0.000000 0.000000 0.000000 0.000000 0.000000 0.000000 0.000000 0.000000
 691.000000 0.986429 -0.026645 0.000000 -3.967876 -3.967876 -3.967876 0.000000 0.000000 0.000000 0.000000 0.000000 0.000000 0.000000 0.000000
 692.000000 1.358936 0.066991 0.000000 -3.307678 -3.307678 -3.307678 0.000000 0.000000 0.000000 0.000000 0.000000 0.000000 0.000000 0.000000
 693.000000 1.305100 -0.133430 0.000000 -3.491720 -3.491720 -3.491720 0.000000 0.000000 0.000000 0.000000 0.000000 0.000000 0.000000 0.000000
 694.000000 1.254761 -0.536122 0.000000 -2.641499 -2.641499 -2.641499 0.000000 0.000000 0.000000 0.000000 0.000000 0.000000 0.000000 0.000000
 695.000000 1.157251 0.130707 0.000000 -3.802799 -3.802799 -3.802799 0.000000 0.000000 0.000000 0.000000 0.000000 0.000000 0.000000 0.000000
 696.000000 0.719984 -0.252906 0.000000 -3.280542 -3.280542 -3.280542 0.000000 0.000000 0.000000 0.000000 0.000000 0.000000 0.000000 0.000000
 697.000000 0.342806 -0.527737 0.000000 -1.718939 -1.718939 -1.718939 0.000000 0.000000 0.000000 0.000000 0.000000 0.000000 0.000000 0.000000
 698.000000 0.773523 -0.354830 0.000000 -3.262049 -3.262049 -3.262049 0.000000 0.000000 0.000000 0.000000 0.000000 0.000000 0.000000 0.000000
 699.000000 0.875251 -0.110931 0.000000 -3.798543 -3.798543 -3.798543 0.000000 0.000000 0.000000 0.000000 0.000000 0.000000 0.000000 0.000000
 700.000000 0.708888 -0.066998 0.000000 -3.329515 -3.329515 -3.329515 0.000000 0.000000 0.000000 0.000000 0.000000 0.000000 0.000000 0.000000
 701.000000 0.615988 -0.345113 0.000000 -2.825158 -2.825158 -2.825158 0.000000 0.000000 0.000000 0.000000 0.000000 0.000000 0.000000 0.000000
 702.000000 0.705358 -0.080326 0.000000 -3.319499 -3.319499 -3.319499 0.000000 0.000000 0.000000 0.000000 0.000000 0.000000 0.000000 0.000000
 703.000000 1.484027 -0.030725 0.000000 -2.716961 -2.716961 -2.716961 0.000000 0.000000 0.000000 0.000000 0.000000 0.000000 0.000000 0.000000
 704.000000 1.574697 -0.481022 0.000000 -1.411854 -1.411854 -1.411854 0.000000 0.000000 0.000000 0.000000 0.000000 0.000000 0.000000 0.000000
 705.000000 1.082885 -0.168772 0.000000 -3.912310 -3.912310 -3.912310 0.000000 0.000000 0.000000 0.000000 0.000000 0.000000 0.000000 0.000000
 706.000000 1.156455 -0.200524 0.000000 -3.790574 -3.790574 -3.790574 0.000000 0.000000 0.000000 0.000000 0.000000 0.000000 0.000000 0.000000
 707.000000 1.132129 -0.013783 0.000000 -3.945388 -3.945388 -3.945388 0.000000 0.000000 0.000000 0.000000 0.000000 0.000000 0.000000 0.000000
 708.000000 1.078730 0.289790 0.000000 -3.564594 -3.564594 -3.564594 0.000000 0.000000 0.000000 0.000000 0.000000 0.000000 0.000000 0.000000
 709.000000 0.632224 0.095529 0.000000 -2.909760 -2.909760 -2.909760 0.000000 0.000000 0.000000 0.000000 0.000000 0.000000 0.000000 0.000000
 710.000000 1.145191 -0.167898 0.000000 -3.850988 -3.850988 -3.850988 0.000000 0.000000 0.000000 0.000000 0.000000 0.000000 0.000000 0.000000
 711.000000 0.582343 -0.329880 0.000000 -2.734698 -2.734698 -2.734698 0.000000 0.000000 0.000000 0.000000 0.000000 0.000000 0.000000 0.000000
 712.000000 1.224398 -0.210690 0.000000 -3.636381 -3.636381 -3.636381 0.000000 0.000000 0.000000 0.000000 0.000000 0.000000 0.000000 0.000000
 713.000000 1.418875 0.032890 0.000000 -3.054650 -3.054650 -3.054650 0.000000 0.000000 0.000000 0.000000 0.000000 0.000000 0.000000 0.000000
 714.000000 1.379398 0.302135 0.000000 -2.866218 -2.866218 -2.866218 0.000000 0.000000 0.000000 0.000000 0.000000 0.000000 0.000000 0.000000
 715.000000 1.338588 0.541298 0.000000 -2.361399 -2.361399 -2.361399 0.000000 0.000000 0.000000 0.000000 0.000000 0.000000 0.000000 0.000000
 716.000000 0.849934 0.130012 0.000000 -3.602057 -3.602057 -3.602057 0.000000 0.000000 0.000000 0.000000 0.000000 0.000000 0.000000 0.000000
 717.000000 0.972918 0.289007 0.000000 -3.523139 -3.523139 -3.523139 0.000000 0.000000 0.000000 0.000000 0.000000 0.000000 0.000000 0.000000
 718.000000 0.809057 0.327406 0.000000 -3.115914 -3.115914 -3.115914 0.000000 0.000000 0.000000 0.000000 0.000000 0.000000 0.000000 0.000000
 719.000000 0.327405 0.677303 0.000000 -1.166233 -1.166233 -1.166233 0.000000 0.000000 0.000000 0.000000 0.000000 0.000000 0.000000 0.000000
 720.000000 0.377464 0.471163 0.000000 -1.384786 -1.384786 -1.384786 0.000000 0.000000 0.000000 0.000000 0.000000 0.000000 0.000000 0.000000
 721.000000 0.379375 0.234428 0.000000 -1.682988 -1.682988 -1.682988 0.000000 0.000000 0.000000 0.000000 0.000000 0.000000 0.000000 0.000000
 722.000000 0.720977 0.372543 0.000000 -2.750228 -2.750228 -2.750228 0.000000 0.000000 0.000000 0.000000 0.000000 0.000000 0.000000 0.000000
 723.000000 0.740784 0.138055 0.000000 -3.262575 -3.262575 -3.262575 0.000000 0.000000 0.000000 0.000000 0.000000 0.000000 0.000000 0.000000
 724.000000 1.272056 -0.001087 0.000000 -3.650737 -3.650737 -3.650737 0.000000 0.000000 0.000000 0.000000 0.000000 0.000000 0.000000 0.000000
 725.000000 1.084832 -0.182807 0.000000 -3.894195 -3.894195 -3.894195 0.000000 0.000000 0.000000 0.000000 0.000000 0.000000 0.000000 0.000000
 726.000000 0.780903 0.193302 0.000000 -3.305700 -3.305700 -3.305700 0.000000 0.000000 0.000000 0.000000 0.000000 0.000000 0.000000 0.000000
 727.000000 1.693400 0.267543 0.000000 -1.090845 -1.090845 -1.090845 0.000000 0.000000 0.000000 0.000000 0.000000 0.000000 0.000000 0.000000
 728.000000 1.144972 -0.023549 0.000000 -3.931001 -3.931001 -3.931001 0.000000 0.000000 0.000000 0.000000 0.000000 0.000000 0.000000 0.000000
 729.000000 1.145628 -0.755720 0.000000 -1.923311 -1.923311 -1.923311 0.000000 0.000000 0.000000 0.000000 0.000000 0.000000 0.000000 0.000000
 730.000000 1.148121 -0.449150 0.000000 -3.189749 -3.189749 -3.189749 0.000000 0.000000 0.000000 0.000000 0.000000 0.000000 0.000000 0.000000
 731.000000 1.024327 -0.690541 0.000000 -2.349213 -2.349213 -2.349213 0.000000 0.000000 0.000000 0.000000 0.000000 0.000000 0.000000 0.000000
 732.000000 0.900738 -0.487870 0.000000 -3.119828 -3.119828 -3.119828 0.000000 0.000000 0.000000 0.000000 0.000000 0.000000 0.000000 0.000000
 733.000000 1.014103 0.184947 0.000000 -3.772941 -3.772941 -3.772941 0.000000 0.000000 0.000000 0.000000 0.000000 0.000000 0.000000 0.000000
 734.000000 0.930578 0.161264 0.000000 -3.721042 -3.721042 -3.721042 0.000000 0.000000 0.000000 0.000000 0.000000 0.000000 0.000000 0.000000
 735.000000 0.707619 -0.045634 0.000000 -3.318576 -3.318576 -3.318576 0.000000 0.000000 0.000000 0.000000 0.000000 0.000000 0.000000 0.000000
 736.000000 0.564383 0.018134 0.000000 -2.713375 -2.713375 -2.713375 0.000000 0.000000 0.000000 0.000000 0.000000 0.000000 0.000000 0.000000
 737.000000 0.745357 -0.064761 0.000000 -3.453283 -3.453283 -3.453283 0.000000 0.000000 0.000000 0.000000 0.000000 0.000000 0.000000 0.000000
 738.000000 1.269649 -0.293526 0.000000 -3.350354 -3.350354 -3.350354 0.000000 0.000000 0.000000 0.000000 0.000000 0.000000 0.000000 0.000000
 739.000000 0.916761 -0.771443 0.000000 -1.990599 -1.990599 -1.990599 0.000000 0.000000 0.000000 0.000000 0.000000 0.000000 0.000000 0.000000
 740.000000 1.432305 -0.068420 0.000000 -2.985642 -2.985642 -2.985642 0.000000 0.000000 0.000000 0.000000 0.000000 0.000000 0.000000 0.000000
 741.000000 1.107362 0.247776 0.000000 -3.646841 -3.646841 -3.646841 0.000000 0.000000 0.000000 0.000000 0.000000 0.000000 0.000000 0.000000
 742.000000 1.266851 0.764538 0.000000 -1.856251 -1.856251 -1.856251 0.000000 0.000000 0.000000 0.000000 0.000000 0.000000 0.000000 0.000000
 743.000000 1.413356 0.889592 0.000000 -1.023497 -1.023497 -1.023497 0.000000 0.000000 0.000000 0.000000 0.000000 0.000000 0.000000 0.000000
 744.000000 1.054622 0.833920 0.000000 -1.988790 -1.988790 -1.988790 0.000000 0.000000 0.000000 0.000000 0.000000 0.000000 0.000000 0.000000
 745.000000 1.012984 1.023524 0.000000 -1.571340 -1.571340 -1.571340 0.000000 0.000000 0.000000 0.000000 0.000000 0.000000 0.000000 0.000000
 746.000000 0.512940 0.959852 0.000000 -1.568661 -1.568661 -1.568661 0.000000 0.000000 0.000000 0.000000 0.000000 0.000000 0.000000 0.000000
 747.000000 1.140538 -0.063761 0.000000 -3.933046 -3.933046 -3.933046 0.000000 0.000000 0.000000 0.000000 0.000000 0.000000 0.000000 0.000000
 748.000000 1.179125 0.396251 0.000000 -3.193627 -3.193627 -3.193627 0.000000 0.000000 0.000000 0.000000 0.000000 0.000000 0.000000 0.000000
 749.000000 0.890023 -0.099185 0.000000 -3.831410 -3.831410 -3.831410 0.000000 0.000000 0.000000 0.000000 0.000000 0.000000 0.000000 0.000000
 750.000000 0.600109 0.076756 0.000000 -2.801023 -2.801023 -2.801023 0.000000 0.000000 0.000000 0.000000 0.000000 0.000000 0.000000 0.000000
 751.000000 0.729372 0.013189 0.000000 -3.362429 -3.362429 -3.362429 0.000000 0.000000 0.000000 0.000000 0.000000 0.000000 0.000000 0.000000
 752.000000 0.873350 -0.092524 0.000000 -3.800125 -3.800125 -3.800125 0.000000 0.000000 0.000000 0.000000 0.000000 0.000000 0.000000 0.000000
 753.000000 1.131467 0.259115 0.000000 -3.602807 -3.602807 -3.602807 0.000000 0.000000 0.000000 0.000000 0.000000 0.000000 0.000000 0.000000
 754.000000 1.392055 0.045847 0.000000 -3.176003 -3.176003 -3.176003 0.000000 0.000000 0.000000 0.000000 0.000000 0.000000 0.000000 0.000000
 755.000000 0.980901 0.073662 0.000000 -3.902499 -3.902499 -3.902499 0.000000 0.000000 0.000000 0.000000 0.000000 0.000000 0.000000 0.000000
 756.000000 0.678695 -0.479510 0.000000 -2.732174 -2.732174 -2.732174 0.000000 0.000000 0.000000 0.000000 0.000000 0.000000 0.000000 0.000000
 757.000000 0.807527 -0.421258 0.000000 -3.180028 -3.180028 -3.180028 0.000000 0.000000 0.000000 0.000000 0.000000 0.000000 0.000000 0.000000
 758.000000 1.076259 -0.072462 0.000000 -3.984723 -3.984723 -3.984723 0.000000 0.000000 0.000000 0.000000 0.000000 0.000000 0.000000 0.000000
 759.000000 1.341199 -0.034807 0.000000 -3.409004 -3.409004 -3.409004 0.000000 0.000000 0.000000 0.000000 0.000000 0.000000 0.000000 0.000000
 760.000000 0.981667 -0.124423 0.000000 -3.942185 -3.942185 -3.942185 0.000000 0.000000 0.000000 0.000000 0.000000 0.000000 0.000000 0.000000
 761.000000 1.010732 -0.207297 0.000000 -3.873252 -3.873252 -3.873252 0.000000 0.000000 0.000000 0.000000 0.000000 0.000000 0.000000 0.000000
 762.000000 0.912230 -0.113704 0.000000 -3.864817 -3.864817 -3.864817 0.000000 0.000000 0.000000 0.000000 0.000000 0.000000 0.000000 0.000000
 763.000000 1.071197 -0.119356 0.000000 -3.963534 -3.963534 -3.963534 0.000000 0.000000 0.000000 0.000000 0.000000 0.000000 0.000000 0.000000
 764.000000 1.349202 0.164979 0.000000 -3.242404 -3.242404 -3.242404 0.000000 0.000000 0.000000 0.000000 0.000000 0.000000 0.000000 0.000000
 765.000000 1.069642 0.705039 0.000000 -2.349930 -2.349930 -2.349930 0.000000 0.000000 0.000000 0.000000 0.000000 0.000000 0.000000 0.000000
 766.000000 0.856700 0.439278 0.000000 -2.957491 -2.957491 -2.957491 0.000000 0.000000 0.000000 0.000000 0.000000 0.000000 0.000000 0.000000
 767.000000 1.350700 0.568276 0.000000 -2.236140 -2.236140 -2.236140 0.000000 0.000000 0.000000 0.000000 0.000000 0.000000 0.000000 0.000000
 768.000000 1.468956 0.054420 0.000000 -2.784813 -2.784813 -2.784813 0.000000 0.000000 0.000000 0.000000 0.000000 0.000000 0.000000 0.000000
 769.000000 0.743584 -0.282636 0.000000 -3.310951 -3.310951 -3.310951 0.000000 0.000000 0.000000 0.000000 0.000000 0.000000 0.000000 0.000000
 770.000000 0.589404 -0.630514 0.000000 -2.084188 -2.084188 -2.084188 0.000000 0.000000 0.000000 0.000000 0.000000 0.000000 0.000000 0.000000
 771.000000 0.782210 -0.034367 0.000000 -3.561504 -3.561504 -3.561504 0.000000 0.000000 0.000000 0.000000 0.000000 0.000000 0.000000 0.000000
 772.000000 0.815652 -0.085880 0.000000 -3.664103 -3.664103 -3.664103 0.000000 0.000000 0.000000 0.000000 0.000000 0.000000 0.000000 0.000000
 773.000000 1.209151 -0.170125 0.000000 -3.730192 -3.730192 -3.730192 0.000000 0.000000 0.000000 0.000000 0.000000 0.000000 0.000000 0.000000
 774.000000 1.076116 0.050763 0.000000 -3.955031 -3.955031 -3.955031 0.000000 0.000000 0.000000 0.000000 0.000000 0.000000 0.000000 0.000000
 775.000000 1.061266 -0.091339 0.000000 -3.982530 -3.982530 -3.982530 0.000000 0.000000 0.000000 0.000000 0.000000 0.000000 0.000000 0.000000
 776.000000 1.300504 -0.302437 0.000000 -3.229558 -3.229558 -3.229558 0.000000 0.000000 0.000000 0.000000 0.000000 0.000000 0.000000 0.000000
 777.000000 1.316459 -0.395617 0.000000 -2.926840 -2.926840 -2.926840 0.000000 0.000000 0.000000 0.000000 0.000000 0.000000 0.000000 0.000000
 778.000000 0.864466 0.218359 0.000000 -3.488263 -3.488263 -3.488263 0.000000 0.000000 0.000000 0.000000 0.000000 0.000000 0.000000 0.000000
 779.000000 1.173802 0.246654 0.000000 -3.576885 -3.576885 -3.576885 0.000000 0.000000 0.000000 0.000000 0.000000 0.000000 0.000000 0.000000
 780.000000 0.962637 -0.053517 0.000000 -3.947471 -3.947471 -3.947471 0.000000 0.000000 0.000000 0.000000 0.000000 0.000000 0.000000 0.000000
 781.000000 1.510834 0.146235 0.000000 -2.471540 -2.471540 -2.471540 0.000000 0.000000 0.000000 0.000000 0.000000 0.000000 0.000000 0.000000
 782.000000 1.202476 -0.142974 0.000000 -3.775498 -3.775498 -3.775498 0.000000 0.000000 0.000000 0.000000 0.000000 0.000000 0.000000 0.000000
 783.000000 0.822839 -0.042391 0.000000 -3.679592 -3.679592 -3.679592 0.000000 0.000000 0.000000 0.000000 0.000000 0.000000 0.000000 0.000000
 784.000000 1.140229 0.203707 0.000000 -3.706685 -3.706685 -3.706685 0.000000 0.000000 0.000000 0.000000 0.000000 0.000000 0.000000 0.000000
 785.000000 1.132590 0.505526 0.000000 -2.925185 -2.925185 -2.925185 0.000000 0.000000 0.000000 0.000000 0.000000 0.000000 0.000000 0.000000
 786.000000 1.472782 0.499388 0.000000 -1.937649 -1.937649 -1.937649 0.000000 0.000000 0.000000 0.000000 0.000000 0.000000 0.000000 0.000000
 787.000000 1.036539 0.132259 0.000000 -3.866570 -3.866570 -3.866570 0.000000 0.000000 0.000000 0.000000 0.000000 0.000000 0.000000 0.000000
 788.000000 0.957164 0.016040 0.000000 -3.921608 -3.921608 -3.921608 0.000000 0.000000 0.000000 0.000000 0.000000 0.000000 0.000000 0.000000
 789.000000 0.532244 0.283201 0.000000 -2.211906 -2.211906 -2.211906 0.000000 0.000000 0.000000 0.000000 0.000000 0.000000 0.000000 0.000000
 790.000000 0.581692 0.720270 0.000000 -1.746883 -1.746883 -1.746883 0.000000 0.000000 0.000000 0.000000 0.000000 0.000000 0.000000 0.000000
 791.000000 0.262430 1.108446 0.000000 -1.588546 -1.588546 -1.588546 0.000000 0.000000 0.000000 0.000000 0.000000 0.000000 0.000000 0.000000
 792.000000 0.170009 1.011827 0.000000 -1.375195 -1.375195 -1.375195 0.000000 0.000000 0.000000 0.000000 0.899489 3597.957767 0.000000 0.000000
 793.000000 0.447184 0.944986 0.000000 -1.493638 -1.493638 -1.493638 0.000000 0.000000 0.000000 0.000000 0.000000 0.000000 0.000000 0.000000
 794.000000 0.218676 0.757123 0.000000 -1.022802 -1.022802 -1.022802 0.000000 0.000000 0.000000 0.000000 0.000000 0.000000 0.000000 0.000000
 795.000000 0.882501 1.443923 0.000000 -1.114601 -1.114601 -1.114601 0.000000 0.000000 0.000000 0.000000 0.000000 0.000000 0.000000 0.000000
 796.000000 1.098560 0.865967 0.000000 -1.857655 -1.857655 -1.857655 0.000000 0.000000 0.000000 0.000000 0.000000 0.000000 0.000000 0.000000
 797.000000 1.928446 1.076441 0.000000 2.154480 2.154480 2.154480 0.000000 0.000000 0.000000 0.000000 0.000000 0.000000 0.000000 0.000000
 798.000000 1.548692 0.600581 0.000000 -1.267133 -1.267133 -1.267133 0.000000 0.000000 0.000000 0.000000 0.000000 0.000000 0.000000 0.000000
 799.000000 0.951524 0.437004 0.000000 -3.116008 -3.116008 -3.116008 0.000000 0.000000 0.000000 0.000000 0.000000 0.000000 0.000000 0.000000
 800.000000 0.612647 -0.047880 0.000000 -2.958005 -2.958005 -2.958005 0.000000 0.000000 0.000000 0.000000 0.000000 0.000000 0.000000 0.000000
 801.000000 0.559091 -0.083403 0.000000 -2.757168 -2.757168 -2.757168 0.000000 0.000000 0.000000 0.000000 0.000000 0.000000 0.000000 0.000000
 802.000000 1.059862 0.864242 0.000000 -1.902896 -1.902896 -1.902896 0.000000 0.000000 0.000000 0.000000 0.000000 0.000000 0.000000 0.000000
 803.000000 1.003670 1.247972 0.000000 -1.174257 -1.174257 -1.174257 0.000000 0.000000 0.000000 0.000000 0.000000 0.000000 0.000000 0.000000
 804.000000 0.740708 0.971232 0.000000 -1.735670 -1.735670 -1.735670 0.000000 0.000000 0.000000 0.000000 0.000000 0.000000 0.000000 0.000000
 805.000000 0.474179 0.830109 0.000000 -1.485264 -1.485264 -1.485264 0.000000 0.000000 0.000000 0.000000 0.000000 0.000000 0.000000 0.000000
 806.000000 0.411677 1.026903 0.000000 -1.534000 -1.534000 -1.534000 0.000000 0.000000 0.000000 0.000000 0.000000 0.000000 0.000000 0.000000
 807.000000 0.923263 0.535285 0.000000 -2.807155 -2.807155 -2.807155 0.000000 0.000000 0.000000 0.000000 0.000000 0.000000 0.000000 0.000000
 808.000000 1.294069 0.051452 0.000000 -3.559545 -3.559545 -3.559545 0.000000 0.000000 0.000000 0.000000 0.000000 0.000000 0.000000 0.000000
 809.000000 1.600938 -0.458329 0.000000 -1.315563 -1.315563 -1.315563 0.000000 0.000000 0.000000 0.000000 0.000000 0.000000 0.000000 0.000000
 810.000000 1.062630 -0.542941 0.000000 -2.946141 -2.946141 -2.946141 0.000000 0.000000 0.000000 0.000000 0.000000 0.000000 0.000000 0.000000
 811.000000 0.677332 -0.590507 0.000000 -2.407065 -2.407065 -2.407065 0.000000 0.000000 0.000000 0.000000 0.000000 0.000000 0.000000 0.000000
 812.000000 0.607681 -0.553404 0.000000 -2.352965 -2.352965 -2.352965 0.000000 0.000000 0.000000 0.000000 0.000000 0.000000 0.000000 0.000000
 813.000000 0.290918 -0.420467 0.000000 -1.733297 -1.733297 -1.733297 0.000000 0.000000 0.000000 0.000000 0.000000 0.000000 0.000000 0.000000
 814.000000 0.555966 -0.439572 0.000000 -2.473842 -2.473842 -2.473842 0.000000 0.000000 0.000000 0.000000 0.000000 0.000000 0.000000 0.000000
 815.000000 1.102852 -0.014198 0.000000 -3.972502 -3.972502 -3.972502 0.000000 0.000000 0.000000 0.000000 0.000000 0.000000 0.000000 0.000000
 816.000000 1.282005 -0.061176 0.000000 -3.615691 -3.615691 -3.615691 0.000000 0.000000 0.000000 0.000000 0.000000 0.000000 0.000000 0.000000
 817.000000 0.719766 -0.726421 0.000000 -1.998877 -1.998877 -1.998877 0.000000 0.000000 0.000000 0.000000 0.000000 0.000000 0.000000 0.000000
 818.000000 1.102396 -0.220146 0.000000 -3.827175 -3.827175 -3.827175 0.000000 0.000000 0.000000 0.000000 0.000000 0.000000 0.000000 0.000000
 819.000000 1.356959 -0.784595 0.000000 -1.263176 -1.263176 -1.263176 0.000000 0.000000 0.000000 0.000000 0.000000 0.000000 0.000000 0.000000
 820.000000 0.778208 -0.388509 0.000000 -3.199144 -3.199144 -3.199144 0.000000 0.000000 0.000000 0.000000 0.000000 0.000000 0.000000 0.000000
 821.000000 0.675312 -0.653304 0.000000 -2.192912 -2.192912 -2.192912 0.000000 0.000000 0.000000 0.000000 0.000000 0.000000 0.000000 0.000000
 822.000000 1.169239 -0.846445 0.000000 -1.445547 -1.445547 -1.445547 0.000000 0.000000 0.000000 0.000000 0.000000 0.000000 0.000000 0.000000
 823.000000 0.753528 -0.177330 0.000000 -3.452110 -3.452110 -3.452110 0.000000 0.000000 0.000000 0.000000 0.000000 0.000000 0.000000 0.000000
 824.000000 0.941709 0.674949 0.000000 -2.435238 -2.435238 -2.435238 0.000000 0.000000 0.000000 0.000000 0.000000 0.000000 0.000000 0.000000
 825.000000 1.230115 0.889406 0.000000 -1.564711 -1.564711 -1.564711 0.000000 0.000000 0.000000 0.000000 0.000000 0.000000 0.000000 0.000000
 826.000000 1.184482 0.952643 0.000000 -1.484438 -1.484438 -1.484438 0.000000 0.000000 0.000000 0.000000 0.000000 0.000000 0.000000 0.000000
 827.000000 0.883510 0.236933 0.000000 -3.493841 -3.493841 -3.493841 0.000000 0.000000 0.000000 0.000000 0.000000 0.000000 0.000000 0.000000
 828.000000 1.274718 -0.261806 0.000000 -3.402404 -3.402404 -3.402404 0.000000 0.000000 0.000000 0.000000 0.000000 0.000000 0.000000 0.000000
 829.000000 1.415601 -0.153417 0.000000 -3.004516 -3.004516 -3.004516 0.000000 0.000000 0.000000 0.000000 0.000000 0.000000 0.000000 0.000000
 830.000000 0.944289 -0.011328 0.000000 -3.917582 -3.917582 -3.917582 0.000000 0.000000 0.000000 0.000000 0.000000 0.000000 0.000000 0.000000
 831.000000 0.989273 -0.112551 0.000000 -3.954808 -3.954808 -3.954808 0.000000 0.000000 0.000000 0.000000 0.000000 0.000000 0.000000 0.000000
 832.000000 1.160903 0.214176 0.000000 -3.661260 -3.661260 -3.661260 0.000000 0.000000 0.000000 0.000000 0.000000 0.000000 0.000000 0.000000
 833.000000 0.955929 0.135533 0.000000 -3.797733 -3.797733 -3.797733 0.000000 0.000000 0.000000 0.000000 0.000000 0.000000 0.000000 0.000000
 834.000000 1.055309 -0.105182 0.000000 -3.976739 -3.976739 -3.976739 0.000000 0.000000 0.000000 0.000000 0.000000 0.000000 0.000000 0.000000
 835.000000 1.697325 -0.455236 0.000000 -0.676179 -0.676179 -0.676179 0.000000 0.000000 0.000000 0.000000 0.000000 0.000000 0.000000 0.000000
 836.000000 1.605861 -0.737154 0.000000 -0.350633 -0.350633 -0.350633 0.000000 0.000000 0.000000 0.000000 0.000000 0.000000 0.000000 0.000000
 837.000000 0.545888 -0.530187 0.000000 -2.249725 -2.249725 -2.249725 0.000000 0.000000 0.000000 0.000000 0.000000 0.000000 0.000000 0.000000
 838.000000 0.852562 -0.957666 0.000000 -1.086288 -1.086288 -1.086288 0.000000 0.000000 0.000000 0.000000 0.000000 0.000000 0.000000 0.000000
 839.000000 0.341766 -0.657920 0.000000 -1.455769 -1.455769 -1.455769 0.000000 0.000000 0.000000 0.000000 0.000000 0.000000 0.000000 0.000000
 840.000000 0.603414 0.154425 0.000000 -2.711196 -2.711196 -2.711196 0.000000 0.000000 0.000000 0.000000 0.000000 0.000000 0.000000 0.000000
 841.000000 0.720517 0.623181 0.000000 -2.216054 -2.216054 -2.216054 0.000000 0.000000 0.000000 0.000000 0.000000 0.000000 0.000000 0.000000
 842.000000 1.253469 0.586672 0.000000 -2.460537 -2.460537 -2.460537 0.000000 0.000000 0.000000 0.000000 0.000000 0.000000 0.000000 0.000000
 843.000000 1.310163 0.243173 0.000000 -3.250369 -3.250369 -3.250369 0.000000 0.000000 0.000000 0.000000 0.000000 0.000000 0.000000 0.000000
 844.000000 1.199434 -0.482359 0.000000 -2.977630 -2.977630 -2.977630 0.000000 0.000000 0.000000 0.000000 0.000000 0.000000 0.000000 0.000000
 845.000000 1.169957 -0.341186 0.000000 -3.477148 -3.477148 -3.477148 0.000000 0.000000 0.000000 0.000000 0.000000 0.000000 0.000000 0.000000
 846.000000 0.909437 0.289171 0.000000 -3.431844 -3.431844 -3.431844 0.000000 0.000000 0.000000 0.000000 0.000000 0.000000 0.000000 0.000000
 847.000000 0.889204 -0.182184 0.000000 -3.776417 -3.776417 -3.776417 0.000000 0.000000 0.000000 0.000000 0.000000 0.000000 0.000000 0.000000
 848.000000 1.191146 -0.285521 0.000000 -3.570214 -3.570214 -3.570214 0.000000 0.000000 0.000000 0.000000 0.000000 0.000000 0.000000 0.000000
 849.000000 1.526259 -0.294343 0.000000 -2.176624 -2.176624 -2.176624 0.000000 0.000000 0.000000 0.000000 0.000000 0.000000 0.000000 0.000000
 850.000000 1.464241 0.154383 0.000000 -2.722617 -2.722617 -2.722617 0.000000 0.000000 0.000000 0.000000 0.000000 0.000000 0.000000 0.000000
 851.000000 0.880640 0.370686 0.000000 -3.181089 -3.181089 -3.181089 0.000000 0.000000 0.000000 0.000000 0.000000 0.000000 0.000000 0.000000
 852.000000 0.981411 0.616793 0.000000 -2.620883 -2.620883 -2.620883 0.000000 0.000000 0.000000 0.000000 0.000000 0.000000 0.000000 0.000000
 853.000000 1.133774 0.498632 0.000000 -2.945411 -2.945411 -2.945411 0.000000 0.000000 0.000000 0.000000 0.000000 0.000000 0.000000 0.000000
 854.000000 0.698753 0.000968 0.000000 -3.261472 -3.261472 -3.261472 0.000000 0.000000 0.000000 0.000000 0.000000 0.000000 0.000000 0.000000
 855.000000 0.869862 1.113735 0.000000 -1.548456 -1.548456 -1.548456 0.000000 0.000000 0.000000 0.000000 0.000000 0.000000 0.000000 0.000000
 856.000000 1.249742 0.779787 0.000000 -1.849881 -1.849881 -1.849881 0.000000 0.000000 0.000000 0.000000 0.000000 0.000000 0.000000 0.000000
 857.000000 1.367604 1.213682 0.000000 -0.349262 -0.349262 -0.349262 0.000000 0.000000 0.000000 0.000000 0.000000 0.000000 0.000000 0.000000
 858.000000 1.202966 0.717631 0.000000 -2.144966 -2.144966 -2.144966 0.000000 0.000000 0.000000 0.000000 0.000000 0.000000 0.000000 0.000000
 859.000000 1.583115 0.079850 0.000000 -2.075588 -2.075588 -2.075588 0.000000 0.000000 0.000000 0.000000 0.000000 0.000000 0.000000 0.000000
 860.000000 1.107219 0.136760 0.000000 -3.845926 -3.845926 -3.845926 0.000000 0.000000 0.000000 0.000000 0.000000 0.000000 0.000000 0.000000
 861.000000 1.274733 0.233448 0.000000 -3.380105 -3.380105 -3.380105 0.000000 0.000000 0.000000 0.000000 0.000000 0.000000 0.000000 0.000000
 862.000000 0.971978 0.153897 0.000000 -3.789293 -3.789293 -3.789293 0.000000 0.000000 0.000000 0.000000 0.000000 0.000000 0.000000 0.000000
 863.000000 0.781150 -0.134884 0.000000 -3.556443 -3.556443 -3.556443 0.000000 0.000000 0.000000 0.000000 0.000000 0.000000 0.000000 0.000000
 864.000000 0.567103 -0.021483 0.000000 -2.756715 -2.756715 -2.756715 0.000000 0.000000 0.000000 0.000000 0.000000 0.000000 0.000000 0.000000
 865.000000 1.206273 -0.164258 0.000000 -3.743807 -3.743807 -3.743807 0.000000 0.000000 0.000000 0.000000 0.000000 0.000000 0.000000 0.000000
 866.000000 0.621183 -0.223379 0.000000 -2.976493 -2.976493 -2.976493 0.000000 0.000000 0.000000 0.000000 0.000000 0.000000 0.000000 0.000000
 867.000000 1.126250 -0.039825 0.000000 -3.953524 -3.953524 -3.953524 0.000000 0.000000 0.000000 0.000000 0.000000 0.000000 0.000000 0.000000
 868.000000 0.973378 -0.224927 0.000000 -3.828548 -3.828548 -3.828548 0.000000 0.000000 0.000000 0.000000 0.000000 0.000000 0.000000 0.000000
 869.000000 0.776090 -0.010106 0.000000 -3.531826 -3.531826 -3.531826 0.000000 0.000000 0.000000 0.000000 0.000000 0.000000 0.000000 0.000000
 870.000000 1.037980 0.240273 0.000000 -3.675598 -3.675598 -3.675598 0.000000 0.000000 0.000000 0.000000 0.000000 0.000000 0.000000 0.000000
 871.000000 0.659203 -0.077375 0.000000 -3.150153 -3.150153 -3.150153 0.000000 0.000000 0.000000 0.000000 0.000000 0.000000 0.000000 0.000000
 872.000000 0.683185 -0.376405 0.000000 -2.978281 -2.978281 -2.978281 0.000000 0.000000 0.000000 0.000000 0.000000 0.000000 0.000000 0.000000
 873.000000 0.621441 -0.360046 0.000000 -2.819362 -2.819362 -2.819362 0.000000 0.000000 0.000000 0.000000 0.000000 0.000000 0.000000 0.000000
 874.000000 0.988239 -0.611568 0.000000 -2.698868 -2.698868 -2.698868 0.000000 0.000000 0.000000 0.000000 0.000000 0.000000 0.000000 0.000000
 875.000000 0.989856 -0.086298 0.000000 -3.966644 -3.966644 -3.966644 0.000000 0.000000 0.000000 0.000000 0.000000 0.000000 0.000000 0.000000
 876.000000 0.940805 -0.277148 0.000000 -3.712217 -3.712217 -3.712217 0.000000 0.000000 0.000000 0.000000 0.000000 0.000000 0.000000 0.000000
 877.000000 1.217821 -0.057135 0.000000 -3.794976 -3.794976 -3.794976 0.000000 0.000000 0.000000 0.000000 0.000000 0.000000 0.000000 0.000000
 878.000000 1.273036 -0.314417 0.000000 -3.291029 -3.291029 -3.291029 0.000000 0.000000 0.000000 0.000000 0.000000 0.000000 0.000000 0.000000
 879.000000 1.494634 -0.473479 0.000000 -1.889417 -1.889417 -1.889417 0.000000 0.000000 0.000000 0.000000 0.000000 0.000000 0.000000 0.000000
 880.000000 0.877124 -0.897556 0.000000 -1.385460 -1.385460 -1.385460 0.000000 0.000000 0.000000 0.000000 0.000000 0.000000 0.000000 0.000000
 881.000000 0.761978 -0.608592 0.000000 -2.510358 -2.510358 -2.510358 0.000000 0.000000 0.000000 0.000000 0.000000 0.000000 0.000000 0.000000
 882.000000 0.549316 0.096272 0.000000 -2.564712 -2.564712 -2.564712 0.000000 0.000000 0.000000 0.000000 0.000000 0.000000 0.000000 0.000000
 883.000000 0.257468 0.208078 0.000000 -1.313489 -1.313489 -1.313489 0.000000 0.000000 0.000000 0.000000 0.000000 0.000000 0.000000 0.000000
 884.000000 0.651601 0.031820 0.000000 -3.056673 -3.056673 -3.056673 0.000000 0.000000 0.000000 0.000000 0.000000 0.000000 0.000000 0.000000
 885.000000 0.216610 0.135690 0.000000 -1.295700 -1.295700 -1.295700 0.000000 0.000000 0.000000 0.000000 0.000000 0.000000 0.000000 0.000000
 886.000000 1.316438 0.013363 0.000000 -3.499191 -3.499191 -3.499191 0.000000 0.000000 0.000000 0.000000 0.000000 0.000000 0.000000 0.000000
 887.000000 1.240218 0.025402 0.000000 -3.732198 -3.732198 -3.732198 0.000000 0.000000 0.000000 0.000000 0.000000 0.000000 0.000000 0.000000
 888.000000 1.161059 0.399576 0.000000 -3.210145 -3.210145 -3.210145 0.000000 0.000000 0.000000 0.000000 0.000000 0.000000 0.000000 0.000000
 889.000000 1.351330 0.230392 0.000000 -3.126186 -3.126186 -3.126186 0.000000 0.000000 0.000000 0.000000 0.000000 0.000000 0.000000 0.000000
 890.000000 1.576241 0.088296 0.000000 -2.115775 -2.115775 -2.115775 0.000000 0.000000 0.000000 0.000000 0.000000 0.000000 0.000000 0.000000
 891.000000 0.954092 -0.061448 0.000000 -3.937405 -3.937405 -3.937405 0.000000 0.000000 0.000000 0.000000 0.000000 0.000000 0.000000 0.000000
 892.000000 1.126901 -0.109709 0.000000 -3.928118 -3.928118 -3.928118 0.000000 0.000000 0.000000 0.000000 0.000000 0.000000 0.000000 0.000000
 893.000000 1.260389 0.133657 0.000000 -3.583850 -3.583850 -3.583850 0.000000 0.000000 0.000000 0.000000 0.000000 0.000000 0.000000 0.000000
 894.000000 1.146557 -0.214448 0.000000 -3.784320 -3.784320 -3.784320 0.000000 0.000000 0.000000 0.000000 0.000000 0.000000 0.000000 0.000000
 895.000000 1.307557 0.278075 0.000000 -3.185979 -3.185979 -3.185979 0.000000 0.000000 0.000000 0.000000 0.000000 0.000000 0.000000 0.000000
 896.000000 1.044687 0.657500 0.000000 -2.504758 -2.504758 -2.504758 0.000000 0.000000 0.000000 0.000000 0.000000 0.000000 0.000000 0.000000
 897.000000 1.033837 -0.082124 0.000000 -3.987104 -3.987104 -3.987104 0.000000 0.000000 0.000000 0.000000 0.000000 0.000000 0.000000 0.000000
 898.000000 0.777489 0.048783 0.000000 -3.492549 -3.492549 -3.492549 0.000000 0.000000 0.000000 0.000000 0.000000 0.000000 0.000000 0.000000
 899.000000 1.339023 -0.175993 0.000000 -3.316617 -3.316617 -3.316617 0.000000 0.000000 0.000000 0.000000 0.000000 0.000000 0.000000 0.000000
 900.000000 1.231137 -0.401554 0.000000 -3.170704 -3.170704 -3.170704 0.000000 0.000000 0.000000 0.000000 0.000000 0.000000 0.000000 0.000000
 901.000000 1.195577 -0.146880 0.000000 -3.786206 -3.786206 -3.786206 0.000000 0.000000 0.000000 0.000000 0.000000 0.000000 0.000000 0.000000
 902.000000 1.239924 0.169681 0.000000 -3.586455 -3.586455 -3.586455 0.000000 0.000000 0.000000 0.000000 0.000000 0.000000 0.000000 0.000000
 903.000000 1.364647 0.227221 0.000000 -3.079212 -3.079212 -3.079212 0.000000 0.000000 0.000000 0.000000 0.000000 0.000000 0.000000 0.000000
 904.000000 1.246674 -0.318412 0.000000 -3.358737 -3.358737 -3.358737 0.000000 0.000000 0.000000 0.000000 0.000000 0.000000 0.000000 0.000000
 905.000000 1.763911 0.067817 0.000000 -0.727849 -0.727849 -0.727849 0.000000 0.000000 0.000000 0.000000 0.000000 0.000000 0.000000 0.000000
 906.000000 1.461203 -0.350215 0.000000 -2.414124 -2.414124 -2.414124 0.000000 0.000000 0.000000 0.000000 0.000000 0.000000 0.000000 0.000000
 907.000000 0.561652 0.156802 0.000000 -2.534041 -2.534041 -2.534041 0.000000 0.000000 0.000000 0.000000 0.000000 0.000000 0.000000 0.000000
 908.000000 0.531263 1.399851 0.000000 -1.739922 -1.739922 -1.739922 0.000000 0.000000 0.000000 0.000000 0.000000 0.000000 0.000000 0.000000
 909.000000 0.440701 1.785274 0.000000 -1.416356 -1.416356 -1.416356 0.000000 0.000000 0.000000 0.000000 0.000000 0.000000 0.000000 0.000000
 910.000000 0.592203 1.607267 0.000000 -1.486602 -1.486602 -1.486602 0.000000 0.000000 0.000000 0.000000 0.000000 0.000000 0.000000 0.000000
 911.000000 1.158487 1.619180 0.000000 -0.082913 -0.082913 -0.082913 0.000000 0.000000 0.000000 0.000000 0.000000 0.000000 0.000000 0.000000
 912.000000 1.405550 1.043379 0.000000 -0.632644 -0.632644 -0.632644 0.000000 0.000000 0.000000 0.000000 0.000000 0.000000 0.000000 0.000000
 913.000000 1.041905 1.148385 0.000000 -1.284764 -1.284764 -1.284764 0.000000 0.000000 0.000000 0.000000 0.000000 0.000000 0.000000 0.000000
 914.000000 1.232041 0.930433 0.000000 -1.443745 -1.443745 -1.443745 0.000000 0.000000 0.000000 0.000000 0.000000 0.000000 0.000000 0.000000
 915.000000 0.870249 0.408451 0.000000 -3.064435 -3.064435 -3.064435 0.000000 0.000000 0.000000 0.000000 0.000000 0.000000 0.000000 0.000000
 916.000000 0.563179 0.371710 0.000000 -2.183404 -2.183404 -2.183404 0.000000 0.000000 0.000000 0.000000 0.000000 0.000000 0.000000 0.000000
 917.000000 0.944528 0.090466 0.000000 -3.840753 -3.840753 -3.840753 0.000000 0.000000 0.000000 0.000000 0.000000 0.000000 0.000000 0.000000
 918.000000 1.191457 -0.419260 0.000000 -3.207909 -3.207909 -3.207909 0.000000 0.000000 0.000000 0.000000 0.000000 0.000000 0.000000 0.000000
 919.000000 0.786813 -0.075526 0.000000 -3.583539 -3.583539 -3.583539 0.000000 0.000000 0.000000 0.000000 0.000000 0.000000 0.000000 0.000000
 920.000000 1.273794 -0.154712 0.000000 -3.573829 -3.573829 -3.573829 0.000000 0.000000 0.000000 0.000000 0.000000 0.000000 0.000000 0.000000
 921.000000 1.294630 -0.630864 0.000000 -2.143085 -2.143085 -2.143085 0.000000 0.000000 0.000000 0.000000 0.000000 0.000000 0.000000 0.000000
 922.000000 1.194499 -0.200811 0.000000 -3.720143 -3.720143 -3.720143 0.000000 0.000000 0.000000 0.000000 0.000000 0.000000 0.000000 0.000000
 923.000000 1.016713 0.175281 0.000000 -3.791241 -3.791241 -3.791241 0.000000 0.000000 0.000000 0.000000 0.000000 0.000000 0.000000 0.000000
 924.000000 0.607379 -0.441037 0.000000 -2.625293 -2.625293 -2.625293 0.000000 0.000000 0.000000 0.000000 0.000000 0.000000 0.000000 0.000000
 925.000000 0.450583 -0.658892 0.000000 -1.684087 -1.684087 -1.684087 0.000000 0.000000 0.000000 0.000000 0.000000 0.000000 0.000000 0.000000
 926.000000 0.944482 -0.312804 0.000000 -3.643954 -3.643954 -3.643954 0.000000 0.000000 0.000000 0.000000 0.000000 0.000000 0.000000 0.000000
 927.000000 0.877082 0.018517 0.000000 -3.783463 -3.783463 -3.783463 0.000000 0.000000 0.000000 0.000000 0.000000 0.000000 0.000000 0.000000
 928.000000 0.773680 -0.256221 0.000000 -3.430320 -3.430320 -3.430320 0.000000 0.000000 0.000000 0.000000 0.000000 0.000000 0.000000 0.000000
 929.000000 0.391537 -0.072553 0.000000 -2.084248 -2.084248 -2.084248 0.000000 0.000000 0.000000 0.000000 0.000000 0.000000 0.000000 0.000000
 930.000000 1.599254 0.402971 0.000000 -1.480571 -1.480571 -1.480571 0.000000 0.000000 0.000000 0.000000 0.000000 0.000000 0.000000 0.000000
 931.000000 1.557612 0.180028 0.000000 -2.146720 -2.146720 -2.146720 0.000000 0.000000 0.000000 0.000000 0.000000 0.000000 0.000000 0.000000
 932.000000 0.689328 0.250727 0.000000 -2.887319 -2.887319 -2.887319 0.000000 0.000000 0.000000 0.000000 0.000000 0.000000 0.000000 0.000000
 933.000000 1.090151 -0.044807 0.000000 -3.982775 -3.982775 -3.982775 0.000000 0.000000 0.000000 0.000000 0.000000 0.000000 0.000000 0.000000
 934.000000 0.908724 0.246922 0.000000 -3.523046 -3.523046 -3.523046 0.000000 0.000000 0.000000 0.000000 0.000000 0.000000 0.000000 0.000000
 935.000000 0.998826 0.269957 0.000000 -3.590514 -3.590514 -3.590514 0.000000 0.000000 0.000000 0.000000 0.000000 0.000000 0.000000 0.000000
 936.000000 1.227216 -0.121436 0.000000 -3.737396 -3.737396 -3.737396 0.000000 0.000000 0.000000 0.000000 0.000000 0.000000 0.000000 0.000000
 937.000000 1.449221 0.035277 0.000000 -2.899418 -2.899418 -2.899418 0.000000 0.000000 0.000000 0.000000 0.000000 0.000000 0.000000 0.000000
 938.000000 1.815433 0.209054 0.000000 -0.194672 -0.194672 -0.194672 0.000000 0.000000 0.000000 0.000000 0.000000 0.000000 0.000000 0.000000
 939.000000 0.866327 0.164229 0.000000 -3.589160 -3.589160 -3.589160 0.000000 0.000000 0.000000 0.000000 0.000000 0.000000 0.000000 0.000000
 940.000000 1.161441 -0.144262 0.000000 -3.852065 -3.852065 -3.852065 0.000000 0.000000 0.000000 0.000000 0.000000 0.000000 0.000000 0.000000
 941.000000 1.464673 0.250077 0.000000 -2.573623 -2.573623 -2.573623 0.000000 0.000000 0.000000 0.000000 0.000000 0.000000 0.000000 0.000000
 942.000000 1.220408 -0.070716 0.000000 -3.784544 -3.784544 -3.784544 0.000000 0.000000 0.000000 0.000000 0.000000 0.000000 0.000000 0.000000
 943.000000 1.151206 -0.104121 0.000000 -3.900362 -3.900362 -3.900362 0.000000 0.000000 0.000000 0.000000 0.000000 0.000000 0.000000 0.000000
 944.000000 0.827175 -0.087395 0.000000 -3.693993 -3.693993 -3.693993 0.000000 0.000000 0.000000 0.000000 0.000000 0.000000 0.000000 0.000000
 945.000000 0.350122 0.328937 0.000000 -1.452890 -1.452890 -1.452890 0.000000 0.000000 0.000000 0.000000 0.000000 0.000000 0.000000 0.000000
 946.000000 0.334329 -0.152019 0.000000 -1.925303 -1.925303 -1.925303 0.000000 0.000000 0.000000 0.000000 0.000000 0.000000 0.000000 0.000000
 947.000000 0.813838 0.356025 0.000000 -3.062545 -3.062545 -3.062545 0.000000 0.000000 0.000000 0.000000 0.000000 0.000000 0.000000 0.000000
 948.000000 0.600293 0.945796 0.000000 -1.652428 -1.652428 -1.652428 0.000000 0.000000 0.000000 0.000000 0.000000 0.000000 0.000000 0.000000
 949.000000 0.734979 0.732947 0.000000 -2.045258 -2.045258 -2.045258 0.000000 0.000000 0.000000 0.000000 0.000000 0.000000 0.000000 0.000000
 950.000000 0.803861 0.350586 0.000000 -3.048594 -3.048594 -3.048594 0.000000 0.000000 0.000000 0.000000 0.000000 0.000000 0.000000 0.000000
 951.000000 1.116795 -0.101567 0.000000 -3.943845 -3.943845 -3.943845 0.000000 0.000000 0.000000 0.000000 0.000000 0.000000 0.000000 0.000000
 952.000000 1.078390 -0.447123 0.000000 -3.279483 -3.279483 -3.279483 0.000000 0.000000 0.000000 0.000000 0.000000 0.000000 0.000000 0.000000
 953.000000 1.018068 -0.488193 0.000000 -3.167960 -3.167960 -3.167960 0.000000 0.000000 0.000000 0.000000 0.000000 0.000000 0.000000 0.000000
 954.000000 1.183906 -0.439885 0.000000 -3.156411 -3.156411 -3.156411 0.000000 0.000000 0.000000 0.000000 0.000000 0.000000 0.000000 0.000000
 955.000000 1.809429 -0.052002 0.000000 -0.351363 -0.351363 -0.351363 0.000000 0.000000 0.000000 0.000000 0.000000 0.000000 0.000000 0.000000
 956.000000 0.921950 0.519536 0.000000 -2.849624 -2.849624 -2.849624 0.000000 0.000000 0.000000 0.000000 0.000000 0.000000 0.000000 0.000000
 957.000000 1.369697 0.344170 0.000000 -2.806749 -2.806749 -2.806749 0.000000 0.000000 0.000000 0.000000 0.000000 0.000000 0.000000 0.000000
 958.000000 1.399625 0.149468 0.000000 -3.048919 -3.048919 -3.048919 0.000000 0.000000 0.000000 0.000000 0.000000 0.000000 0.000000 0.000000
 959.000000 0.853761 0.344165 0.000000 -3.188787 -3.188787 -3.188787 0.000000 0.000000 0.000000 0.000000 0.000000 0.000000 0.000000 0.000000
 960.000000 0.633508 0.673965 0.000000 -1.922340 -1.922340 -1.922340 0.000000 0.000000 0.000000 0.000000 0.000000 0.000000 0.000000 0.000000
 961.000000 0.956974 -0.088890 0.000000 -3.935619 -3.935619 -3.935619 0.000000 0.000000 0.000000 0.000000 0.000000 0.000000 0.000000 0.000000
 962.000000 1.099395 0.334481 0.000000 -3.445205 -3.445205 -3.445205 0.000000 0.000000 0.000000 0.000000 0.000000 0.000000 0.000000 0.000000
 963.000000 0.984860 -0.445118 0.000000 -3.311275 -3.311275 -3.311275 0.000000 0.000000 0.000000 0.000000 0.000000 0.000000 0.000000 0.000000
 964.000000 0.944161 -0.163551 0.000000 -3.874994 -3.874994 -3.874994 0.000000 0.000000 0.000000 0.000000 0.000000 0.000000 0.000000 0.000000
 965.000000 1.073771 0.170301 0.000000 -3.809238 -3.809238 -3.809238 0.000000 0.000000 0.000000 0.000000 0.000000 0.000000 0.000000 0.000000
 966.000000 0.956908 -0.261220 0.000000 -3.756290 -3.756290 -3.756290 0.000000 0.000000 0.000000 0.000000 0.000000 0.000000 0.000000 0.000000
 967.000000 1.329622 0.557230 0.000000 -2.341039 -2.341039 -2.341039 0.000000 0.000000 0.000000 0.000000 0.000000 0.000000 0.000000 0.000000
 968.000000 0.652779 1.126018 0.000000 -1.641039 -1.641039 -1.641039 0.000000 0.000000 0.000000 0.000000 0.000000 0.000000 0.000000 0.000000
 969.000000 0.509292 1.675135 0.000000 -1.538738 -1.538738 -1.538738 0.000000 0.000000 0.000000 0.000000 0.000000 0.000000 0.000000 0.000000
 970.000000 0.226314 1.589390 0.000000 -2.055078 -2.055078 -2.055078 0.000000 0.000000 0.000000 0.000000 0.000000 0.000000 0.000000 0.000000
 971.000000 0.305690 1.736001 0.000000 -1.757578 -1.757578 -1.757578 0.000000 0.000000 0.000000 0.000000 0.000000 0.000000 0.000000 0.000000
 972.000000 0.235573 1.692083 0.000000 -1.927110 -1.927110 -1.927110 0.000000 0.000000 0.000000 0.000000 0.000000 0.000000 0.000000 0.000000
 973.000000 0.270195 1.542589 0.000000 -2.035287 -2.035287 -2.035287 0.000000 0.000000 0.000000 0.000000 0.000000 0.000000 0.000000 0.000000
 974.000000 0.545551 1.426191 0.000000 -1.716777 -1.716777 -1.716777 0.000000 0.000000 0.000000 0.000000 0.000000 0.000000 0.000000 0.000000
 975.000000 0.502971 0.894603 0.000000 -1.539779 -1.539779 -1.539779 0.000000 0.000000 0.000000 0.000000 0.000000 0.000000 0.000000 0.000000
 976.000000 0.184672 1.327928 0.000000 -1.962642 -1.962642 -1.962642 0.000000 0.000000 0.000000 0.000000 0.234944 939.775988 0.000000 0.000000
 977.000000 0.437371 0.682772 0.000000 -1.421104 -1.421104 -1.421104 0.000000 0.000000 0.000000 0.000000 0.000000 0.000000 0.000000 0.000000
 978.000000 0.257610 1.093240 0.000000 -1.560534 -1.560534 -1.560534 0.000000 0.000000 0.000000 0.000000 0.000000 0.000000 0.000000 0.000000
 979.000000 0.736262 0.437664 0.000000 -2.654266 -2.654266 -2.654266 0.000000 0.000000 0.000000 0.000000 0.000000 0.000000 0.000000 0.000000
 980.000000 1.253837 0.345666 0.000000 -3.179359 -3.179359 -3.179359 0.000000 0.000000 0.000000 0.000000 0.000000 0.000000 0.000000 0.000000
 981.000000 1.060953 0.127642 0.000000 -3.875622 -3.875622 -3.875622 0.000000 0.000000 0.000000 0.000000 0.000000 0.000000 0.000000 0.000000
 982.000000 0.905310 0.597123 0.000000 -2.614764 -2.614764 -2.614764 0.000000 0.000000 0.000000 0.000000 0.000000 0.000000 0.000000 0.000000
 983.000000 1.161965 1.087298 0.000000 -1.193836 -1.193836 -1.193836 0.000000 0.000000 0.000000 0.000000 0.000000 0.000000 0.000000 0.000000
 984.000000 0.918489 0.317351 0.000000 -3.381485 -3.381485 -3.381485 0.000000 0.000000 0.000000 0.000000 0.000000 0.000000 0.000000 0.000000
 985.000000 0.482728 0.599166 0.000000 -1.593839 -1.593839 -1.593839 0.000000 0.000000 0.000000 0.000000 0.000000 0.000000 0.000000 0.000000
 986.000000 1.112758 0.352987 0.000000 -3.388171 -3.388171 -3.388171 0.000000 0.000000 0.000000 0.000000 0.000000 0.000000 0.000000 0.000000
 987.000000 0.916430 0.149413 0.000000 -3.715876 -3.715876 -3.715876 0.000000 0.000000 0.000000 0.000000 0.000000 0.000000 0.000000 0.000000
 988.000000 1.160975 0.854559 0.000000 -1.800795 -1.800795 -1.800795 0.000000 0.000000 0.000000 0.000000 0.000000 0.000000 0.000000 0.000000
 989.000000 0.829425 0.269001 0.000000 -3.298828 -3.298828 -3.298828 0.000000 0.000000 0.000000 0.000000 0.000000 0.000000 0.000000 0.000000
 990.000000 0.878775 0.235911 0.000000 -3.485781 -3.485781 -3.485781 0.000000 0.000000 0.000000 0.000000 0.000000 0.000000 0.000000 0.000000
 991.000000 0.316773 -0.494453 0.000000 -1.708465 -1.708465 -1.708465 0.000000 0.000000 0.000000 0.000000 0.000000 0.000000 0.000000 0.000000
 992.000000 0.756152 -0.464608 0.000000 -2.956680 -2.956680 -2.956680 0.000000 0.000000 0.000000 0.000000 0.000000 0.000000 0.000000 0.000000
 993.000000 0.899499 -0.369452 0.000000 -3.462733 -3.462733 -3.462733 0.000000 0.000000 0.000000 0.000000 0.000000 0.000000 0.000000 0.000000
 994.000000 0.852203 0.236405 0.000000 -3.423632 -3.423632 -3.423632 0.000000 0.000000 0.000000 0.000000 0.000000 0.000000 0.000000 0.000000
 995.000000 1.312652 -0.422404 0.000000 -2.858554 -2.858554 -2.858554 0.000000 0.000000 0.000000 0.000000 0.000000 0.000000 0.000000 0.000000
 996.000000 0.974751 -0.226511 0.000000 -3.827159 -3.827159 -3.827159 0.000000 0.000000 0.000000 0.000000 0.000000 0.000000 0.000000 0.000000
 997.000000 1.229550 0.106853 0.000000 -3.695766 -3.695766 -3.695766 0.000000 0.000000 0.000000 0.000000 0.000000 0.000000 0.000000 0.000000
 998.000000 1.222566 0.117379 0.000000 -3.700023 -3.700023 -3.700023 0.000000 0.000000 0.000000 0.000000 0.000000 0.000000 0.000000 0.000000
 999.000000 0.999043 0.265412 0.000000 -3.600880 -3.600880 -3.600880 0.000000 0.000000 0.000000 0.000000 0.000000 0.000000 0.000000 0.000000
 1000.000000 0.677680 0.125439 0.000000 -3.049789 -3.049789 -3.049789 0.000000 0.000000 0.000000 0.000000 0.000000 0.000000 0.000000 0.000000
 1001.000000 0.872326 -0.383875 0.000000 -3.388906 -3.388906 -3.388906 0.000000 0.000000 0.000000 0.000000 0.000000 0.000000 0.000000 0.000000
 1002.000000 0.486101 -0.688141 0.000000 -1.679335 -1.679335 -1.679335 0.000000 0.000000 0.000000 0.000000 0.000000 0.000000 0.000000 0.000000
 1003.000000 1.233453 -0.261571 0.000000 -3.521508 -3.521508 -3.521508 0.000000 0.000000 0.000000 0.000000 0.000000 0.000000 0.000000 0.000000
 1004.000000 1.234285 0.063874 0.000000 -3.724279 -3.724279 -3.724279 0.000000 0.000000 0.000000 0.000000 0.000000 0.000000 0.000000 0.000000
 1005.000000 0.733846 -0.311092 0.000000 -3.239695 -3.239695 -3.239695 0.000000 0.000000 0.000000 0.000000 0.000000 0.000000 0.000000 0.000000
 1006.000000 0.690949 0.048784 0.000000 -3.192123 -3.192123 -3.192123 0.000000 0.000000 0.000000 0.000000 0.000000 0.000000 0.000000 0.000000
 1007.000000 0.875367 0.272458 0.000000 -3.401626 -3.401626 -3.401626 0.000000 0.000000 0.000000 0.000000 0.000000 0.000000 0.000000 0.000000
 1008.000000 1.289249 0.468103 0.000000 -2.738818 -2.738818 -2.738818 0.000000 0.000000 0.000000 0.000000 0.000000 0.000000 0.000000 0.000000
 1009.000000 0.998912 -0.124825 0.000000 -3.953344 -3.953344 -3.953344 0.000000 0.000000 0.000000 0.000000 0.000000 0.000000 0.000000 0.000000
 1010.000000 0.941723 -0.191484 0.000000 -3.843062 -3.843062 -3.843062 0.000000 0.000000 0.000000 0.000000 0.000000 0.000000 0.000000 0.000000
 1011.000000 0.769982 -0.703045 0.000000 -2.164401 -2.164401 -2.164401 0.000000 0.000000 0.000000 0.000000 0.000000 0.000000 0.000000 0.000000
 1012.000000 1.305369 -0.376450 0.000000 -3.021424 -3.021424 -3.021424 0.000000 0.000000 0.000000 0.000000 0.000000 0.000000 0.000000 0.000000
 1013.000000 1.390264 -0.464761 0.000000 -2.419471 -2.419471 -2.419471 0.000000 0.000000 0.000000 0.000000 0.000000 0.000000 0.000000 0.000000
 1014.000000 1.359859 -0.750574 0.000000 -1.407156 -1.407156 -1.407156 0.000000 0.000000 0.000000 0.000000 0.000000 0.000000 0.000000 0.000000
 1015.000000 1.342524 -0.862576 0.000000 -0.946419 -0.946419 -0.946419 0.000000 0.000000 0.000000 0.000000 0.000000 0.000000 0.000000 0.000000
 1016.000000 1.372851 -0.475693 0.000000 -2.455975 -2.455975 -2.455975 0.000000 0.000000 0.000000 0.000000 0.000000 0.000000 0.000000 0.000000
 1017.000000 0.703888 -0.492786 0.000000 -2.759107 -2.759107 -2.759107 0.000000 0.000000 0.000000 0.000000 0.000000 0.000000 0.000000 0.000000
 1018.000000 1.082047 -0.612332 0.000000 -2.649223 -2.649223 -2.649223 0.000000 0.000000 0.000000 0.000000 0.000000 0.000000 0.000000 0.000000
 1019.000000 1.076406 -0.660212 0.000000 -2.447911 -2.447911 -2.447911 0.000000 0.000000 0.000000 0.000000 0.000000 0.000000 0.000000 0.000000
 1020.000000 1.219703 -0.568288 0.000000 -2.604882 -2.604882 -2.604882 0.000000 0.000000 0.000000 0.000000 0.000000 0.000000 0.000000 0.000000
 1021.000000 0.883863 -0.073929 0.000000 -3.824323 -3.824323 -3.824323 0.000000 0.000000 0.000000 0.000000 0.000000 0.000000 0.000000 0.000000
 1022.000000 1.177546 0.035973 0.000000 -3.862216 -3.862216 -3.862216 0.000000 0.000000 0.000000 0.000000 0.000000 0.000000 0.000000 0.000000
 1023.000000 1.059059 -0.165751 0.000000 -3.925889 -3.925889 -3.925889 0.000000 0.000000 0.000000 0.000000 0.000000 0.000000 0.000000 0.000000
 1024.000000 1.021873 0.250808 0.000000 -3.647091 -3.647091 -3.647091 0.000000 0.000000 0.000000 0.000000 0.000000 0.000000 0.000000 0.000000
 1025.000000 1.493085 0.560235 0.000000 -1.665744 -1.665744 -1.665744 0.000000 0.000000 0.000000 0.000000 0.000000 0.000000 0.000000 0.000000
 1026.000000 1.249154 0.032092 0.000000 -3.705403 -3.705403 -3.705403 0.000000 0.000000 0.000000 0.000000 0.000000 0.000000 0.000000 0.000000
 1027.000000 1.216648 0.101361 0.000000 -3.731458 -3.731458 -3.731458 0.000000 0.000000 0.000000 0.000000 0.000000 0.000000 0.000000 0.000000
 1028.000000 1.240022 -0.334162 0.000000 -3.337292 -3.337292 -3.337292 0.000000 0.000000 0.000000 0.000000 0.000000 0.000000 0.000000 0.000000
 1029.000000 1.683993 -0.504759 0.000000 -0.637575 -0.637575 -0.637575 0.000000 0.000000 0.000000 0.000000 0.000000 0.000000 0.000000 0.000000
 1030.000000 0.882032 -0.472152 0.000000 -3.150144 -3.150144 -3.150144 0.000000 0.000000 0.000000 0.000000 0.000000 0.000000 0.000000 0.000000
 1031.000000 0.953870 -0.190563 0.000000 -3.857298 -3.857298 -3.857298 0.000000 0.000000 0.000000 0.000000 0.000000 0.000000 0.000000 0.000000
 1032.000000 0.582943 -0.130096 0.000000 -2.861853 -2.861853 -2.861853 0.000000 0.000000 0.000000 0.000000 0.000000 0.000000 0.000000 0.000000
 1033.000000 0.725345 -0.357311 0.000000 -3.133604 -3.133604 -3.133604 0.000000 0.000000 0.000000 0.000000 0.000000 0.000000 0.000000 0.000000
 1034.000000 1.336498 -0.211145 0.000000 -3.275708 -3.275708 -3.275708 0.000000 0.000000 0.000000 0.000000 0.000000 0.000000 0.000000 0.000000
 1035.000000 1.140354 -0.647601 0.000000 -2.425041 -2.425041 -2.425041 0.000000 0.000000 0.000000 0.000000 0.000000 0.000000 0.000000 0.000000
 1036.000000 0.682092 -0.277957 0.000000 -3.131819 -3.131819 -3.131819 0.000000 0.000000 0.000000 0.000000 0.000000 0.000000 0.000000 0.000000
 1037.000000 0.878667 -0.368360 0.000000 -3.436925 -3.436925 -3.436925 0.000000 0.000000 0.000000 0.000000 0.000000 0.000000 0.000000 0.000000
 1038.000000 0.902789 -0.313714 0.000000 -3.594771 -3.594771 -3.594771 0.000000 0.000000 0.000000 0.000000 0.000000 0.000000 0.000000 0.000000
 1039.000000 1.705962 -0.629610 0.000000 -0.115947 -0.115947 -0.115947 0.000000 0.000000 0.000000 0.000000 0.000000 0.000000 0.000000 0.000000
 1040.000000 1.218754 -0.194087 0.000000 -3.675453 -3.675453 -3.675453 0.000000 0.000000 0.000000 0.000000 0.000000 0.000000 0.000000 0.000000
 1041.000000 1.216803 0.174229 0.000000 -3.632971 -3.632971 -3.632971 0.000000 0.000000 0.000000 0.000000 0.000000 0.000000 0.000000 0.000000
 1042.000000 0.799488 0.196889 0.000000 -3.355840 -3.355840 -3.355840 0.000000 0.000000 0.000000 0.000000 0.000000 0.000000 0.000000 0.000000
 1043.000000 1.096098 -0.330378 0.000000 -3.605579 -3.605579 -3.605579 0.000000 0.000000 0.000000 0.000000 0.000000 0.000000 0.000000 0.000000
 1044.000000 1.290663 0.266876 0.000000 -3.263877 -3.263877 -3.263877 0.000000 0.000000 0.000000 0.000000 0.000000 0.000000 0.000000 0.000000
 1045.000000 1.167219 0.186532 0.000000 -3.702742 -3.702742 -3.702742 0.000000 0.000000 0.000000 0.000000 0.000000 0.000000 0.000000 0.000000
 1046.000000 1.172196 -0.238180 0.000000 -3.701949 -3.701949 -3.701949 0.000000 0.000000 0.000000 0.000000 0.000000 0.000000 0.000000 0.000000
 1047.000000 1.089428 0.334803 0.000000 -3.449075 -3.449075 -3.449075 0.000000 0.000000 0.000000 0.000000 0.000000 0.000000 0.000000 0.000000
 1048.000000 1.013782 0.595347 0.000000 -2.694216 -2.694216 -2.694216 0.000000 0.000000 0.000000 0.000000 0.000000 0.000000 0.000000 0.000000
 1049.000000 0.785131 0.098974 0.000000 -3.461440 -3.461440 -3.461440 0.000000 0.000000 0.000000 0.000000 0.000000 0.000000 0.000000 0.000000
 1050.000000 1.050614 0.211093 0.000000 -3.736977 -3.736977 -3.736977 0.000000 0.000000 0.000000 0.000000 0.000000 0.000000 0.000000 0.000000
 1051.000000 1.469739 0.876798 0.000000 -0.841367 -0.841367 -0.841367 0.000000 0.000000 0.000000 0.000000 0.000000 0.000000 0.000000 0.000000
 1052.000000 0.933350 0.316005 0.000000 -3.408204 -3.408204 -3.408204 0.000000 0.000000 0.000000 0.000000 0.000000 0.000000 0.000000 0.000000
 1053.000000 1.256799 0.197317 0.000000 -3.497116 -3.497116 -3.497116 0.000000 0.000000 0.000000 0.000000 0.000000 0.000000 0.000000 0.000000
 1054.000000 1.505274 0.537691 0.000000 -1.669290 -1.669290 -1.669290 0.000000 0.000000 0.000000 0.000000 0.000000 0.000000 0.000000 0.000000
 1055.000000 1.614129 1.068648 0.000000 0.293983 0.293983 0.293983 0.000000 0.000000 0.000000 0.000000 0.000000 0.000000 0.000000 0.000000
 1056.000000 1.470908 0.865586 0.000000 -0.868319 -0.868319 -0.868319 0.000000 0.000000 0.000000 0.000000 0.000000 0.000000 0.000000 0.000000
 1057.000000 1.400250 0.490170 0.000000 -2.287199 -2.287199 -2.287199 0.000000 0.000000 0.000000 0.000000 0.000000 0.000000 0.000000 0.000000
 1058.000000 0.735020 0.633493 0.000000 -2.229009 -2.229009 -2.229009 0.000000 0.000000 0.000000 0.000000 0.000000 0.000000 0.000000 0.000000
 1059.000000 1.321172 0.652362 0.000000 -2.064463 -2.064463 -2.064463 0.000000 0.000000 0.000000 0.000000 0.000000 0.000000 0.000000 0.000000
 1060.000000 0.728072 -0.216527 0.000000 -3.343207 -3.343207 -3.343207 0.000000 0.000000 0.000000 0.000000 0.000000 0.000000 0.000000 0.000000
 1061.000000 0.503511 0.666807 0.000000 -1.597581 -1.597581 -1.597581 0.000000 0.000000 0.000000 0.000000 0.000000 0.000000 0.000000 0.000000
 1062.000000 0.472179 0.600150 0.000000 -1.562194 -1.562194 -1.562194 0.000000 0.000000 0.000000 0.000000 0.000000 0.000000 0.000000 0.000000
 1063.000000 1.249604 0.497837 0.000000 -2.751556 -2.751556 -2.751556 0.000000 0.000000 0.000000 0.000000 0.000000 0.000000 0.000000 0.000000
 1064.000000 0.735129 -0.118597 0.000000 -3.419697 -3.419697 -3.419697 0.000000 0.000000 0.000000 0.000000 0.000000 0.000000 0.000000 0.000000
 1065.000000 0.391638 -0.007472 0.000000 -2.031446 -2.031446 -2.031446 0.000000 0.000000 0.000000 0.000000 0.000000 0.000000 0.000000 0.000000
 1066.000000 0.521582 0.721023 0.000000 -1.607066 -1.607066 -1.607066 0.000000 0.000000 0.000000 0.000000 0.000000 0.000000 0.000000 0.000000
 1067.000000 0.895641 0.850990 0.000000 -1.983568 -1.983568 -1.983568 0.000000 0.000000 0.000000 0.000000 0.000000 0.000000 0.000000 0.000000
 1068.000000 1.007432 1.017767 0.000000 -1.589198 -1.589198 -1.589198 0.000000 0.000000 0.000000 0.000000 0.000000 0.000000 0.000000 0.000000
 1069.000000 0.842196 1.156605 0.000000 -1.519946 -1.519946 -1.519946 0.000000 0.000000 0.000000 0.000000 0.000000 0.000000 0.000000 0.000000
 1070.000000 0.614790 1.257897 0.000000 -1.651821 -1.651821 -1.651821 0.000000 0.000000 0.000000 0.000000 0.000000 0.000000 0.000000 0.000000
 1071.000000 1.629617 0.475058 0.000000 -1.121848 -1.121848 -1.121848 0.000000 0.000000 0.000000 0.000000 0.000000 0.000000 0.000000 0.000000
 1072.000000 0.951596 0.492814 0.000000 -2.958828 -2.958828 -2.958828 0.000000 0.000000 0.000000 0.000000 0.000000 0.000000 0.000000 0.000000
 1073.000000 0.947021 -0.358517 0.000000 -3.539280 -3.539280 -3.539280 0.000000 0.000000 0.000000 0.000000 0.000000 0.000000 0.000000 0.000000
 1074.000000 1.177528 -0.074666 0.000000 -3.872593 -3.872593 -3.872593 0.000000 0.000000 0.000000 0.000000 0.000000 0.000000 0.000000 0.000000
 1075.000000 1.196149 -0.070136 0.000000 -3.838493 -3.838493 -3.838493 0.000000 0.000000 0.000000 0.000000 0.000000 0.000000 0.000000 0.000000
 1076.000000 0.920588 -0.810866 0.000000 -1.808418 -1.808418 -1.808418 0.000000 0.000000 0.000000 0.000000 0.000000 0.000000 0.000000 0.000000
 1077.000000 0.950057 -0.598308 0.000000 -2.747612 -2.747612 -2.747612 0.000000 0.000000 0.000000 0.000000 0.000000 0.000000 0.000000 0.000000
 1078.000000 1.571907 -0.209412 0.000000 -2.037121 -2.037121 -2.037121 0.000000 0.000000 0.000000 0.000000 0.000000 0.000000 0.000000 0.000000
 1079.000000 1.359871 -0.171494 0.000000 -3.237146 -3.237146 -3.237146 0.000000 0.000000 0.000000 0.000000 0.000000 0.000000 0.000000 0.000000
 1080.000000 1.606701 0.294684 0.000000 -1.652701 -1.652701 -1.652701 0.000000 0.000000 0.000000 0.000000 0.000000 0.000000 0.000000 0.000000
 1081.000000 0.877925 -0.414774 0.000000 -3.314929 -3.314929 -3.314929 0.000000 0.000000 0.000000 0.000000 0.000000 0.000000 0.000000 0.000000
 1082.000000 1.040186 -0.110812 0.000000 -3.974417 -3.974417 -3.974417 0.000000 0.000000 0.000000 0.000000 0.000000 0.000000 0.000000 0.000000
 1083.000000 0.818094 -0.229469 0.000000 -3.576490 -3.576490 -3.576490 0.000000 0.000000 0.000000 0.000000 0.000000 0.000000 0.000000 0.000000
 1084.000000 1.217994 0.047488 0.000000 -3.774478 -3.774478 -3.774478 0.000000 0.000000 0.000000 0.000000 0.000000 0.000000 0.000000 0.000000
 1085.000000 0.881893 -0.122627 0.000000 -3.806702 -3.806702 -3.806702 0.000000 0.000000 0.000000 0.000000 0.000000 0.000000 0.000000 0.000000
 1086.000000 0.616632 -0.208267 0.000000 -2.969406 -2.969406 -2.969406 0.000000 0.000000 0.000000 0.000000 0.000000 0.000000 0.000000 0.000000
 1087.000000 0.647080 -0.650605 0.000000 -2.145318 -2.145318 -2.145318 0.000000 0.000000 0.000000 0.000000 0.000000 0.000000 0.000000 0.000000
 1088.000000 0.958577 0.463954 0.000000 -3.047930 -3.047930 -3.047930 0.000000 0.000000 0.000000 0.000000 0.000000 0.000000 0.000000 0.000000
 1089.000000 0.232350 0.017975 0.000000 -1.479117 -1.479117 -1.479117 0.000000 0.000000 0.000000 0.000000 0.000000 0.000000 0.000000 0.000000
 1090.000000 0.192332 -0.521008 0.000000 -1.428761 -1.428761 -1.428761 0.000000 0.000000 0.000000 0.000000 0.058802 235.209219 0.000000 0.000000
 1091.000000 0.809569 -0.914263 0.000000 -1.275354 -1.275354 -1.275354 0.000000 0.000000 0.000000 0.000000 0.000000 0.000000 0.000000 0.000000
 1092.000000 1.329078 -0.442125 0.000000 -2.736840 -2.736840 -2.736840 0.000000 0.000000 0.000000 0.000000 0.000000 0.000000 0.000000 0.000000
 1093.000000 1.349752 -0.120594 0.000000 -3.332876 -3.332876 -3.332876 0.000000 0.000000 0.000000 0.000000 0.000000 0.000000 0.000000 0.000000
 1094.000000 1.122749 -0.070724 0.000000 -3.951646 -3.951646 -3.951646 0.000000 0.000000 0.000000 0.000000 0.000000 0.000000 0.000000 0.000000
 1095.000000 0.681131 0.132588 0.000000 -3.052949 -3.052949 -3.052949 0.000000 0.000000 0.000000 0.000000 0.000000 0.000000 0.000000 0.000000
 1096.000000 0.899547 -0.202103 0.000000 -3.772277 -3.772277 -3.772277 0.000000 0.000000 0.000000 0.000000 0.000000 0.000000 0.000000 0.000000
 1097.000000 1.374334 -0.196424 0.000000 -3.141001 -3.141001 -3.141001 0.000000 0.000000 0.000000 0.000000 0.000000 0.000000 0.000000 0.000000
 1098.000000 1.032286 -0.494668 0.000000 -3.141445 -3.141445 -3.141445 0.000000 0.000000 0.000000 0.000000 0.000000 0.000000 0.000000 0.000000
 1099.000000 0.507774 -0.350214 0.000000 -2.456446 -2.456446 -2.456446 0.000000 0.000000 0.000000 0.000000 0.000000 0.000000 0.000000 0.000000
 1100.000000 0.872497 -0.218639 0.000000 -3.705167 -3.705167 -3.705167 0.000000 0.000000 0.000000 0.000000 0.000000 0.000000 0.000000 0.000000
 1101.000000 1.575512 -0.266078 0.000000 -1.923845 -1.923845 -1.923845 0.000000 0.000000 0.000000 0.000000 0.000000 0.000000 0.000000 0.000000
 1102.000000 0.757296 -0.410117 0.000000 -3.099847 -3.099847 -3.099847 0.000000 0.000000 0.000000 0.000000 0.000000 0.000000 0.000000 0.000000
 1103.000000 0.762406 -0.134544 0.000000 -3.501160 -3.501160 -3.501160 0.000000 0.000000 0.000000 0.000000 0.000000 0.000000 0.000000 0.000000
 1104.000000 0.567114 0.235292 0.000000 -2.433670 -2.433670 -2.433670 0.000000 0.000000 0.000000 0.000000 0.000000 0.000000 0.000000 0.000000
 1105.000000 0.464702 0.325658 0.000000 -1.876506 -1.876506 -1.876506 0.000000 0.000000 0.000000 0.000000 0.000000 0.000000 0.000000 0.000000
 1106.000000 1.292604 0.109281 0.000000 -3.515433 -3.515433 -3.515433 0.000000 0.000000 0.000000 0.000000 0.000000 0.000000 0.000000 0.000000
 1107.000000 0.939456 -0.117338 0.000000 -3.902665 -3.902665 -3.902665 0.000000 0.000000 0.000000 0.000000 0.000000 0.000000 0.000000 0.000000
 1108.000000 0.939210 0.223366 0.000000 -3.622003 -3.622003 -3.622003 0.000000 0.000000 0.000000 0.000000 0.000000 0.000000 0.000000 0.000000
 1109.000000 0.755670 0.621107 0.000000 -2.299787 -2.299787 -2.299787 0.000000 0.000000 0.000000 0.000000 0.000000 0.000000 0.000000 0.000000
 1110.000000 0.876709 -0.596030 0.000000 -2.710184 -2.710184 -2.710184 0.000000 0.000000 0.000000 0.000000 0.000000 0.000000 0.000000 0.000000
 1111.000000 1.052858 -0.215252 0.000000 -3.862852 -3.862852 -3.862852 0.000000 0.000000 0.000000 0.000000 0.000000 0.000000 0.000000 0.000000
 1112.000000 1.004401 -0.315605 0.000000 -3.671848 -3.671848 -3.671848 0.000000 0.000000 0.000000 0.000000 0.000000 0.000000 0.000000 0.000000
 1113.000000 0.493565 -0.073328 0.000000 -2.486046 -2.486046 -2.486046 0.000000 0.000000 0.000000 0.000000 0.000000 0.000000 0.000000 0.000000
 1114.000000 0.620500 0.187889 0.000000 -2.729333 -2.729333 -2.729333 0.000000 0.000000 0.000000 0.000000 0.000000 0.000000 0.000000 0.000000
 1115.000000 1.038486 0.156960 0.000000 -3.830122 -3.830122 -3.830122 0.000000 0.000000 0.000000 0.000000 0.000000 0.000000 0.000000 0.000000
 1116.000000 0.650601 0.124061 0.000000 -2.945876 -2.945876 -2.945876 0.000000 0.000000 0.000000 0.000000 0.000000 0.000000 0.000000 0.000000
 1117.000000 0.942482 0.048215 0.000000 -3.879565 -3.879565 -3.879565 0.000000 0.000000 0.000000 0.000000 0.000000 0.000000 0.000000 0.000000
 1118.000000 0.903263 0.535242 0.000000 -2.781466 -2.781466 -2.781466 0.000000 0.000000 0.000000 0.000000 0.000000 0.000000 0.000000 0.000000
 1119.000000 1.139025 -0.167667 0.000000 -3.859742 -3.859742 -3.859742 0.000000 0.000000 0.000000 0.000000 0.000000 0.000000 0.000000 0.000000
 1120.000000 0.894354 0.051003 0.000000 -3.794489 -3.794489 -3.794489 0.000000 0.000000 0.000000 0.000000 0.000000 0.000000 0.000000 0.000000
 1121.000000 1.517187 -0.243616 0.000000 -2.325097 -2.325097 -2.325097 0.000000 0.000000 0.000000 0.000000 0.000000 0.000000 0.000000 0.000000
 1122.000000 1.134491 -0.490551 0.000000 -3.065772 -3.065772 -3.065772 0.000000 0.000000 0.000000 0.000000 0.000000 0.000000 0.000000 0.000000
 1123.000000 1.008575 -0.277748 0.000000 -3.753514 -3.753514 -3.753514 0.000000 0.000000 0.000000 0.000000 0.000000 0.000000 0.000000 0.000000
 1124.000000 0.941954 -0.188024 0.000000 -3.847286 -3.847286 -3.847286 0.000000 0.000000 0.000000 0.000000 0.000000 0.000000 0.000000 0.000000
 1125.000000 1.565428 -0.802751 0.000000 -0.305417 -0.305417 -0.305417 0.000000 0.000000 0.000000 0.000000 0.000000 0.000000 0.000000 0.000000
 1126.000000 1.171621 -0.912179 0.000000 -1.113726 -1.113726 -1.113726 0.000000 0.000000 0.000000 0.000000 0.000000 0.000000 0.000000 0.000000
 1127.000000 0.345009 -0.838516 0.000000 -0.967638 -0.967638 -0.967638 0.000000 0.000000 0.000000 0.000000 0.000000 0.000000 0.000000 0.000000
 1128.000000 0.835555 -0.986234 0.000000 -0.940800 -0.940800 -0.940800 0.000000 0.000000 0.000000 0.000000 0.000000 0.000000 0.000000 0.000000
 1129.000000 1.088612 -0.545839 0.000000 -2.913101 -2.913101 -2.913101 0.000000 0.000000 0.000000 0.000000 0.000000 0.000000 0.000000 0.000000
 1130.000000 1.059314 0.000672 0.000000 -3.986578 -3.986578 -3.986578 0.000000 0.000000 0.000000 0.000000 0.000000 0.000000 0.000000 0.000000
 1131.000000 1.308102 0.409520 0.000000 -2.852796 -2.852796 -2.852796 0.000000 0.000000 0.000000 0.000000 0.000000 0.000000 0.000000 0.000000
 1132.000000 0.707707 0.589406 0.000000 -2.250547 -2.250547 -2.250547 0.000000 0.000000 0.000000 0.000000 0.000000 0.000000 0.000000 0.000000
 1133.000000 1.026453 0.312005 0.000000 -3.507088 -3.507088 -3.507088 0.000000 0.000000 0.000000 0.000000 0.000000 0.000000 0.000000 0.000000
 1134.000000 1.171851 -0.159410 0.000000 -3.818352 -3.818352 -3.818352 0.000000 0.000000 0.000000 0.000000 0.000000 0.000000 0.000000 0.000000
 1135.000000 1.162204 -0.098288 0.000000 -3.887109 -3.887109 -3.887109 0.000000 0.000000 0.000000 0.000000 0.000000 0.000000 0.000000 0.000000
 1136.000000 0.906099 0.007883 0.000000 -3.847844 -3.847844 -3.847844 0.000000 0.000000 0.000000 0.000000 0.000000 0.000000 0.000000 0.000000
 1137.000000 1.094046 -0.019577 0.000000 -3.979282 -3.979282 -3.979282 0.000000 0.000000 0.000000 0.000000 0.000000 0.000000 0.000000 0.000000
 1138.000000 1.255550 0.313855 0.000000 -3.255028 -3.255028 -3.255028 0.000000 0.000000 0.000000 0.000000 0.000000 0.000000 0.000000 0.000000
 1139.000000 1.590143 -0.072682 0.000000 -2.041528 -2.041528 -2.041528 0.000000 0.000000 0.000000 0.000000 0.000000 0.000000 0.000000 0.000000
 1140.000000 1.809261 0.076965 0.000000 -0.342726 -0.342726 -0.342726 0.000000 0.000000 0.000000 0.000000 0.000000 0.000000 0.000000 0.000000
 1141.000000 1.008255 0.645097 0.000000 -2.544883 -2.544883 -2.544883 0.000000 0.000000 0.000000 0.000000 0.000000 0.000000 0.000000 0.000000
 1142.000000 0.923535 0.564982 0.000000 -2.724344 -2.724344 -2.724344 0.000000 0.000000 0.000000 0.000000 0.000000 0.000000 0.000000 0.000000
 1143.000000 1.749013 0.325690 0.000000 -0.579314 -0.579314 -0.579314 0.000000 0.000000 0.000000 0.000000 0.000000 0.000000 0.000000 0.000000
 1144.000000 0.912225 0.302194 0.000000 -3.406709 -3.406709 -3.406709 0.000000 0.000000 0.000000 0.000000 0.000000 0.000000 0.000000 0.000000
 1145.000000 0.787777 -0.341073 0.000000 -3.323788 -3.323788 -3.323788 0.000000 0.000000 0.000000 0.000000 0.000000 0.000000 0.000000 0.000000
 1146.000000 0.931047 -0.622836 0.000000 -2.641563 -2.641563 -2.641563 0.000000 0.000000 0.000000 0.000000 0.000000 0.000000 0.000000 0.000000
 1147.000000 1.291949 -0.943308 0.000000 -0.697980 -0.697980 -0.697980 0.000000 0.000000 0.000000 0.000000 0.000000 0.000000 0.000000 0.000000
 1148.000000 1.004353 -0.155571 0.000000 -3.931343 -3.931343 -3.931343 0.000000 0.000000 0.000000 0.000000 0.000000 0.000000 0.000000 0.000000
 1149.000000 1.092112 0.015587 0.000000 -3.969616 -3.969616 -3.969616 0.000000 0.000000 0.000000 0.000000 0.000000 0.000000 0.000000 0.000000
 1150.000000 0.543379 -0.102782 0.000000 -2.699918 -2.699918 -2.699918 0.000000 0.000000 0.000000 0.000000 0.000000 0.000000 0.000000 0.000000
 1151.000000 0.373331 -0.585733 0.000000 -1.682117 -1.682117 -1.682117 0.000000 0.000000 0.000000 0.000000 0.000000 0.000000 0.000000 0.000000
 1152.000000 0.723885 -0.032266 0.000000 -3.370373 -3.370373 -3.370373 0.000000 0.000000 0.000000 0.000000 0.000000 0.000000 0.000000 0.000000
 1153.000000 1.283219 0.286739 0.000000 -3.242421 -3.242421 -3.242421 0.000000 0.000000 0.000000 0.000000 0.000000 0.000000 0.000000 0.000000
 1154.000000 1.024922 0.135657 0.000000 -3.857670 -3.857670 -3.857670 0.000000 0.000000 0.000000 0.000000 0.000000 0.000000 0.000000 0.000000
 1155.000000 1.208130 -0.154005 0.000000 -3.751377 -3.751377 -3.751377 0.000000 0.000000 0.000000 0.000000 0.000000 0.000000 0.000000 0.000000
 1156.000000 0.955548 -0.343245 0.000000 -3.583421 -3.583421 -3.583421 0.000000 0.000000 0.000000 0.000000 0.000000 0.000000 0.000000 0.000000
 1157.000000 1.196337 -0.566208 0.000000 -2.665563 -2.665563 -2.665563 0.000000 0.000000 0.000000 0.000000 0.000000 0.000000 0.000000 0.000000
 1158.000000 1.024931 -0.588870 0.000000 -2.784050 -2.784050 -2.784050 0.000000 0.000000 0.000000 0.000000 0.000000 0.000000 0.000000 0.000000
 1159.000000 0.626093 -0.327621 0.000000 -2.883739 -2.883739 -2.883739 0.000000 0.000000 0.000000 0.000000 0.000000 0.000000 0.000000 0.000000
 1160.000000 1.078723 -0.008285 0.000000 -3.984502 -3.984502 -3.984502 0.000000 0.000000 0.000000 0.000000 0.000000 0.000000 0.000000 0.000000
 1161.000000 1.459729 -0.073840 0.000000 -2.839018 -2.839018 -2.839018 0.000000 0.000000 0.000000 0.000000 0.000000 0.000000 0.000000 0.000000
 1162.000000 1.141457 0.002648 0.000000 -3.930343 -3.930343 -3.930343 0.000000 0.000000 0.000000 0.000000 0.000000 0.000000 0.000000 0.000000
 1163.000000 0.839239 0.139583 0.000000 -3.560768 -3.560768 -3.560768 0.000000 0.000000 0.000000 0.000000 0.000000 0.000000 0.000000 0.000000
 1164.000000 1.229479 0.556592 0.000000 -2.611259 -2.611259 -2.611259 0.000000 0.000000 0.000000 0.000000 0.000000 0.000000 0.000000 0.000000
 1165.000000 1.175786 -0.081348 0.000000 -3.872918 -3.872918 -3.872918 0.000000 0.000000 0.000000 0.000000 0.000000 0.000000 0.000000 0.000000
 1166.000000 1.491134 -0.443972 0.000000 -1.998406 -1.998406 -1.998406 0.000000 0.000000 0.000000 0.000000 0.000000 0.000000 0.000000 0.000000
 1167.000000 0.877332 -0.269055 0.000000 -3.639788 -3.639788 -3.639788 0.000000 0.000000 0.000000 0.000000 0.000000 0.000000 0.000000 0.000000
 1168.000000 0.222680 -0.147626 0.000000 -1.600402 -1.600402 -1.600402 0.000000 0.000000 0.000000 0.000000 0.000000 0.000000 0.000000 0.000000
 1169.000000 0.985530 -0.698394 0.000000 -2.326127 -2.326127 -2.326127 0.000000 0.000000 0.000000 0.000000 0.000000 0.000000 0.000000 0.000000
 1170.000000 1.517611 0.009139 0.000000 -2.519553 -2.519553 -2.519553 0.000000 0.000000 0.000000 0.000000 0.000000 0.000000 0.000000 0.000000
 1171.000000 1.082068 0.468356 0.000000 -3.074396 -3.074396 -3.074396 0.000000 0.000000 0.000000 0.000000 0.000000 0.000000 0.000000 0.000000
 1172.000000 1.456168 0.071367 0.000000 -2.843972 -2.843972 -2.843972 0.000000 0.000000 0.000000 0.000000 0.000000 0.000000 0.000000 0.000000
 1173.000000 1.005688 -0.205655 0.000000 -3.873860 -3.873860 -3.873860 0.000000 0.000000 0.000000 0.000000 0.000000 0.000000 0.000000 0.000000
 1174.000000 1.213698 -0.344484 0.000000 -3.376821 -3.376821 -3.376821 0.000000 0.000000 0.000000 0.000000 0.000000 0.000000 0.000000 0.000000
 1175.000000 1.183154 0.055928 0.000000 -3.839447 -3.839447 -3.839447 0.000000 0.000000 0.000000 0.000000 0.000000 0.000000 0.000000 0.000000
 1176.000000 0.910818 0.076220 0.000000 -3.801514 -3.801514 -3.801514 0.000000 0.000000 0.000000 0.000000 0.000000 0.000000 0.000000 0.000000
 1177.000000 1.293821 -0.005797 0.000000 -3.582064 -3.582064 -3.582064 0.000000 0.000000 0.000000 0.000000 0.000000 0.000000 0.000000 0.000000
 1178.000000 1.115080 -0.111011 0.000000 -3.939632 -3.939632 -3.939632 0.000000 0.000000 0.000000 0.000000 0.000000 0.000000 0.000000 0.000000
 1179.000000 1.045233 -0.220713 0.000000 -3.855983 -3.855983 -3.855983 0.000000 0.000000 0.000000 0.000000 0.000000 0.000000 0.000000 0.000000
 1180.000000 0.757973 -0.266364 0.000000 -3.374006 -3.374006 -3.374006 0.000000 0.000000 0.000000 0.000000 0.000000 0.000000 0.000000 0.000000
 1181.000000 1.500815 -0.831383 0.000000 -0.490654 -0.490654 -0.490654 0.000000 0.000000 0.000000 0.000000 0.000000 0.000000 0.000000 0.000000
 1182.000000 1.084328 -0.678622 0.000000 -2.358434 -2.358434 -2.358434 0.000000 0.000000 0.000000 0.000000 0.000000 0.000000 0.000000 0.000000
 1183.000000 1.497276 -0.185812 0.000000 -2.528676 -2.528676 -2.528676 0.000000 0.000000 0.000000 0.000000 0.000000 0.000000 0.000000 0.000000
 1184.000000 0.950318 -0.390864 0.000000 -3.456511 -3.456511 -3.456511 0.000000 0.000000 0.000000 0.000000 0.000000 0.000000 0.000000 0.000000
 1185.000000 0.965495 -0.117040 0.000000 -3.932451 -3.932451 -3.932451 0.000000 0.000000 0.000000 0.000000 0.000000 0.000000 0.000000 0.000000
 1186.000000 1.298694 0.110688 0.000000 -3.493934 -3.493934 -3.493934 0.000000 0.000000 0.000000 0.000000 0.000000 0.000000 0.000000 0.000000
 1187.000000 0.758300 -0.261346 0.000000 -3.381679 -3.381679 -3.381679 0.000000 0.000000 0.000000 0.000000 0.000000 0.000000 0.000000 0.000000
 1188.000000 0.334589 0.394228 0.000000 -1.326491 -1.326491 -1.326491 0.000000 0.000000 0.000000 0.000000 0.000000 0.000000 0.000000 0.000000
 1189.000000 0.665043 0.610937 0.000000 -2.099695 -2.099695 -2.099695 0.000000 0.000000 0.000000 0.000000 0.000000 0.000000 0.000000 0.000000
 1190.000000 0.849417 -0.172771 0.000000 -3.706499 -3.706499 -3.706499 0.000000 0.000000 0.000000 0.000000 0.000000 0.000000 0.000000 0.000000
 1191.000000 0.859509 -0.089741 0.000000 -3.770920 -3.770920 -3.770920 0.000000 0.000000 0.000000 0.000000 0.000000 0.000000 0.000000 0.000000
 1192.000000 0.976777 -0.039110 0.000000 -3.961188 -3.961188 -3.961188 0.000000 0.000000 0.000000 0.000000 0.000000 0.000000 0.000000 0.000000
 1193.000000 1.049053 -0.329034 0.000000 -3.637796 -3.637796 -3.637796 0.000000 0.000000 0.000000 0.000000 0.000000 0.000000 0.000000 0.000000
 1194.000000 1.402857 0.221107 0.000000 -2.926202 -2.926202 -2.926202 0.000000 0.000000 0.000000 0.000000 0.000000 0.000000 0.000000 0.000000
 1195.000000 1.208369 0.643748 0.000000 -2.372230 -2.372230 -2.372230 0.000000 0.000000 0.000000 0.000000 0.000000 0.000000 0.000000 0.000000
 1196.000000 1.269141 0.165905 0.000000 -3.513906 -3.513906 -3.513906 0.000000 0.000000 0.000000 0.000000 0.000000 0.000000 0.000000 0.000000
 1197.000000 0.994563 0.115843 0.000000 -3.865986 -3.865986 -3.865986 0.000000 0.000000 0.000000 0.000000 0.000000 0.000000 0.000000 0.000000
 1198.000000 0.939953 -0.136866 0.000000 -3.891439 -3.891439 -3.891439 0.000000 0.000000 0.000000 0.000000 0.000000 0.000000 0.000000 0.000000
 1199.000000 1.501707 0.285373 0.000000 -2.307845 -2.307845 -2.307845 0.000000 0.000000 0.000000 0.000000 0.000000 0.000000 0.000000 0.000000
 1200.000000 1.195585 -0.019183 0.000000 -3.846614 -3.846614 -3.846614 0.000000 0.000000 0.000000 0.000000 0.000000 0.000000 0.000000 0.000000
 1201.000000 0.844363 -0.314277 0.000000 -3.497663 -3.497663 -3.497663 0.000000 0.000000 0.000000 0.000000 0.000000 0.000000 0.000000 0.000000
 1202.000000 1.243877 -0.002021 0.000000 -3.731331 -3.731331 -3.731331 0.000000 0.000000 0.000000 0.000000 0.000000 0.000000 0.000000 0.000000
 1203.000000 0.711039 0.277302 0.000000 -2.914470 -2.914470 -2.914470 0.000000 0.000000 0.000000 0.000000 0.000000 0.000000 0.000000 0.000000
 1204.000000 0.674721 1.232349 0.000000 -1.606982 -1.606982 -1.606982 0.000000 0.000000 0.000000 0.000000 0.000000 0.000000 0.000000 0.000000
 1205.000000 0.519608 0.630962 0.000000 -1.670769 -1.670769 -1.670769 0.000000 0.000000 0.000000 0.000000 0.000000 0.000000 0.000000 0.000000
 1206.000000 0.601190 0.266143 0.000000 -2.519075 -2.519075 -2.519075 0.000000 0.000000 0.000000 0.000000 0.000000 0.000000 0.000000 0.000000
 1207.000000 0.362474 0.280408 0.000000 -1.558702 -1.558702 -1.558702 0.000000 0.000000 0.000000 0.000000 0.000000 0.000000 0.000000 0.000000
 1208.000000 0.634965 0.754855 0.000000 -1.826394 -1.826394 -1.826394 0.000000 0.000000 0.000000 0.000000 0.000000 0.000000 0.000000 0.000000
 1209.000000 1.169695 0.493033 0.000000 -2.918767 -2.918767 -2.918767 0.000000 0.000000 0.000000 0.000000 0.000000 0.000000 0.000000 0.000000
 1210.000000 1.067713 0.029765 0.000000 -3.971402 -3.971402 -3.971402 0.000000 0.000000 0.000000 0.000000 0.000000 0.000000 0.000000 0.000000
 1211.000000 1.057174 0.385329 0.000000 -3.320267 -3.320267 -3.320267 0.000000 0.000000 0.000000 0.000000 0.000000 0.000000 0.000000 0.000000
 1212.000000 1.719435 0.626960 0.000000 -0.173546 -0.173546 -0.173546 0.000000 0.000000 0.000000 0.000000 0.000000 0.000000 0.000000 0.000000
 1213.000000 1.058629 1.256274 0.000000 -1.055971 -1.055971 -1.055971 0.000000 0.000000 0.000000 0.000000 0.000000 0.000000 0.000000 0.000000
 1214.000000 1.119873 1.568655 0.000000 -0.306968 -0.306968 -0.306968 0.000000 0.000000 0.000000 0.000000 0.000000 0.000000 0.000000 0.000000
 1215.000000 0.952138 1.265570 0.000000 -1.235898 -1.235898 -1.235898 0.000000 0.000000 0.000000 0.000000 0.000000 0.000000 0.000000 0.000000
 1216.000000 1.061469 0.439768 0.000000 -3.164584 -3.164584 -3.164584 0.000000 0.000000 0.000000 0.000000 0.000000 0.000000 0.000000 0.000000
 1217.000000 0.745208 0.664252 0.000000 -2.190186 -2.190186 -2.190186 0.000000 0.000000 0.000000 0.000000 0.000000 0.000000 0.000000 0.000000
 1218.000000 0.408128 0.897003 0.000000 -1.413630 -1.413630 -1.413630 0.000000 0.000000 0.000000 0.000000 0.000000 0.000000 0.000000 0.000000
 1219.000000 0.627303 1.965374 0.000000 -0.359194 -0.359194 -0.359194 0.000000 0.000000 0.000000 0.000000 0.000000 0.000000 0.000000 0.000000
 1220.000000 0.412565 1.648933 0.000000 -1.754805 -1.754805 -1.754805 0.000000 0.000000 0.000000 0.000000 0.000000 0.000000 0.000000 0.000000
 1221.000000 0.225299 1.236429 0.000000 -1.811033 -1.811033 -1.811033 0.000000 0.000000 0.000000 0.000000 0.000000 0.000000 0.000000 0.000000
 1222.000000 0.655776 1.507083 0.000000 -1.485208 -1.485208 -1.485208 0.000000 0.000000 0.000000 0.000000 0.000000 0.000000 0.000000 0.000000
 1223.000000 0.281308 0.966753 0.000000 -1.360890 -1.360890 -1.360890 0.000000 0.000000 0.000000 0.000000 0.000000 0.000000 0.000000 0.000000
 1224.000000 0.302792 0.474200 0.000000 -1.162469 -1.162469 -1.162469 0.000000 0.000000 0.000000 0.000000 0.000000 0.000000 0.000000 0.000000
 1225.000000 0.399269 -0.192237 0.000000 -2.158864 -2.158864 -2.158864 0.000000 0.000000 0.000000 0.000000 0.000000 0.000000 0.000000 0.000000
 1226.000000 1.379784 0.592771 0.000000 -2.055570 -2.055570 -2.055570 0.000000 0.000000 0.000000 0.000000 0.000000 0.000000 0.000000 0.000000
 1227.000000 1.362044 0.143894 0.000000 -3.219217 -3.219217 -3.219217 0.000000 0.000000 0.000000 0.000000 0.000000 0.000000 0.000000 0.000000
 1228.000000 1.627754 -0.320441 0.000000 -1.472230 -1.472230 -1.472230 0.000000 0.000000 0.000000 0.000000 0.000000 0.000000 0.000000 0.000000
 1229.000000 1.516036 -0.528014 0.000000 -1.598070 -1.598070 -1.598070 0.000000 0.000000 0.000000 0.000000 0.000000 0.000000 0.000000 0.000000
 1230.000000 0.885154 -0.896674 0.000000 -1.391840 -1.391840 -1.391840 0.000000 0.000000 0.000000 0.000000 0.000000 0.000000 0.000000 0.000000
 1231.000000 1.052056 -0.014450 0.000000 -3.991563 -3.991563 -3.991563 0.000000 0.000000 0.000000 0.000000 0.000000 0.000000 0.000000 0.000000
 1232.000000 1.154423 0.556313 0.000000 -2.740046 -2.740046 -2.740046 0.000000 0.000000 0.000000 0.000000 0.000000 0.000000 0.000000 0.000000
 1233.000000 1.421282 0.845339 0.000000 -1.122643 -1.122643 -1.122643 0.000000 0.000000 0.000000 0.000000 0.000000 0.000000 0.000000 0.000000
 1234.000000 1.082873 1.129411 0.000000 -1.252783 -1.252783 -1.252783 0.000000 0.000000 0.000000 0.000000 0.000000 0.000000 0.000000 0.000000
 1235.000000 1.276224 0.626120 0.000000 -2.276344 -2.276344 -2.276344 0.000000 0.000000 0.000000 0.000000 0.000000 0.000000 0.000000 0.000000
 1236.000000 0.972156 0.757277 0.000000 -2.224001 -2.224001 -2.224001 0.000000 0.000000 0.000000 0.000000 0.000000 0.000000 0.000000 0.000000
 1237.000000 1.831732 0.348365 0.000000 0.119008 0.119008 0.119008 0.000000 0.000000 0.000000 0.000000 0.000000 0.000000 0.000000 0.000000
 1238.000000 1.155716 0.227217 0.000000 -3.642610 -3.642610 -3.642610 0.000000 0.000000 0.000000 0.000000 0.000000 0.000000 0.000000 0.000000
 1239.000000 0.934931 0.329611 0.000000 -3.377378 -3.377378 -3.377378 0.000000 0.000000 0.000000 0.000000 0.000000 0.000000 0.000000 0.000000
 1240.000000 1.099521 0.210819 0.000000 -3.726756 -3.726756 -3.726756 0.000000 0.000000 0.000000 0.000000 0.000000 0.000000 0.000000 0.000000
 1241.000000 1.075208 -0.102710 0.000000 -3.972362 -3.972362 -3.972362 0.000000 0.000000 0.000000 0.000000 0.000000 0.000000 0.000000 0.000000
 1242.000000 0.661353 0.052312 0.000000 -3.075055 -3.075055 -3.075055 0.000000 0.000000 0.000000 0.000000 0.000000 0.000000 0.000000 0.000000
 1243.000000 1.023293 -0.223104 0.000000 -3.852622 -3.852622 -3.852622 0.000000 0.000000 0.000000 0.000000 0.000000 0.000000 0.000000 0.000000
 1244.000000 1.128752 0.189129 0.000000 -3.744941 -3.744941 -3.744941 0.000000 0.000000 0.000000 0.000000 0.000000 0.000000 0.000000 0.000000
 1245.000000 1.037474 0.647395 0.000000 -2.536960 -2.536960 -2.536960 0.000000 0.000000 0.000000 0.000000 0.000000 0.000000 0.000000 0.000000
 1246.000000 1.159077 -0.133034 0.000000 -3.866416 -3.866416 -3.866416 0.000000 0.000000 0.000000 0.000000 0.000000 0.000000 0.000000 0.000000
 1247.000000 1.392868 0.825156 0.000000 -1.286521 -1.286521 -1.286521 0.000000 0.000000 0.000000 0.000000 0.000000 0.000000 0.000000 0.000000
 1248.000000 1.480656 1.215412 0.000000 0.054611 0.054611 0.054611 0.000000 0.000000 0.000000 0.000000 0.000000 0.000000 0.000000 0.000000
 1249.000000 0.659702 1.074435 0.000000 -1.652067 -1.652067 -1.652067 0.000000 0.000000 0.000000 0.000000 0.000000 0.000000 0.000000 0.000000
 1250.000000 0.664728 0.947975 0.000000 -1.707730 -1.707730 -1.707730 0.000000 0.000000 0.000000 0.000000 0.000000 0.000000 0.000000 0.000000
 1251.000000 0.344829 1.431903 0.000000 -1.954249 -1.954249 -1.954249 0.000000 0.000000 0.000000 0.000000 0.000000 0.000000 0.000000 0.000000
 1252.000000 1.287159 1.819776 0.000000 0.860342 0.860342 0.860342 0.000000 0.000000 0.000000 0.000000 0.000000 0.000000 0.000000 0.000000
 1253.000000 1.668611 1.838526 0.000000 2.307328 2.307328 2.307328 0.000000 0.000000 0.000000 0.000000 0.000000 0.000000 0.000000 0.000000
 1254.000000 1.092446 1.643115 0.000000 -0.209406 -0.209406 -0.209406 0.000000 0.000000 0.000000 0.000000 0.000000 0.000000 0.000000 0.000000
 1255.000000 1.131048 0.856935 0.000000 -1.840235 -1.840235 -1.840235 0.000000 0.000000 0.000000 0.000000 0.000000 0.000000 0.000000 0.000000
 1256.000000 0.641794 -0.293578 0.000000 -2.980801 -2.980801 -2.980801 0.000000 0.000000 0.000000 0.000000 0.000000 0.000000 0.000000 0.000000
 1257.000000 0.463919 -0.895900 0.000000 -0.947524 -0.947524 -0.947524 0.000000 0.000000 0.000000 0.000000 0.000000 0.000000 0.000000 0.000000
 1258.000000 0.592061 -0.645525 0.000000 -2.043488 -2.043488 -2.043488 0.000000 0.000000 0.000000 0.000000 0.000000 0.000000 0.000000 0.000000
 1259.000000 0.765711 -0.362795 0.000000 -3.226580 -3.226580 -3.226580 0.000000 0.000000 0.000000 0.000000 0.000000 0.000000 0.000000 0.000000
 1260.000000 0.166982 -0.266903 0.000000 -1.527545 -1.527545 -1.527545 0.000000 0.000000 0.000000 0.000000 1.090219 4360.875815 0.000000 0.000000
 1261.000000 0.938678 -0.079952 0.000000 -3.915267 -3.915267 -3.915267 0.000000 0.000000 0.000000 0.000000 0.000000 0.000000 0.000000 0.000000
 1262.000000 0.813560 -0.219275 0.000000 -3.577702 -3.577702 -3.577702 0.000000 0.000000 0.000000 0.000000 0.000000 0.000000 0.000000 0.000000
 1263.000000 0.830143 -0.074184 0.000000 -3.702345 -3.702345 -3.702345 0.000000 0.000000 0.000000 0.000000 0.000000 0.000000 0.000000 0.000000
 1264.000000 1.141672 -0.681080 0.000000 -2.274330 -2.274330 -2.274330 0.000000 0.000000 0.000000 0.000000 0.000000 0.000000 0.000000 0.000000
 1265.000000 0.846071 -0.225248 0.000000 -3.644329 -3.644329 -3.644329 0.000000 0.000000 0.000000 0.000000 0.000000 0.000000 0.000000 0.000000
 1266.000000 0.253435 -0.443698 0.000000 -1.626081 -1.626081 -1.626081 0.000000 0.000000 0.000000 0.000000 0.000000 0.000000 0.000000 0.000000
 1267.000000 0.632382 0.499265 0.000000 -2.201636 -2.201636 -2.201636 0.000000 0.000000 0.000000 0.000000 0.000000 0.000000 0.000000 0.000000
 1268.000000 1.206503 0.818255 0.000000 -1.825237 -1.825237 -1.825237 0.000000 0.000000 0.000000 0.000000 0.000000 0.000000 0.000000 0.000000
 1269.000000 0.907957 0.191628 0.000000 -3.629535 -3.629535 -3.629535 0.000000 0.000000 0.000000 0.000000 0.000000 0.000000 0.000000 0.000000
 1270.000000 0.742405 0.307892 0.000000 -2.958614 -2.958614 -2.958614 0.000000 0.000000 0.000000 0.000000 0.000000 0.000000 0.000000 0.000000
 1271.000000 1.113307 0.091254 0.000000 -3.897748 -3.897748 -3.897748 0.000000 0.000000 0.000000 0.000000 0.000000 0.000000 0.000000 0.000000
 1272.000000 1.001630 -0.087489 0.000000 -3.973767 -3.973767 -3.973767 0.000000 0.000000 0.000000 0.000000 0.000000 0.000000 0.000000 0.000000
 1273.000000 1.166648 -0.215353 0.000000 -3.750767 -3.750767 -3.750767 0.000000 0.000000 0.000000 0.000000 0.000000 0.000000 0.000000 0.000000
 1274.000000 1.248163 -0.732639 0.000000 -1.822817 -1.822817 -1.822817 0.000000 0.000000 0.000000 0.000000 0.000000 0.000000 0.000000 0.000000
 1275.000000 0.926334 0.129861 0.000000 -3.761979 -3.761979 -3.761979 0.000000 0.000000 0.000000 0.000000 0.000000 0.000000 0.000000 0.000000
 1276.000000 0.658067 0.384102 0.000000 -2.511602 -2.511602 -2.511602 0.000000 0.000000 0.000000 0.000000 0.000000 0.000000 0.000000 0.000000
 1277.000000 0.794965 -0.160438 0.000000 -3.581889 -3.581889 -3.581889 0.000000 0.000000 0.000000 0.000000 0.000000 0.000000 0.000000 0.000000
 1278.000000 1.316420 -0.425139 0.000000 -2.836700 -2.836700 -2.836700 0.000000 0.000000 0.000000 0.000000 0.000000 0.000000 0.000000 0.000000
 1279.000000 1.186244 -0.304624 0.000000 -3.536816 -3.536816 -3.536816 0.000000 0.000000 0.000000 0.000000 0.000000 0.000000 0.000000 0.000000
 1280.000000 0.692810 0.015462 0.000000 -3.228749 -3.228749 -3.228749 0.000000 0.000000 0.000000 0.000000 0.000000 0.000000 0.000000 0.000000
 1281.000000 0.974492 0.177915 0.000000 -3.752339 -3.752339 -3.752339 0.000000 0.000000 0.000000 0.000000 0.000000 0.000000 0.000000 0.000000
 1282.000000 0.742695 0.097149 0.000000 -3.324710 -3.324710 -3.324710 0.000000 0.000000 0.000000 0.000000 0.000000 0.000000 0.000000 0.000000
 1283.000000 0.467031 -0.371761 0.000000 -2.295656 -2.295656 -2.295656 0.000000 0.000000 0.000000 0.000000 0.000000 0.000000 0.000000 0.000000
 1284.000000 0.828321 0.629617 0.000000 -2.420797 -2.420797 -2.420797 0.000000 0.000000 0.000000 0.000000 0.000000 0.000000 0.000000 0.000000
 1285.000000 1.178484 0.603112 0.000000 -2.555541 -2.555541 -2.555541 0.000000 0.000000 0.000000 0.000000 0.000000 0.000000 0.000000 0.000000
 1286.000000 1.016413 0.419222 0.000000 -3.216845 -3.216845 -3.216845 0.000000 0.000000 0.000000 0.000000 0.000000 0.000000 0.000000 0.000000
 1287.000000 0.809271 0.398002 0.000000 -2.950632 -2.950632 -2.950632 0.000000 0.000000 0.000000 0.000000 0.000000 0.000000 0.000000 0.000000
 1288.000000 1.285453 -0.124432 0.000000 -3.566732 -3.566732 -3.566732 0.000000 0.000000 0.000000 0.000000 0.000000 0.000000 0.000000 0.000000
 1289.000000 1.102996 -0.028338 0.000000 -3.974285 -3.974285 -3.974285 0.000000 0.000000 0.000000 0.000000 0.000000 0.000000 0.000000 0.000000
 1290.000000 1.118931 0.107092 0.000000 -3.875359 -3.875359 -3.875359 0.000000 0.000000 0.000000 0.000000 0.000000 0.000000 0.000000 0.000000
 1291.000000 1.219196 0.289046 0.000000 -3.399496 -3.399496 -3.399496 0.000000 0.000000 0.000000 0.000000 0.000000 0.000000 0.000000 0.000000
 1292.000000 1.071881 0.205689 0.000000 -3.746564 -3.746564 -3.746564 0.000000 0.000000 0.000000 0.000000 0.000000 0.000000 0.000000 0.000000
 1293.000000 1.149743 0.372385 0.000000 -3.300539 -3.300539 -3.300539 0.000000 0.000000 0.000000 0.000000 0.000000 0.000000 0.000000 0.000000
 1294.000000 0.925482 -0.065197 0.000000 -3.898260 -3.898260 -3.898260 0.000000 0.000000 0.000000 0.000000 0.000000 0.000000 0.000000 0.000000
 1295.000000 1.173017 0.004334 0.000000 -3.883693 -3.883693 -3.883693 0.000000 0.000000 0.000000 0.000000 0.000000 0.000000 0.000000 0.000000
 1296.000000 0.728804 0.524139 0.000000 -2.441523 -2.441523 -2.441523 0.000000 0.000000 0.000000 0.000000 0.000000 0.000000 0.000000 0.000000
 1297.000000 1.284893 -0.023698 0.000000 -3.612587 -3.612587 -3.612587 0.000000 0.000000 0.000000 0.000000 0.000000 0.000000 0.000000 0.000000
 1298.000000 1.121157 0.118759 0.000000 -3.859134 -3.859134 -3.859134 0.000000 0.000000 0.000000 0.000000 0.000000 0.000000 0.000000 0.000000
 1299.000000 1.087203 0.135399 0.000000 -3.858760 -3.858760 -3.858760 0.000000 0.000000 0.000000 0.000000 0.000000 0.000000 0.000000 0.000000
 1300.000000 1.376128 0.056488 0.000000 -3.241324 -3.241324 -3.241324 0.000000 0.000000 0.000000 0.000000 0.000000 0.000000 0.000000 0.000000
 1301.000000 0.758738 0.430275 0.000000 -2.736766 -2.736766 -2.736766 0.000000 0.000000 0.000000 0.000000 0.000000 0.000000 0.000000 0.000000
 1302.000000 0.883597 0.586835 0.000000 -2.614416 -2.614416 -2.614416 0.000000 0.000000 0.000000 0.000000 0.000000 0.000000 0.000000 0.000000
 1303.000000 1.009865 0.100613 0.000000 -3.895903 -3.895903 -3.895903 0.000000 0.000000 0.000000 0.000000 0.000000 0.000000 0.000000 0.000000
 1304.000000 0.722942 -0.101304 0.000000 -3.381238 -3.381238 -3.381238 0.000000 0.000000 0.000000 0.000000 0.000000 0.000000 0.000000 0.000000
 1305.000000 0.634856 0.652684 0.000000 -1.955525 -1.955525 -1.955525 0.000000 0.000000 0.000000 0.000000 0.000000 0.000000 0.000000 0.000000
 1306.000000 0.886324 0.600360 0.000000 -2.582229 -2.582229 -2.582229 0.000000 0.000000 0.000000 0.000000 0.000000 0.000000 0.000000 0.000000
 1307.000000 1.255834 -0.133142 0.000000 -3.650057 -3.650057 -3.650057 0.000000 0.000000 0.000000 0.000000 0.000000 0.000000 0.000000 0.000000
 1308.000000 0.863332 -0.332635 0.000000 -3.494447 -3.494447 -3.494447 0.000000 0.000000 0.000000 0.000000 0.000000 0.000000 0.000000 0.000000
 1309.000000 0.528778 -0.348362 0.000000 -2.529663 -2.529663 -2.529663 0.000000 0.000000 0.000000 0.000000 0.000000 0.000000 0.000000 0.000000
 1310.000000 0.474129 -0.317347 0.000000 -2.375172 -2.375172 -2.375172 0.000000 0.000000 0.000000 0.000000 0.000000 0.000000 0.000000 0.000000
 1311.000000 0.520377 -0.634911 0.000000 -1.910604 -1.910604 -1.910604 0.000000 0.000000 0.000000 0.000000 0.000000 0.000000 0.000000 0.000000
 1312.000000 1.032686 -0.414592 0.000000 -3.406761 -3.406761 -3.406761 0.000000 0.000000 0.000000 0.000000 0.000000 0.000000 0.000000 0.000000
 1313.000000 1.075541 0.384347 0.000000 -3.320434 -3.320434 -3.320434 0.000000 0.000000 0.000000 0.000000 0.000000 0.000000 0.000000 0.000000
 1314.000000 1.078058 -0.069853 0.000000 -3.984700 -3.984700 -3.984700 0.000000 0.000000 0.000000 0.000000 0.000000 0.000000 0.000000 0.000000
 1315.000000 1.172233 0.154782 0.000000 -3.746531 -3.746531 -3.746531 0.000000 0.000000 0.000000 0.000000 0.000000 0.000000 0.000000 0.000000
 1316.000000 0.856480 -0.230846 0.000000 -3.658485 -3.658485 -3.658485 0.000000 0.000000 0.000000 0.000000 0.000000 0.000000 0.000000 0.000000
 1317.000000 0.783134 -0.195954 0.000000 -3.522707 -3.522707 -3.522707 0.000000 0.000000 0.000000 0.000000 0.000000 0.000000 0.000000 0.000000
 1318.000000 0.791493 0.129511 0.000000 -3.440128 -3.440128 -3.440128 0.000000 0.000000 0.000000 0.000000 0.000000 0.000000 0.000000 0.000000
 1319.000000 1.455971 0.071226 0.000000 -2.845111 -2.845111 -2.845111 0.000000 0.000000 0.000000 0.000000 0.000000 0.000000 0.000000 0.000000
 1320.000000 1.159499 0.267735 0.000000 -3.551418 -3.551418 -3.551418 0.000000 0.000000 0.000000 0.000000 0.000000 0.000000 0.000000 0.000000
 1321.000000 1.143463 0.005402 0.000000 -3.926938 -3.926938 -3.926938 0.000000 0.000000 0.000000 0.000000 0.000000 0.000000 0.000000 0.000000
 1322.000000 0.321335 0.420432 0.000000 -1.259641 -1.259641 -1.259641 0.000000 0.000000 0.000000 0.000000 0.000000 0.000000 0.000000 0.000000
 1323.000000 0.500459 -0.095786 0.000000 -2.524332 -2.524332 -2.524332 0.000000 0.000000 0.000000 0.000000 0.000000 0.000000 0.000000 0.000000
 1324.000000 0.657908 0.229595 0.000000 -2.807143 -2.807143 -2.807143 0.000000 0.000000 0.000000 0.000000 0.000000 0.000000 0.000000 0.000000
 1325.000000 1.023676 -0.381478 0.000000 -3.505294 -3.505294 -3.505294 0.000000 0.000000 0.000000 0.000000 0.000000 0.000000 0.000000 0.000000
 1326.000000 0.978210 0.095672 0.000000 -3.875968 -3.875968 -3.875968 0.000000 0.000000 0.000000 0.000000 0.000000 0.000000 0.000000 0.000000
 1327.000000 1.286712 0.551418 0.000000 -2.487907 -2.487907 -2.487907 0.000000 0.000000 0.000000 0.000000 0.000000 0.000000 0.000000 0.000000
 1328.000000 1.170288 -0.105328 0.000000 -3.869335 -3.869335 -3.869335 0.000000 0.000000 0.000000 0.000000 0.000000 0.000000 0.000000 0.000000
 1329.000000 0.926822 0.086627 0.000000 -3.817904 -3.817904 -3.817904 0.000000 0.000000 0.000000 0.000000 0.000000 0.000000 0.000000 0.000000
 1330.000000 1.395821 0.187904 0.000000 -3.012261 -3.012261 -3.012261 0.000000 0.000000 0.000000 0.000000 0.000000 0.000000 0.000000 0.000000
 1331.000000 1.050083 0.220844 0.000000 -3.717770 -3.717770 -3.717770 0.000000 0.000000 0.000000 0.000000 0.000000 0.000000 0.000000 0.000000
 1332.000000 1.120449 -0.266197 0.000000 -3.725380 -3.725380 -3.725380 0.000000 0.000000 0.000000 0.000000 0.000000 0.000000 0.000000 0.000000
 1333.000000 0.472397 0.095216 0.000000 -2.242672 -2.242672 -2.242672 0.000000 0.000000 0.000000 0.000000 0.000000 0.000000 0.000000 0.000000
 1334.000000 0.463725 -0.054703 0.000000 -2.354086 -2.354086 -2.354086 0.000000 0.000000 0.000000 0.000000 0.000000 0.000000 0.000000 0.000000
 1335.000000 0.575391 0.480537 0.000000 -2.043346 -2.043346 -2.043346 0.000000 0.000000 0.000000 0.000000 0.000000 0.000000 0.000000 0.000000
 1336.000000 1.567968 0.810358 0.000000 -0.581101 -0.581101 -0.581101 0.000000 0.000000 0.000000 0.000000 0.000000 0.000000 0.000000 0.000000
 1337.000000 1.143895 0.680367 0.000000 -2.356967 -2.356967 -2.356967 0.000000 0.000000 0.000000 0.000000 0.000000 0.000000 0.000000 0.000000
 1338.000000 0.787105 0.530714 0.000000 -2.574548 -2.574548 -2.574548 0.000000 0.000000 0.000000 0.000000 0.000000 0.000000 0.000000 0.000000
 1339.000000 1.081010 0.608073 0.000000 -2.642544 -2.642544 -2.642544 0.000000 0.000000 0.000000 0.000000 0.000000 0.000000 0.000000 0.000000
 1340.000000 1.432721 0.044136 0.000000 -2.980868 -2.980868 -2.980868 0.000000 0.000000 0.000000 0.000000 0.000000 0.000000 0.000000 0.000000
 1341.000000 0.970593 0.204751 0.000000 -3.699397 -3.699397 -3.699397 0.000000 0.000000 0.000000 0.000000 0.000000 0.000000 0.000000 0.000000
 1342.000000 1.112984 0.005337 0.000000 -3.959194 -3.959194 -3.959194 0.000000 0.000000 0.000000 0.000000 0.000000 0.000000 0.000000 0.000000
 1343.000000 1.044936 0.104466 0.000000 -3.904629 -3.904629 -3.904629 0.000000 0.000000 0.000000 0.000000 0.000000 0.000000 0.000000 0.000000
 1344.000000 0.738913 -0.593730 0.000000 -2.521224 -2.521224 -2.521224 0.000000 0.000000 0.000000 0.000000 0.000000 0.000000 0.000000 0.000000
 1345.000000 0.422616 0.007083 0.000000 -2.138193 -2.138193 -2.138193 0.000000 0.000000 0.000000 0.000000 0.000000 0.000000 0.000000 0.000000
 1346.000000 0.825938 -0.392330 0.000000 -3.289206 -3.289206 -3.289206 0.000000 0.000000 0.000000 0.000000 0.000000 0.000000 0.000000 0.000000
 1347.000000 1.084280 -0.144297 0.000000 -3.936895 -3.936895 -3.936895 0.000000 0.000000 0.000000 0.000000 0.000000 0.000000 0.000000 0.000000
 1348.000000 1.120624 -0.719454 0.000000 -2.129555 -2.129555 -2.129555 0.000000 0.000000 0.000000 0.000000 0.000000 0.000000 0.000000 0.000000
 1349.000000 0.890604 -0.882268 0.000000 -1.462593 -1.462593 -1.462593 0.000000 0.000000 0.000000 0.000000 0.000000 0.000000 0.000000 0.000000
 1350.000000 0.844154 -0.805026 0.000000 -1.802999 -1.802999 -1.802999 0.000000 0.000000 0.000000 0.000000 0.000000 0.000000 0.000000 0.000000
 1351.000000 0.997620 -0.440506 0.000000 -3.328191 -3.328191 -3.328191 0.000000 0.000000 0.000000 0.000000 0.000000 0.000000 0.000000 0.000000
 1352.000000 1.055533 0.042092 0.000000 -3.964859 -3.964859 -3.964859 0.000000 0.000000 0.000000 0.000000 0.000000 0.000000 0.000000 0.000000
 1353.000000 1.305209 -0.047393 0.000000 -3.541495 -3.541495 -3.541495 0.000000 0.000000 0.000000 0.000000 0.000000 0.000000 0.000000 0.000000
 1354.000000 0.634867 -0.423388 0.000000 -2.742949 -2.742949 -2.742949 0.000000 0.000000 0.000000 0.000000 0.000000 0.000000 0.000000 0.000000
 1355.000000 1.282385 -0.600490 0.000000 -2.306383 -2.306383 -2.306383 0.000000 0.000000 0.000000 0.000000 0.000000 0.000000 0.000000 0.000000
 1356.000000 0.341884 -0.977210 0.000000 -0.496282 -0.496282 -0.496282 0.000000 0.000000 0.000000 0.000000 0.000000 0.000000 0.000000 0.000000
 1357.000000 0.416681 -0.820721 0.000000 -1.135382 -1.135382 -1.135382 0.000000 0.000000 0.000000 0.000000 0.000000 0.000000 0.000000 0.000000
 1358.000000 0.450963 -0.379070 0.000000 -2.235066 -2.235066 -2.235066 0.000000 0.000000 0.000000 0.000000 0.000000 0.000000 0.000000 0.000000
 1359.000000 0.753914 -0.257676 0.000000 -3.374249 -3.374249 -3.374249 0.000000 0.000000 0.000000 0.000000 0.000000 0.000000 0.000000 0.000000
 1360.000000 0.439201 0.171142 0.000000 -2.004516 -2.004516 -2.004516 0.000000 0.000000 0.000000 0.000000 0.000000 0.000000 0.000000 0.000000
 1361.000000 1.149548 0.494555 0.000000 -2.940588 -2.940588 -2.940588 0.000000 0.000000 0.000000 0.000000 0.000000 0.000000 0.000000 0.000000
 1362.000000 0.169323 0.223187 0.000000 -1.080631 -1.080631 -1.080631 0.000000 0.000000 0.000000 0.000000 0.941092 3764.368554 0.000000 0.000000
 1363.000000 1.061447 0.242984 0.000000 -3.672622 -3.672622 -3.672622 0.000000 0.000000 0.000000 0.000000 0.000000 0.000000 0.000000 0.000000
 1364.000000 1.007609 0.082583 0.000000 -3.914725 -3.914725 -3.914725 0.000000 0.000000 0.000000 0.000000 0.000000 0.000000 0.000000 0.000000
 1365.000000 0.788075 -0.181463 0.000000 -3.548288 -3.548288 -3.548288 0.000000 0.000000 0.000000 0.000000 0.000000 0.000000 0.000000 0.000000
 1366.000000 1.204123 0.523822 0.000000 -2.765832 -2.765832 -2.765832 0.000000 0.000000 0.000000 0.000000 0.000000 0.000000 0.000000 0.000000
 1367.000000 0.905389 1.324148 0.000000 -1.234204 -1.234204 -1.234204 0.000000 0.000000 0.000000 0.000000 0.000000 0.000000 0.000000 0.000000
 1368.000000 1.178454 1.315781 0.000000 -0.669691 -0.669691 -0.669691 0.000000 0.000000 0.000000 0.000000 0.000000 0.000000 0.000000 0.000000
 1369.000000 0.537776 1.895653 0.000000 -0.851875 -0.851875 -0.851875 0.000000 0.000000 0.000000 0.000000 0.000000 0.000000 0.000000 0.000000
 1370.000000 0.190249 1.690353 0.000000 -1.973090 -1.973090 -1.973090 0.000000 0.000000 0.000000 0.000000 0.095091 380.362666 0.000000 0.000000
 1371.000000 0.692893 1.600681 0.000000 -1.286521 -1.286521 -1.286521 0.000000 0.000000 0.000000 0.000000 0.000000 0.000000 0.000000 0.000000
 1372.000000 0.451603 1.853914 0.000000 -1.180961 -1.180961 -1.180961 0.000000 0.000000 0.000000 0.000000 0.000000 0.000000 0.000000 0.000000
 1373.000000 0.508678 1.115039 0.000000 -1.644184 -1.644184 -1.644184 0.000000 0.000000 0.000000 0.000000 0.000000 0.000000 0.000000 0.000000
 1374.000000 0.334608 1.310483 0.000000 -1.873231 -1.873231 -1.873231 0.000000 0.000000 0.000000 0.000000 0.000000 0.000000 0.000000 0.000000
 1375.000000 0.656091 1.395371 0.000000 -1.569121 -1.569121 -1.569121 0.000000 0.000000 0.000000 0.000000 0.000000 0.000000 0.000000 0.000000
 1376.000000 0.254175 1.838952 0.000000 -1.542708 -1.542708 -1.542708 0.000000 0.000000 0.000000 0.000000 0.000000 0.000000 0.000000 0.000000
 1377.000000 0.388262 1.571518 0.000000 -1.877910 -1.877910 -1.877910 0.000000 0.000000 0.000000 0.000000 0.000000 0.000000 0.000000 0.000000
 1378.000000 0.235460 1.843239 0.000000 -1.550186 -1.550186 -1.550186 0.000000 0.000000 0.000000 0.000000 0.000000 0.000000 0.000000 0.000000
 1379.000000 0.267414 1.467498 0.000000 -2.036496 -2.036496 -2.036496 0.000000 0.000000 0.000000 0.000000 0.000000 0.000000 0.000000 0.000000
 1380.000000 0.459764 1.457966 0.000000 -1.827052 -1.827052 -1.827052 0.000000 0.000000 0.000000 0.000000 0.000000 0.000000 0.000000 0.000000
 1381.000000 0.735176 1.368616 0.000000 -1.466427 -1.466427 -1.466427 0.000000 0.000000 0.000000 0.000000 0.000000 0.000000 0.000000 0.000000
 1382.000000 0.892579 1.846490 0.000000 -0.164954 -0.164954 -0.164954 0.000000 0.000000 0.000000 0.000000 0.000000 0.000000 0.000000 0.000000
 1383.000000 0.300324 1.732121 0.000000 -1.773230 -1.773230 -1.773230 0.000000 0.000000 0.000000 0.000000 0.000000 0.000000 0.000000 0.000000
 1384.000000 0.723358 1.718298 0.000000 -0.976516 -0.976516 -0.976516 0.000000 0.000000 0.000000 0.000000 0.000000 0.000000 0.000000 0.000000
 1385.000000 0.586170 1.627227 0.000000 -1.468196 -1.468196 -1.468196 0.000000 0.000000 0.000000 0.000000 0.000000 0.000000 0.000000 0.000000
 1386.000000 0.604070 1.874854 0.000000 -0.783492 -0.783492 -0.783492 0.000000 0.000000 0.000000 0.000000 0.000000 0.000000 0.000000 0.000000
 1387.000000 0.350878 1.683228 0.000000 -1.796212 -1.796212 -1.796212 0.000000 0.000000 0.000000 0.000000 0.000000 0.000000 0.000000 0.000000
 1388.000000 0.552727 0.947016 0.000000 -1.605648 -1.605648 -1.605648 0.000000 0.000000 0.000000 0.000000 0.000000 0.000000 0.000000 0.000000
 1389.000000 0.330750 1.592754 0.000000 -1.938488 -1.938488 -1.938488 0.000000 0.000000 0.000000 0.000000 0.000000 0.000000 0.000000 0.000000
 1390.000000 1.125049 1.057311 0.000000 -1.334684 -1.334684 -1.334684 0.000000 0.000000 0.000000 0.000000 0.000000 0.000000 0.000000 0.000000
 1391.000000 0.831923 0.509338 0.000000 -2.726211 -2.726211 -2.726211 0.000000 0.000000 0.000000 0.000000 0.000000 0.000000 0.000000 0.000000
 1392.000000 1.093656 0.223637 0.000000 -3.704550 -3.704550 -3.704550 0.000000 0.000000 0.000000 0.000000 0.000000 0.000000 0.000000 0.000000
 1393.000000 1.210227 0.744780 0.000000 -2.044990 -2.044990 -2.044990 0.000000 0.000000 0.000000 0.000000 0.000000 0.000000 0.000000 0.000000
 1394.000000 1.776122 -0.004471 0.000000 -0.640522 -0.640522 -0.640522 0.000000 0.000000 0.000000 0.000000 0.000000 0.000000 0.000000 0.000000
 1395.000000 1.669299 -0.518438 0.000000 -0.698588 -0.698588 -0.698588 0.000000 0.000000 0.000000 0.000000 0.000000 0.000000 0.000000 0.000000
 1396.000000 1.524222 -0.103128 0.000000 -2.450026 -2.450026 -2.450026 0.000000 0.000000 0.000000 0.000000 0.000000 0.000000 0.000000 0.000000
 1397.000000 1.292007 -0.019589 0.000000 -3.589248 -3.589248 -3.589248 0.000000 0.000000 0.000000 0.000000 0.000000 0.000000 0.000000 0.000000
 1398.000000 1.250435 0.132285 0.000000 -3.612711 -3.612711 -3.612711 0.000000 0.000000 0.000000 0.000000 0.000000 0.000000 0.000000 0.000000
 1399.000000 1.156543 -0.675136 0.000000 -2.277015 -2.277015 -2.277015 0.000000 0.000000 0.000000 0.000000 0.000000 0.000000 0.000000 0.000000
 1400.000000 1.203708 -0.298578 0.000000 -3.513721 -3.513721 -3.513721 0.000000 0.000000 0.000000 0.000000 0.000000 0.000000 0.000000 0.000000
 1401.000000 1.151158 0.091217 0.000000 -3.857895 -3.857895 -3.857895 0.000000 0.000000 0.000000 0.000000 0.000000 0.000000 0.000000 0.000000
 1402.000000 1.422814 0.120359 0.000000 -2.972824 -2.972824 -2.972824 0.000000 0.000000 0.000000 0.000000 0.000000 0.000000 0.000000 0.000000
 1403.000000 0.817516 1.128879 0.000000 -1.569101 -1.569101 -1.569101 0.000000 0.000000 0.000000 0.000000 0.000000 0.000000 0.000000 0.000000
 1404.000000 0.927323 1.354397 0.000000 -1.152555 -1.152555 -1.152555 0.000000 0.000000 0.000000 0.000000 0.000000 0.000000 0.000000 0.000000
 1405.000000 0.712983 0.863963 0.000000 -1.827040 -1.827040 -1.827040 0.000000 0.000000 0.000000 0.000000 0.000000 0.000000 0.000000 0.000000
 1406.000000 1.401158 0.483795 0.000000 -2.302057 -2.302057 -2.302057 0.000000 0.000000 0.000000 0.000000 0.000000 0.000000 0.000000 0.000000
 1407.000000 1.310391 -0.062262 0.000000 -3.518943 -3.518943 -3.518943 0.000000 0.000000 0.000000 0.000000 0.000000 0.000000 0.000000 0.000000
 1408.000000 0.807810 -0.060895 0.000000 -3.642235 -3.642235 -3.642235 0.000000 0.000000 0.000000 0.000000 0.000000 0.000000 0.000000 0.000000
 1409.000000 0.690644 -0.155240 0.000000 -3.259394 -3.259394 -3.259394 0.000000 0.000000 0.000000 0.000000 0.000000 0.000000 0.000000 0.000000
 1410.000000 0.474882 -0.064896 0.000000 -2.405582 -2.405582 -2.405582 0.000000 0.000000 0.000000 0.000000 0.000000 0.000000 0.000000 0.000000
 1411.000000 0.910277 0.333455 0.000000 -3.328524 -3.328524 -3.328524 0.000000 0.000000 0.000000 0.000000 0.000000 0.000000 0.000000 0.000000
 1412.000000 1.265330 0.803452 0.000000 -1.738838 -1.738838 -1.738838 0.000000 0.000000 0.000000 0.000000 0.000000 0.000000 0.000000 0.000000
 1413.000000 1.003260 0.639157 0.000000 -2.561757 -2.561757 -2.561757 0.000000 0.000000 0.000000 0.000000 0.000000 0.000000 0.000000 0.000000
 1414.000000 1.276677 0.111674 0.000000 -3.562747 -3.562747 -3.562747 0.000000 0.000000 0.000000 0.000000 0.000000 0.000000 0.000000 0.000000
 1415.000000 1.458737 -0.065747 0.000000 -2.847891 -2.847891 -2.847891 0.000000 0.000000 0.000000 0.000000 0.000000 0.000000 0.000000 0.000000
 1416.000000 0.876091 0.311158 0.000000 -3.315946 -3.315946 -3.315946 0.000000 0.000000 0.000000 0.000000 0.000000 0.000000 0.000000 0.000000
 1417.000000 1.243329 0.387200 0.000000 -3.093433 -3.093433 -3.093433 0.000000 0.000000 0.000000 0.000000 0.000000 0.000000 0.000000 0.000000
 1418.000000 0.952246 0.513936 0.000000 -2.899086 -2.899086 -2.899086 0.000000 0.000000 0.000000 0.000000 0.000000 0.000000 0.000000 0.000000
 1419.000000 1.173941 0.318835 0.000000 -3.409208 -3.409208 -3.409208 0.000000 0.000000 0.000000 0.000000 0.000000 0.000000 0.000000 0.000000
 1420.000000 0.680933 0.013191 0.000000 -3.185954 -3.185954 -3.185954 0.000000 0.000000 0.000000 0.000000 0.000000 0.000000 0.000000 0.000000
 1421.000000 0.994314 0.098712 0.000000 -3.887104 -3.887104 -3.887104 0.000000 0.000000 0.000000 0.000000 0.000000 0.000000 0.000000 0.000000
 1422.000000 0.909847 -0.444023 0.000000 -3.267774 -3.267774 -3.267774 0.000000 0.000000 0.000000 0.000000 0.000000 0.000000 0.000000 0.000000
 1423.000000 1.184538 -0.612516 0.000000 -2.498690 -2.498690 -2.498690 0.000000 0.000000 0.000000 0.000000 0.000000 0.000000 0.000000 0.000000
 1424.000000 1.223181 -0.361284 0.000000 -3.308232 -3.308232 -3.308232 0.000000 0.000000 0.000000 0.000000 0.000000 0.000000 0.000000 0.000000
 1425.000000 0.701612 -0.252652 0.000000 -3.223723 -3.223723 -3.223723 0.000000 0.000000 0.000000 0.000000 0.000000 0.000000 0.000000 0.000000
 1426.000000 1.049846 0.015772 0.000000 -3.980605 -3.980605 -3.980605 0.000000 0.000000 0.000000 0.000000 0.000000 0.000000 0.000000 0.000000
 1427.000000 0.945021 -0.515741 0.000000 -3.057618 -3.057618 -3.057618 0.000000 0.000000 0.000000 0.000000 0.000000 0.000000 0.000000 0.000000
 1428.000000 0.483218 -0.184457 0.000000 -2.470812 -2.470812 -2.470812 0.000000 0.000000 0.000000 0.000000 0.000000 0.000000 0.000000 0.000000
 1429.000000 0.612279 -0.144981 0.000000 -2.974945 -2.974945 -2.974945 0.000000 0.000000 0.000000 0.000000 0.000000 0.000000 0.000000 0.000000
 1430.000000 0.973829 -0.227960 0.000000 -3.824310 -3.824310 -3.824310 0.000000 0.000000 0.000000 0.000000 0.000000 0.000000 0.000000 0.000000
 1431.000000 0.948585 -0.734321 0.000000 -2.165548 -2.165548 -2.165548 0.000000 0.000000 0.000000 0.000000 0.000000 0.000000 0.000000 0.000000
 1432.000000 0.666551 -0.149537 0.000000 -3.176025 -3.176025 -3.176025 0.000000 0.000000 0.000000 0.000000 0.000000 0.000000 0.000000 0.000000
 1433.000000 0.955212 -0.152693 0.000000 -3.896919 -3.896919 -3.896919 0.000000 0.000000 0.000000 0.000000 0.000000 0.000000 0.000000 0.000000
 1434.000000 1.391063 0.415397 0.000000 -2.536011 -2.536011 -2.536011 0.000000 0.000000 0.000000 0.000000 0.000000 0.000000 0.000000 0.000000
 1435.000000 0.909910 -0.153959 0.000000 -3.836095 -3.836095 -3.836095 0.000000 0.000000 0.000000 0.000000 0.000000 0.000000 0.000000 0.000000
 1436.000000 1.232012 0.533792 0.000000 -2.678511 -2.678511 -2.678511 0.000000 0.000000 0.000000 0.000000 0.000000 0.000000 0.000000 0.000000
 1437.000000 1.461978 0.202247 0.000000 -2.668226 -2.668226 -2.668226 0.000000 0.000000 0.000000 0.000000 0.000000 0.000000 0.000000 0.000000
 1438.000000 1.593809 0.147553 0.000000 -1.948655 -1.948655 -1.948655 0.000000 0.000000 0.000000 0.000000 0.000000 0.000000 0.000000 0.000000
 1439.000000 1.251278 -0.124160 0.000000 -3.671113 -3.671113 -3.671113 0.000000 0.000000 0.000000 0.000000 0.000000 0.000000 0.000000 0.000000
 1440.000000 0.754581 -0.593304 0.000000 -2.551312 -2.551312 -2.551312 0.000000 0.000000 0.000000 0.000000 0.000000 0.000000 0.000000 0.000000
 1441.000000 1.005416 -0.512968 0.000000 -3.081022 -3.081022 -3.081022 0.000000 0.000000 0.000000 0.000000 0.000000 0.000000 0.000000 0.000000
 1442.000000 1.040496 -0.463522 0.000000 -3.246744 -3.246744 -3.246744 0.000000 0.000000 0.000000 0.000000 0.000000 0.000000 0.000000 0.000000
 1443.000000 1.286537 -0.449049 0.000000 -2.859582 -2.859582 -2.859582 0.000000 0.000000 0.000000 0.000000 0.000000 0.000000 0.000000 0.000000
 1444.000000 1.319642 -0.885168 0.000000 -0.906884 -0.906884 -0.906884 0.000000 0.000000 0.000000 0.000000 0.000000 0.000000 0.000000 0.000000
 1445.000000 1.076292 -0.420670 0.000000 -3.366519 -3.366519 -3.366519 0.000000 0.000000 0.000000 0.000000 0.000000 0.000000 0.000000 0.000000
 1446.000000 0.667190 -0.335007 0.000000 -3.003713 -3.003713 -3.003713 0.000000 0.000000 0.000000 0.000000 0.000000 0.000000 0.000000 0.000000
 1447.000000 0.850948 -0.557153 0.000000 -2.826020 -2.826020 -2.826020 0.000000 0.000000 0.000000 0.000000 0.000000 0.000000 0.000000 0.000000
 1448.000000 1.190473 -0.318994 0.000000 -3.493608 -3.493608 -3.493608 0.000000 0.000000 0.000000 0.000000 0.000000 0.000000 0.000000 0.000000
 1449.000000 0.774016 -0.052809 0.000000 -3.541922 -3.541922 -3.541922 0.000000 0.000000 0.000000 0.000000 0.000000 0.000000 0.000000 0.000000
 1450.000000 0.632053 0.005817 0.000000 -3.001210 -3.001210 -3.001210 0.000000 0.000000 0.000000 0.000000 0.000000 0.000000 0.000000 0.000000
 1451.000000 0.761412 0.501311 0.000000 -2.579753 -2.579753 -2.579753 0.000000 0.000000 0.000000 0.000000 0.000000 0.000000 0.000000 0.000000
 1452.000000 0.561282 0.120925 0.000000 -2.582994 -2.582994 -2.582994 0.000000 0.000000 0.000000 0.000000 0.000000 0.000000 0.000000 0.000000
 1453.000000 0.712985 0.469134 0.000000 -2.515111 -2.515111 -2.515111 0.000000 0.000000 0.000000 0.000000 0.000000 0.000000 0.000000 0.000000
 1454.000000 1.092751 0.752890 0.000000 -2.188583 -2.188583 -2.188583 0.000000 0.000000 0.000000 0.000000 0.000000 0.000000 0.000000 0.000000
 1455.000000 0.812860 1.058157 0.000000 -1.647926 -1.647926 -1.647926 0.000000 0.000000 0.000000 0.000000 0.000000 0.000000 0.000000 0.000000
 1456.000000 0.862139 0.645754 0.000000 -2.432598 -2.432598 -2.432598 0.000000 0.000000 0.000000 0.000000 0.000000 0.000000 0.000000 0.000000
 1457.000000 0.587847 0.780940 0.000000 -1.710158 -1.710158 -1.710158 0.000000 0.000000 0.000000 0.000000 0.000000 0.000000 0.000000 0.000000
 1458.000000 0.600371 0.990788 0.000000 -1.645267 -1.645267 -1.645267 0.000000 0.000000 0.000000 0.000000 0.000000 0.000000 0.000000 0.000000
 1459.000000 0.246404 0.724351 0.000000 -1.035863 -1.035863 -1.035863 0.000000 0.000000 0.000000 0.000000 0.000000 0.000000 0.000000 0.000000
 1460.000000 0.372533 1.079801 0.000000 -1.576599 -1.576599 -1.576599 0.000000 0.000000 0.000000 0.000000 0.000000 0.000000 0.000000 0.000000
 1461.000000 0.218165 1.399266 0.000000 -2.029182 -2.029182 -2.029182 0.000000 0.000000 0.000000 0.000000 0.000000 0.000000 0.000000 0.000000
 1462.000000 0.518285 1.300991 0.000000 -1.738819 -1.738819 -1.738819 0.000000 0.000000 0.000000 0.000000 0.000000 0.000000 0.000000 0.000000
 1463.000000 1.010788 1.755936 0.000000 -0.133768 -0.133768 -0.133768 0.000000 0.000000 0.000000 0.000000 0.000000 0.000000 0.000000 0.000000
 1464.000000 0.933075 1.561883 0.000000 -0.801943 -0.801943 -0.801943 0.000000 0.000000 0.000000 0.000000 0.000000 0.000000 0.000000 0.000000
 1465.000000 0.370414 1.783403 0.000000 -1.544114 -1.544114 -1.544114 0.000000 0.000000 0.000000 0.000000 0.000000 0.000000 0.000000 0.000000
 1466.000000 0.241239 1.816826 0.000000 -1.627652 -1.627652 -1.627652 0.000000 0.000000 0.000000 0.000000 0.000000 0.000000 0.000000 0.000000
 1467.000000 0.481422 1.583101 0.000000 -1.722281 -1.722281 -1.722281 0.000000 0.000000 0.000000 0.000000 0.000000 0.000000 0.000000 0.000000
 1468.000000 0.819941 1.583619 0.000000 -1.030192 -1.030192 -1.030192 0.000000 0.000000 0.000000 0.000000 0.000000 0.000000 0.000000 0.000000
 1469.000000 0.661660 1.521914 0.000000 -1.458328 -1.458328 -1.458328 0.000000 0.000000 0.000000 0.000000 0.000000 0.000000 0.000000 0.000000
 1470.000000 0.586805 1.573524 0.000000 -1.542501 -1.542501 -1.542501 0.000000 0.000000 0.000000 0.000000 0.000000 0.000000 0.000000 0.000000
 1471.000000 0.701604 1.512011 0.000000 -1.391925 -1.391925 -1.391925 0.000000 0.000000 0.000000 0.000000 0.000000 0.000000 0.000000 0.000000
 1472.000000 0.475733 1.454342 0.000000 -1.806453 -1.806453 -1.806453 0.000000 0.000000 0.000000 0.000000 0.000000 0.000000 0.000000 0.000000
 1473.000000 0.234210 1.909541 0.000000 -1.306338 -1.306338 -1.306338 0.000000 0.000000 0.000000 0.000000 0.000000 0.000000 0.000000 0.000000
 1474.000000 0.478432 1.909050 0.000000 -0.921644 -0.921644 -0.921644 0.000000 0.000000 0.000000 0.000000 0.000000 0.000000 0.000000 0.000000
 1475.000000 1.262856 1.635536 0.000000 0.263632 0.263632 0.263632 0.000000 0.000000 0.000000 0.000000 0.000000 0.000000 0.000000 0.000000
 1476.000000 0.915535 1.692323 0.000000 -0.559718 -0.559718 -0.559718 0.000000 0.000000 0.000000 0.000000 0.000000 0.000000 0.000000 0.000000
 1477.000000 1.050163 0.926499 0.000000 -1.752871 -1.752871 -1.752871 0.000000 0.000000 0.000000 0.000000 0.000000 0.000000 0.000000 0.000000
 1478.000000 0.629335 1.120163 0.000000 -1.645515 -1.645515 -1.645515 0.000000 0.000000 0.000000 0.000000 0.000000 0.000000 0.000000 0.000000
 1479.000000 1.152230 0.785251 0.000000 -2.019728 -2.019728 -2.019728 0.000000 0.000000 0.000000 0.000000 0.000000 0.000000 0.000000 0.000000
 1480.000000 0.909186 0.381373 0.000000 -3.205976 -3.205976 -3.205976 0.000000 0.000000 0.000000 0.000000 0.000000 0.000000 0.000000 0.000000
 1481.000000 1.427970 0.649118 0.000000 -1.692419 -1.692419 -1.692419 0.000000 0.000000 0.000000 0.000000 0.000000 0.000000 0.000000 0.000000
 1482.000000 1.475270 0.156085 0.000000 -2.661079 -2.661079 -2.661079 0.000000 0.000000 0.000000 0.000000 0.000000 0.000000 0.000000 0.000000
 1483.000000 0.733391 -0.104484 0.000000 -3.415935 -3.415935 -3.415935 0.000000 0.000000 0.000000 0.000000 0.000000 0.000000 0.000000 0.000000
 1484.000000 0.277402 0.114410 0.000000 -1.493022 -1.493022 -1.493022 0.000000 0.000000 0.000000 0.000000 0.000000 0.000000 0.000000 0.000000
 1485.000000 0.515263 0.650900 0.000000 -1.641148 -1.641148 -1.641148 0.000000 0.000000 0.000000 0.000000 0.000000 0.000000 0.000000 0.000000
 1486.000000 1.310539 -0.011786 0.000000 -3.525045 -3.525045 -3.525045 0.000000 0.000000 0.000000 0.000000 0.000000 0.000000 0.000000 0.000000
 1487.000000 0.623258 -0.128914 0.000000 -3.018279 -3.018279 -3.018279 0.000000 0.000000 0.000000 0.000000 0.000000 0.000000 0.000000 0.000000
 1488.000000 1.106991 -0.385231 0.000000 -3.446020 -3.446020 -3.446020 0.000000 0.000000 0.000000 0.000000 0.000000 0.000000 0.000000 0.000000
 1489.000000 1.221265 -0.684466 0.000000 -2.106269 -2.106269 -2.106269 0.000000 0.000000 0.000000 0.000000 0.000000 0.000000 0.000000 0.000000
 1490.000000 1.130821 0.162039 0.000000 -3.788337 -3.788337 -3.788337 0.000000 0.000000 0.000000 0.000000 0.000000 0.000000 0.000000 0.000000
 1491.000000 0.862010 -0.298317 0.000000 -3.561004 -3.561004 -3.561004 0.000000 0.000000 0.000000 0.000000 0.000000 0.000000 0.000000 0.000000
 1492.000000 1.571543 0.499987 0.000000 -1.412237 -1.412237 -1.412237 0.000000 0.000000 0.000000 0.000000 0.000000 0.000000 0.000000 0.000000
 1493.000000 1.589961 0.184643 0.000000 -1.932047 -1.932047 -1.932047 0.000000 0.000000 0.000000 0.000000 0.000000 0.000000 0.000000 0.000000
 1494.000000 1.241148 0.121866 0.000000 -3.649815 -3.649815 -3.649815 0.000000 0.000000 0.000000 0.000000 0.000000 0.000000 0.000000 0.000000
 1495.000000 0.751209 -0.112926 0.000000 -3.472376 -3.472376 -3.472376 0.000000 0.000000 0.000000 0.000000 0.000000 0.000000 0.000000 0.000000
 1496.000000 0.797302 -0.104611 0.000000 -3.611401 -3.611401 -3.611401 0.000000 0.000000 0.000000 0.000000 0.000000 0.000000 0.000000 0.000000
 1497.000000 0.212206 -0.288312 0.000000 -1.616008 -1.616008 -1.616008 0.000000 0.000000 0.000000 0.000000 0.000000 0.000000 0.000000 0.000000
 1498.000000 0.343695 -1.033018 0.000000 -0.290615 -0.290615 -0.290615 1.090206 4360.822088 0.000000 0.000000 0.000000 0.000000 0.000000 0.000000
 1499.000000 0.543560 -0.490103 0.000000 -2.334442 -2.334442 -2.334442 0.000000 0.000000 0.000000 0.000000 0.000000 0.000000 0.000000 0.000000
 1500.000000 0.220396 -0.151591 0.000000 -1.597208 -1.597208 -1.597208 0.000000 0.000000 0.000000 0.000000 0.000000 0.000000 0.000000 0.000000
 1501.000000 0.515845 -0.684410 0.000000 -1.754787 -1.754787 -1.754787 0.000000 0.000000 0.000000 0.000000 0.000000 0.000000 0.000000 0.000000
 1502.000000 0.300965 0.192458 0.000000 -1.466322 -1.466322 -1.466322 0.000000 0.000000 0.000000 0.000000 0.000000 0.000000 0.000000 0.000000
 1503.000000 0.952527 0.382994 0.000000 -3.264079 -3.264079 -3.264079 0.000000 0.000000 0.000000 0.000000 0.000000 0.000000 0.000000 0.000000
 1504.000000 0.945694 0.654217 0.000000 -2.494799 -2.494799 -2.494799 0.000000 0.000000 0.000000 0.000000 0.000000 0.000000 0.000000 0.000000
 1505.000000 0.838220 0.706017 0.000000 -2.257065 -2.257065 -2.257065 0.000000 0.000000 0.000000 0.000000 0.000000 0.000000 0.000000 0.000000
 1506.000000 1.039584 0.196528 0.000000 -3.762545 -3.762545 -3.762545 0.000000 0.000000 0.000000 0.000000 0.000000 0.000000 0.000000 0.000000
 1507.000000 0.678632 0.641183 0.000000 -2.082725 -2.082725 -2.082725 0.000000 0.000000 0.000000 0.000000 0.000000 0.000000 0.000000 0.000000
 1508.000000 0.938801 0.602278 0.000000 -2.634810 -2.634810 -2.634810 0.000000 0.000000 0.000000 0.000000 0.000000 0.000000 0.000000 0.000000
 1509.000000 0.800545 0.242482 0.000000 -3.273157 -3.273157 -3.273157 0.000000 0.000000 0.000000 0.000000 0.000000 0.000000 0.000000 0.000000
 1510.000000 0.343329 -0.013782 0.000000 -1.859457 -1.859457 -1.859457 0.000000 0.000000 0.000000 0.000000 0.000000 0.000000 0.000000 0.000000
 1511.000000 0.398630 -0.172013 0.000000 -2.154024 -2.154024 -2.154024 0.000000 0.000000 0.000000 0.000000 0.000000 0.000000 0.000000 0.000000
 1512.000000 0.335387 0.273986 0.000000 -1.473335 -1.473335 -1.473335 0.000000 0.000000 0.000000 0.000000 0.000000 0.000000 0.000000 0.000000
 1513.000000 0.299928 0.367894 0.000000 -1.248365 -1.248365 -1.248365 0.000000 0.000000 0.000000 0.000000 0.000000 0.000000 0.000000 0.000000
 1514.000000 0.637032 0.256101 0.000000 -2.678694 -2.678694 -2.678694 0.000000 0.000000 0.000000 0.000000 0.000000 0.000000 0.000000 0.000000
 1515.000000 0.434293 0.309166 0.000000 -1.783953 -1.783953 -1.783953 0.000000 0.000000 0.000000 0.000000 0.000000 0.000000 0.000000 0.000000
 1516.000000 0.614936 1.030635 0.000000 -1.649328 -1.649328 -1.649328 0.000000 0.000000 0.000000 0.000000 0.000000 0.000000 0.000000 0.000000
 1517.000000 0.502722 0.986199 0.000000 -1.569889 -1.569889 -1.569889 0.000000 0.000000 0.000000 0.000000 0.000000 0.000000 0.000000 0.000000
 1518.000000 1.424430 0.656568 0.000000 -1.683885 -1.683885 -1.683885 0.000000 0.000000 0.000000 0.000000 0.000000 0.000000 0.000000 0.000000
 1519.000000 1.013990 0.868851 0.000000 -1.924933 -1.924933 -1.924933 0.000000 0.000000 0.000000 0.000000 0.000000 0.000000 0.000000 0.000000
 1520.000000 0.648478 -0.104930 0.000000 -3.113840 -3.113840 -3.113840 0.000000 0.000000 0.000000 0.000000 0.000000 0.000000 0.000000 0.000000
 1521.000000 1.047384 0.310052 0.000000 -3.517464 -3.517464 -3.517464 0.000000 0.000000 0.000000 0.000000 0.000000 0.000000 0.000000 0.000000
 1522.000000 0.919855 0.185007 0.000000 -3.662792 -3.662792 -3.662792 0.000000 0.000000 0.000000 0.000000 0.000000 0.000000 0.000000 0.000000
 1523.000000 0.936623 0.097919 0.000000 -3.820320 -3.820320 -3.820320 0.000000 0.000000 0.000000 0.000000 0.000000 0.000000 0.000000 0.000000
 1524.000000 1.118824 -0.354240 0.000000 -3.519615 -3.519615 -3.519615 0.000000 0.000000 0.000000 0.000000 0.000000 0.000000 0.000000 0.000000
 1525.000000 0.938263 -0.567863 0.000000 -2.861952 -2.861952 -2.861952 0.000000 0.000000 0.000000 0.000000 0.000000 0.000000 0.000000 0.000000
 1526.000000 1.063659 -0.103800 0.000000 -3.975733 -3.975733 -3.975733 0.000000 0.000000 0.000000 0.000000 0.000000 0.000000 0.000000 0.000000
 1527.000000 1.503664 -0.097921 0.000000 -2.576961 -2.576961 -2.576961 0.000000 0.000000 0.000000 0.000000 0.000000 0.000000 0.000000 0.000000
 1528.000000 1.507726 -0.606370 0.000000 -1.366013 -1.366013 -1.366013 0.000000 0.000000 0.000000 0.000000 0.000000 0.000000 0.000000 0.000000
 1529.000000 0.784301 -0.647332 0.000000 -2.402273 -2.402273 -2.402273 0.000000 0.000000 0.000000 0.000000 0.000000 0.000000 0.000000 0.000000
 1530.000000 0.826410 -0.082534 0.000000 -3.692476 -3.692476 -3.692476 0.000000 0.000000 0.000000 0.000000 0.000000 0.000000 0.000000 0.000000
 1531.000000 0.655401 -0.589861 0.000000 -2.360527 -2.360527 -2.360527 0.000000 0.000000 0.000000 0.000000 0.000000 0.000000 0.000000 0.000000
 1532.000000 0.812754 -0.412703 0.000000 -3.212465 -3.212465 -3.212465 0.000000 0.000000 0.000000 0.000000 0.000000 0.000000 0.000000 0.000000
 1533.000000 1.110224 0.808308 0.000000 -2.006970 -2.006970 -2.006970 0.000000 0.000000 0.000000 0.000000 0.000000 0.000000 0.000000 0.000000
 1534.000000 0.980263 1.024972 0.000000 -1.601201 -1.601201 -1.601201 0.000000 0.000000 0.000000 0.000000 0.000000 0.000000 0.000000 0.000000
 1535.000000 0.953174 0.678261 0.000000 -2.432610 -2.432610 -2.432610 0.000000 0.000000 0.000000 0.000000 0.000000 0.000000 0.000000 0.000000
 1536.000000 1.243414 0.268854 0.000000 -3.390006 -3.390006 -3.390006 0.000000 0.000000 0.000000 0.000000 0.000000 0.000000 0.000000 0.000000
 1537.000000 0.928794 0.088192 0.000000 -3.819350 -3.819350 -3.819350 0.000000 0.000000 0.000000 0.000000 0.000000 0.000000 0.000000 0.000000
 1538.000000 1.302635 -0.099203 0.000000 -3.527871 -3.527871 -3.527871 0.000000 0.000000 0.000000 0.000000 0.000000 0.000000 0.000000 0.000000
 1539.000000 1.198621 0.106781 0.000000 -3.763196 -3.763196 -3.763196 0.000000 0.000000 0.000000 0.000000 0.000000 0.000000 0.000000 0.000000
 1540.000000 1.448949 -0.189607 0.000000 -2.790542 -2.790542 -2.790542 0.000000 0.000000 0.000000 0.000000 0.000000 0.000000 0.000000 0.000000
 1541.000000 0.735278 -0.219722 0.000000 -3.362325 -3.362325 -3.362325 0.000000 0.000000 0.000000 0.000000 0.000000 0.000000 0.000000 0.000000
 1542.000000 0.912844 0.028113 0.000000 -3.847413 -3.847413 -3.847413 0.000000 0.000000 0.000000 0.000000 0.000000 0.000000 0.000000 0.000000
 1543.000000 1.034362 0.608724 0.000000 -2.654740 -2.654740 -2.654740 0.000000 0.000000 0.000000 0.000000 0.000000 0.000000 0.000000 0.000000
 1544.000000 0.804612 0.043485 0.000000 -3.579574 -3.579574 -3.579574 0.000000 0.000000 0.000000 0.000000 0.000000 0.000000 0.000000 0.000000
 1545.000000 0.457065 0.181229 0.000000 -2.062599 -2.062599 -2.062599 0.000000 0.000000 0.000000 0.000000 0.000000 0.000000 0.000000 0.000000
 1546.000000 0.731627 0.076512 0.000000 -3.310775 -3.310775 -3.310775 0.000000 0.000000 0.000000 0.000000 0.000000 0.000000 0.000000 0.000000
 1547.000000 1.170832 0.729958 0.000000 -2.161781 -2.161781 -2.161781 0.000000 0.000000 0.000000 0.000000 0.000000 0.000000 0.000000 0.000000
 1548.000000 1.039653 0.131695 0.000000 -3.868145 -3.868145 -3.868145 0.000000 0.000000 0.000000 0.000000 0.000000 0.000000 0.000000 0.000000
 1549.000000 1.199795 -0.104146 0.000000 -3.813542 -3.813542 -3.813542 0.000000 0.000000 0.000000 0.000000 0.000000 0.000000 0.000000 0.000000
 1550.000000 1.558497 -0.288252 0.000000 -1.991328 -1.991328 -1.991328 0.000000 0.000000 0.000000 0.000000 0.000000 0.000000 0.000000 0.000000
 1551.000000 1.127126 0.289504 0.000000 -3.537210 -3.537210 -3.537210 0.000000 0.000000 0.000000 0.000000 0.000000 0.000000 0.000000 0.000000
 1552.000000 1.165734 0.545193 0.000000 -2.760248 -2.760248 -2.760248 0.000000 0.000000 0.000000 0.000000 0.000000 0.000000 0.000000 0.000000
 1553.000000 0.930937 0.405213 0.000000 -3.176673 -3.176673 -3.176673 0.000000 0.000000 0.000000 0.000000 0.000000 0.000000 0.000000 0.000000
 1554.000000 1.018496 -0.003820 0.000000 -3.981751 -3.981751 -3.981751 0.000000 0.000000 0.000000 0.000000 0.000000 0.000000 0.000000 0.000000
 1555.000000 0.982796 -0.184441 0.000000 -3.888883 -3.888883 -3.888883 0.000000 0.000000 0.000000 0.000000 0.000000 0.000000 0.000000 0.000000
 1556.000000 0.746723 -0.033051 0.000000 -3.448294 -3.448294 -3.448294 0.000000 0.000000 0.000000 0.000000 0.000000 0.000000 0.000000 0.000000
 1557.000000 0.716161 -0.118935 0.000000 -3.356534 -3.356534 -3.356534 0.000000 0.000000 0.000000 0.000000 0.000000 0.000000 0.000000 0.000000
 1558.000000 1.022076 -0.285644 0.000000 -3.739423 -3.739423 -3.739423 0.000000 0.000000 0.000000 0.000000 0.000000 0.000000 0.000000 0.000000
 1559.000000 0.940330 -0.413696 0.000000 -3.384681 -3.384681 -3.384681 0.000000 0.000000 0.000000 0.000000 0.000000 0.000000 0.000000 0.000000
 1560.000000 1.010430 -0.084242 0.000000 -3.979333 -3.979333 -3.979333 0.000000 0.000000 0.000000 0.000000 0.000000 0.000000 0.000000 0.000000
 1561.000000 1.198250 0.468898 0.000000 -2.947314 -2.947314 -2.947314 0.000000 0.000000 0.000000 0.000000 0.000000 0.000000 0.000000 0.000000
 1562.000000 1.090850 0.870424 0.000000 -1.854526 -1.854526 -1.854526 0.000000 0.000000 0.000000 0.000000 0.000000 0.000000 0.000000 0.000000
 1563.000000 1.414161 -0.096170 0.000000 -3.061493 -3.061493 -3.061493 0.000000 0.000000 0.000000 0.000000 0.000000 0.000000 0.000000 0.000000
 1564.000000 1.245566 -0.315007 0.000000 -3.370123 -3.370123 -3.370123 0.000000 0.000000 0.000000 0.000000 0.000000 0.000000 0.000000 0.000000
 1565.000000 1.305626 0.098249 0.000000 -3.483343 -3.483343 -3.483343 0.000000 0.000000 0.000000 0.000000 0.000000 0.000000 0.000000 0.000000
 1566.000000 0.854259 -0.082954 0.000000 -3.760066 -3.760066 -3.760066 0.000000 0.000000 0.000000 0.000000 0.000000 0.000000 0.000000 0.000000
 1567.000000 0.840066 0.437952 0.000000 -2.925359 -2.925359 -2.925359 0.000000 0.000000 0.000000 0.000000 0.000000 0.000000 0.000000 0.000000
 1568.000000 0.787640 0.364784 0.000000 -2.970832 -2.970832 -2.970832 0.000000 0.000000 0.000000 0.000000 0.000000 0.000000 0.000000 0.000000
 1569.000000 0.894996 0.394733 0.000000 -3.146837 -3.146837 -3.146837 0.000000 0.000000 0.000000 0.000000 0.000000 0.000000 0.000000 0.000000
 1570.000000 1.260335 -0.102332 0.000000 -3.661742 -3.661742 -3.661742 0.000000 0.000000 0.000000 0.000000 0.000000 0.000000 0.000000 0.000000
 1571.000000 0.794754 0.010995 0.000000 -3.575863 -3.575863 -3.575863 0.000000 0.000000 0.000000 0.000000 0.000000 0.000000 0.000000 0.000000
 1572.000000 0.983602 -0.098991 0.000000 -3.957238 -3.957238 -3.957238 0.000000 0.000000 0.000000 0.000000 0.000000 0.000000 0.000000 0.000000
 1573.000000 1.351715 0.019308 0.000000 -3.361435 -3.361435 -3.361435 0.000000 0.000000 0.000000 0.000000 0.000000 0.000000 0.000000 0.000000
 1574.000000 0.861632 0.081866 0.000000 -3.692058 -3.692058 -3.692058 0.000000 0.000000 0.000000 0.000000 0.000000 0.000000 0.000000 0.000000
 1575.000000 1.193093 -0.135331 0.000000 -3.802670 -3.802670 -3.802670 0.000000 0.000000 0.000000 0.000000 0.000000 0.000000 0.000000 0.000000
 1576.000000 0.893407 0.080748 0.000000 -3.763141 -3.763141 -3.763141 0.000000 0.000000 0.000000 0.000000 0.000000 0.000000 0.000000 0.000000
 1577.000000 1.172838 0.085635 0.000000 -3.831665 -3.831665 -3.831665 0.000000 0.000000 0.000000 0.000000 0.000000 0.000000 0.000000 0.000000
 1578.000000 0.975123 0.685886 0.000000 -2.420215 -2.420215 -2.420215 0.000000 0.000000 0.000000 0.000000 0.000000 0.000000 0.000000 0.000000
 1579.000000 1.075930 0.184314 0.000000 -3.784789 -3.784789 -3.784789 0.000000 0.000000 0.000000 0.000000 0.000000 0.000000 0.000000 0.000000
 1580.000000 1.098177 0.352908 0.000000 -3.397377 -3.397377 -3.397377 0.000000 0.000000 0.000000 0.000000 0.000000 0.000000 0.000000 0.000000
 1581.000000 1.113865 0.071268 0.000000 -3.916907 -3.916907 -3.916907 0.000000 0.000000 0.000000 0.000000 0.000000 0.000000 0.000000 0.000000
 1582.000000 0.906634 0.176143 0.000000 -3.654274 -3.654274 -3.654274 0.000000 0.000000 0.000000 0.000000 0.000000 0.000000 0.000000 0.000000
 1583.000000 1.430443 0.451385 0.000000 -2.268470 -2.268470 -2.268470 0.000000 0.000000 0.000000 0.000000 0.000000 0.000000 0.000000 0.000000
 1584.000000 1.519210 -0.101113 0.000000 -2.481896 -2.481896 -2.481896 0.000000 0.000000 0.000000 0.000000 0.000000 0.000000 0.000000 0.000000
 1585.000000 0.843722 -0.262067 0.000000 -3.587822 -3.587822 -3.587822 0.000000 0.000000 0.000000 0.000000 0.000000 0.000000 0.000000 0.000000
 1586.000000 0.775350 0.640456 0.000000 -2.299409 -2.299409 -2.299409 0.000000 0.000000 0.000000 0.000000 0.000000 0.000000 0.000000 0.000000
 1587.000000 0.918991 -0.068352 0.000000 -3.887875 -3.887875 -3.887875 0.000000 0.000000 0.000000 0.000000 0.000000 0.000000 0.000000 0.000000
 1588.000000 0.448342 0.321166 0.000000 -1.820173 -1.820173 -1.820173 0.000000 0.000000 0.000000 0.000000 0.000000 0.000000 0.000000 0.000000
 1589.000000 0.994478 0.827928 0.000000 -2.037263 -2.037263 -2.037263 0.000000 0.000000 0.000000 0.000000 0.000000 0.000000 0.000000 0.000000
 1590.000000 1.164280 1.187865 0.000000 -0.966451 -0.966451 -0.966451 0.000000 0.000000 0.000000 0.000000 0.000000 0.000000 0.000000 0.000000
 1591.000000 1.043251 0.906203 0.000000 -1.809742 -1.809742 -1.809742 0.000000 0.000000 0.000000 0.000000 0.000000 0.000000 0.000000 0.000000
 1592.000000 0.897359 1.299482 0.000000 -1.279998 -1.279998 -1.279998 0.000000 0.000000 0.000000 0.000000 0.000000 0.000000 0.000000 0.000000
 1593.000000 0.401132 1.083381 0.000000 -1.591096 -1.591096 -1.591096 0.000000 0.000000 0.000000 0.000000 0.000000 0.000000 0.000000 0.000000
 1594.000000 0.367584 0.938497 0.000000 -1.403130 -1.403130 -1.403130 0.000000 0.000000 0.000000 0.000000 0.000000 0.000000 0.000000 0.000000
 1595.000000 0.860440 1.657919 0.000000 -0.781834 -0.781834 -0.781834 0.000000 0.000000 0.000000 0.000000 0.000000 0.000000 0.000000 0.000000
 1596.000000 0.324228 1.168711 0.000000 -1.692935 -1.692935 -1.692935 0.000000 0.000000 0.000000 0.000000 0.000000 0.000000 0.000000 0.000000
 1597.000000 0.380134 1.481042 0.000000 -1.924468 -1.924468 -1.924468 0.000000 0.000000 0.000000 0.000000 0.000000 0.000000 0.000000 0.000000
 1598.000000 0.737340 1.815064 0.000000 -0.668996 -0.668996 -0.668996 0.000000 0.000000 0.000000 0.000000 0.000000 0.000000 0.000000 0.000000
 1599.000000 1.207718 1.591926 0.000000 -0.006242 -0.006242 -0.006242 0.000000 0.000000 0.000000 0.000000 0.000000 0.000000 0.000000 0.000000
 1600.000000 1.189225 1.071814 0.000000 -1.172218 -1.172218 -1.172218 0.000000 0.000000 0.000000 0.000000 0.000000 0.000000 0.000000 0.000000
 1601.000000 0.712728 1.454968 0.000000 -1.431188 -1.431188 -1.431188 0.000000 0.000000 0.000000 0.000000 0.000000 0.000000 0.000000 0.000000
 1602.000000 0.289889 1.363475 0.000000 -1.952967 -1.952967 -1.952967 0.000000 0.000000 0.000000 0.000000 0.000000 0.000000 0.000000 0.000000
 1603.000000 0.806789 1.429086 0.000000 -1.284496 -1.284496 -1.284496 0.000000 0.000000 0.000000 0.000000 0.000000 0.000000 0.000000 0.000000
 1604.000000 0.505075 1.671821 0.000000 -1.552917 -1.552917 -1.552917 0.000000 0.000000 0.000000 0.000000 0.000000 0.000000 0.000000 0.000000
 1605.000000 0.681229 1.617195 0.000000 -1.284281 -1.284281 -1.284281 0.000000 0.000000 0.000000 0.000000 0.000000 0.000000 0.000000 0.000000
 1606.000000 0.563152 1.867758 0.000000 -0.901330 -0.901330 -0.901330 0.000000 0.000000 0.000000 0.000000 0.000000 0.000000 0.000000 0.000000
 1607.000000 0.298672 1.710751 0.000000 -1.818992 -1.818992 -1.818992 0.000000 0.000000 0.000000 0.000000 0.000000 0.000000 0.000000 0.000000
 1608.000000 0.306922 1.522287 0.000000 -2.002385 -2.002385 -2.002385 0.000000 0.000000 0.000000 0.000000 0.000000 0.000000 0.000000 0.000000
 1609.000000 0.960431 0.911125 0.000000 -1.850517 -1.850517 -1.850517 0.000000 0.000000 0.000000 0.000000 0.000000 0.000000 0.000000 0.000000
 1610.000000 1.092047 0.066981 0.000000 -3.935191 -3.935191 -3.935191 0.000000 0.000000 0.000000 0.000000 0.000000 0.000000 0.000000 0.000000
 1611.000000 1.496759 -0.029868 0.000000 -2.643795 -2.643795 -2.643795 0.000000 0.000000 0.000000 0.000000 0.000000 0.000000 0.000000 0.000000
 1612.000000 1.546384 0.288200 0.000000 -2.044304 -2.044304 -2.044304 0.000000 0.000000 0.000000 0.000000 0.000000 0.000000 0.000000 0.000000
 1613.000000 1.117382 0.375183 0.000000 -3.324444 -3.324444 -3.324444 0.000000 0.000000 0.000000 0.000000 0.000000 0.000000 0.000000 0.000000
 1614.000000 1.370034 -0.331813 0.000000 -2.891589 -2.891589 -2.891589 0.000000 0.000000 0.000000 0.000000 0.000000 0.000000 0.000000 0.000000
 1615.000000 1.025399 -0.157953 0.000000 -3.935587 -3.935587 -3.935587 0.000000 0.000000 0.000000 0.000000 0.000000 0.000000 0.000000 0.000000
 1616.000000 0.933586 -0.444161 0.000000 -3.288333 -3.288333 -3.288333 0.000000 0.000000 0.000000 0.000000 0.000000 0.000000 0.000000 0.000000
 1617.000000 1.469938 0.380353 0.000000 -2.266299 -2.266299 -2.266299 0.000000 0.000000 0.000000 0.000000 0.000000 0.000000 0.000000 0.000000
 1618.000000 0.564358 0.605421 0.000000 -1.826476 -1.826476 -1.826476 0.000000 0.000000 0.000000 0.000000 0.000000 0.000000 0.000000 0.000000
 1619.000000 0.244210 1.249356 0.000000 -1.827986 -1.827986 -1.827986 0.000000 0.000000 0.000000 0.000000 0.000000 0.000000 0.000000 0.000000
 1620.000000 0.185870 1.163376 0.000000 -1.681634 -1.681634 -1.681634 0.000000 0.000000 0.000000 0.000000 0.199644 798.574581 0.000000 0.000000
 1621.000000 0.508396 1.219968 0.000000 -1.707590 -1.707590 -1.707590 0.000000 0.000000 0.000000 0.000000 0.000000 0.000000 0.000000 0.000000
 1622.000000 0.427932 1.223979 0.000000 -1.742120 -1.742120 -1.742120 0.000000 0.000000 0.000000 0.000000 0.000000 0.000000 0.000000 0.000000
 1623.000000 0.924328 0.434140 0.000000 -3.089239 -3.089239 -3.089239 0.000000 0.000000 0.000000 0.000000 0.000000 0.000000 0.000000 0.000000
 1624.000000 0.431755 0.249216 0.000000 -1.861861 -1.861861 -1.861861 0.000000 0.000000 0.000000 0.000000 0.000000 0.000000 0.000000 0.000000
 1625.000000 0.370553 -0.107945 0.000000 -2.029091 -2.029091 -2.029091 0.000000 0.000000 0.000000 0.000000 0.000000 0.000000 0.000000 0.000000
 1626.000000 0.421008 -0.192243 0.000000 -2.237343 -2.237343 -2.237343 0.000000 0.000000 0.000000 0.000000 0.000000 0.000000 0.000000 0.000000
 1627.000000 0.981693 0.349107 0.000000 -3.383811 -3.383811 -3.383811 0.000000 0.000000 0.000000 0.000000 0.000000 0.000000 0.000000 0.000000
 1628.000000 1.134955 0.470169 0.000000 -3.031762 -3.031762 -3.031762 0.000000 0.000000 0.000000 0.000000 0.000000 0.000000 0.000000 0.000000
 1629.000000 1.335910 -0.128741 0.000000 -3.381246 -3.381246 -3.381246 0.000000 0.000000 0.000000 0.000000 0.000000 0.000000 0.000000 0.000000
 1630.000000 1.077088 1.072156 0.000000 -1.382570 -1.382570 -1.382570 0.000000 0.000000 0.000000 0.000000 0.000000 0.000000 0.000000 0.000000
 1631.000000 1.677566 1.676355 0.000000 1.894028 1.894028 1.894028 0.000000 0.000000 0.000000 0.000000 0.000000 0.000000 0.000000 0.000000
 1632.000000 1.581142 1.263771 0.000000 0.570627 0.570627 0.570627 0.000000 0.000000 0.000000 0.000000 0.000000 0.000000 0.000000 0.000000
 1633.000000 1.142844 0.895386 0.000000 -1.714850 -1.714850 -1.714850 0.000000 0.000000 0.000000 0.000000 0.000000 0.000000 0.000000 0.000000
 1634.000000 1.269907 0.718259 0.000000 -1.995431 -1.995431 -1.995431 0.000000 0.000000 0.000000 0.000000 0.000000 0.000000 0.000000 0.000000
 1635.000000 0.778533 0.724599 0.000000 -2.132568 -2.132568 -2.132568 0.000000 0.000000 0.000000 0.000000 0.000000 0.000000 0.000000 0.000000
 1636.000000 0.901492 0.564357 0.000000 -2.699300 -2.699300 -2.699300 0.000000 0.000000 0.000000 0.000000 0.000000 0.000000 0.000000 0.000000
 1637.000000 1.248102 -0.162030 0.000000 -3.641368 -3.641368 -3.641368 0.000000 0.000000 0.000000 0.000000 0.000000 0.000000 0.000000 0.000000
 1638.000000 1.091577 0.539575 0.000000 -2.851096 -2.851096 -2.851096 0.000000 0.000000 0.000000 0.000000 0.000000 0.000000 0.000000 0.000000
 1639.000000 0.860960 0.311023 0.000000 -3.283098 -3.283098 -3.283098 0.000000 0.000000 0.000000 0.000000 0.000000 0.000000 0.000000 0.000000
 1640.000000 1.013457 0.421613 0.000000 -3.208754 -3.208754 -3.208754 0.000000 0.000000 0.000000 0.000000 0.000000 0.000000 0.000000 0.000000
 1641.000000 0.957818 0.064570 0.000000 -3.885659 -3.885659 -3.885659 0.000000 0.000000 0.000000 0.000000 0.000000 0.000000 0.000000 0.000000
 1642.000000 0.798812 0.249779 0.000000 -3.253574 -3.253574 -3.253574 0.000000 0.000000 0.000000 0.000000 0.000000 0.000000 0.000000 0.000000
 1643.000000 0.924951 -0.016083 0.000000 -3.890696 -3.890696 -3.890696 0.000000 0.000000 0.000000 0.000000 0.000000 0.000000 0.000000 0.000000
 1644.000000 1.046515 -0.206197 0.000000 -3.877449 -3.877449 -3.877449 0.000000 0.000000 0.000000 0.000000 0.000000 0.000000 0.000000 0.000000
 1645.000000 1.023429 -0.341588 0.000000 -3.611363 -3.611363 -3.611363 0.000000 0.000000 0.000000 0.000000 0.000000 0.000000 0.000000 0.000000
 1646.000000 0.995056 0.061170 0.000000 -3.926745 -3.926745 -3.926745 0.000000 0.000000 0.000000 0.000000 0.000000 0.000000 0.000000 0.000000
 1647.000000 0.641416 0.423679 0.000000 -2.374937 -2.374937 -2.374937 0.000000 0.000000 0.000000 0.000000 0.000000 0.000000 0.000000 0.000000
 1648.000000 0.218196 0.418912 0.000000 -0.990754 -0.990754 -0.990754 0.000000 0.000000 0.000000 0.000000 0.000000 0.000000 0.000000 0.000000
 1649.000000 0.730771 0.586099 0.000000 -2.315184 -2.315184 -2.315184 0.000000 0.000000 0.000000 0.000000 0.000000 0.000000 0.000000 0.000000
 1650.000000 0.940501 0.474807 0.000000 -2.997652 -2.997652 -2.997652 0.000000 0.000000 0.000000 0.000000 0.000000 0.000000 0.000000 0.000000
 1651.000000 0.931803 0.172070 0.000000 -3.705085 -3.705085 -3.705085 0.000000 0.000000 0.000000 0.000000 0.000000 0.000000 0.000000 0.000000
 1652.000000 1.559221 0.162668 0.000000 -2.157660 -2.157660 -2.157660 0.000000 0.000000 0.000000 0.000000 0.000000 0.000000 0.000000 0.000000
 1653.000000 0.843092 0.374271 0.000000 -3.091258 -3.091258 -3.091258 0.000000 0.000000 0.000000 0.000000 0.000000 0.000000 0.000000 0.000000
 1654.000000 1.101388 0.445359 0.000000 -3.133663 -3.133663 -3.133663 0.000000 0.000000 0.000000 0.000000 0.000000 0.000000 0.000000 0.000000
 1655.000000 0.843487 0.282851 0.000000 -3.304900 -3.304900 -3.304900 0.000000 0.000000 0.000000 0.000000 0.000000 0.000000 0.000000 0.000000
 1656.000000 1.314097 -0.389285 0.000000 -2.953872 -2.953872 -2.953872 0.000000 0.000000 0.000000 0.000000 0.000000 0.000000 0.000000 0.000000
 1657.000000 1.910280 -0.342213 0.000000 0.810072 0.810072 0.810072 0.000000 0.000000 0.000000 0.000000 0.000000 0.000000 0.000000 0.000000
 1658.000000 1.023062 -0.206674 0.000000 -3.876855 -3.876855 -3.876855 0.000000 0.000000 0.000000 0.000000 0.000000 0.000000 0.000000 0.000000
 1659.000000 0.845217 -0.007379 0.000000 -3.724212 -3.724212 -3.724212 0.000000 0.000000 0.000000 0.000000 0.000000 0.000000 0.000000 0.000000
 1660.000000 1.363098 0.208511 0.000000 -3.118547 -3.118547 -3.118547 0.000000 0.000000 0.000000 0.000000 0.000000 0.000000 0.000000 0.000000
 1661.000000 1.219617 -0.207234 0.000000 -3.653577 -3.653577 -3.653577 0.000000 0.000000 0.000000 0.000000 0.000000 0.000000 0.000000 0.000000
 1662.000000 1.076988 -0.547376 0.000000 -2.917740 -2.917740 -2.917740 0.000000 0.000000 0.000000 0.000000 0.000000 0.000000 0.000000 0.000000
 1663.000000 0.868547 -0.395337 0.000000 -3.353747 -3.353747 -3.353747 0.000000 0.000000 0.000000 0.000000 0.000000 0.000000 0.000000 0.000000
 1664.000000 1.099131 -0.069803 0.000000 -3.972652 -3.972652 -3.972652 0.000000 0.000000 0.000000 0.000000 0.000000 0.000000 0.000000 0.000000
 1665.000000 1.658014 -0.436093 0.000000 -0.999364 -0.999364 -0.999364 0.000000 0.000000 0.000000 0.000000 0.000000 0.000000 0.000000 0.000000
 1666.000000 0.859667 0.501846 0.000000 -2.800261 -2.800261 -2.800261 0.000000 0.000000 0.000000 0.000000 0.000000 0.000000 0.000000 0.000000
 1667.000000 1.074459 -0.009132 0.000000 -3.986247 -3.986247 -3.986247 0.000000 0.000000 0.000000 0.000000 0.000000 0.000000 0.000000 0.000000
 1668.000000 0.934505 0.225735 0.000000 -3.610106 -3.610106 -3.610106 0.000000 0.000000 0.000000 0.000000 0.000000 0.000000 0.000000 0.000000
 1669.000000 1.199311 0.517316 0.000000 -2.795082 -2.795082 -2.795082 0.000000 0.000000 0.000000 0.000000 0.000000 0.000000 0.000000 0.000000
 1670.000000 1.514639 0.038201 0.000000 -2.529855 -2.529855 -2.529855 0.000000 0.000000 0.000000 0.000000 0.000000 0.000000 0.000000 0.000000
 1671.000000 1.062507 0.213310 0.000000 -3.732994 -3.732994 -3.732994 0.000000 0.000000 0.000000 0.000000 0.000000 0.000000 0.000000 0.000000
 1672.000000 1.119191 -0.168720 0.000000 -3.882331 -3.882331 -3.882331 0.000000 0.000000 0.000000 0.000000 0.000000 0.000000 0.000000 0.000000
 1673.000000 1.094256 0.195189 0.000000 -3.758741 -3.758741 -3.758741 0.000000 0.000000 0.000000 0.000000 0.000000 0.000000 0.000000 0.000000
 1674.000000 0.566804 0.873683 0.000000 -1.629600 -1.629600 -1.629600 0.000000 0.000000 0.000000 0.000000 0.000000 0.000000 0.000000 0.000000
 1675.000000 1.312609 1.693072 0.000000 0.567091 0.567091 0.567091 0.000000 0.000000 0.000000 0.000000 0.000000 0.000000 0.000000 0.000000
 1676.000000 0.653165 1.090222 0.000000 -1.647967 -1.647967 -1.647967 0.000000 0.000000 0.000000 0.000000 0.000000 0.000000 0.000000 0.000000
 1677.000000 1.096441 0.457940 0.000000 -3.098944 -3.098944 -3.098944 0.000000 0.000000 0.000000 0.000000 0.000000 0.000000 0.000000 0.000000
 1678.000000 0.969817 0.131507 0.000000 -3.820466 -3.820466 -3.820466 0.000000 0.000000 0.000000 0.000000 0.000000 0.000000 0.000000 0.000000
 1679.000000 0.250489 0.146391 0.000000 -1.372649 -1.372649 -1.372649 0.000000 0.000000 0.000000 0.000000 0.000000 0.000000 0.000000 0.000000
 1680.000000 0.570400 0.217894 0.000000 -2.475751 -2.475751 -2.475751 0.000000 0.000000 0.000000 0.000000 0.000000 0.000000 0.000000 0.000000
 1681.000000 0.790495 -0.606492 0.000000 -2.563861 -2.563861 -2.563861 0.000000 0.000000 0.000000 0.000000 0.000000 0.000000 0.000000 0.000000
 1682.000000 1.150494 0.262022 0.000000 -3.575649 -3.575649 -3.575649 0.000000 0.000000 0.000000 0.000000 0.000000 0.000000 0.000000 0.000000
 1683.000000 0.929668 0.912681 0.000000 -1.855865 -1.855865 -1.855865 0.000000 0.000000 0.000000 0.000000 0.000000 0.000000 0.000000 0.000000
 1684.000000 0.730514 0.905908 0.000000 -1.796937 -1.796937 -1.796937 0.000000 0.000000 0.000000 0.000000 0.000000 0.000000 0.000000 0.000000
 1685.000000 0.868444 0.867233 0.000000 -1.941858 -1.941858 -1.941858 0.000000 0.000000 0.000000 0.000000 0.000000 0.000000 0.000000 0.000000
 1686.000000 0.208806 0.871957 0.000000 -1.153450 -1.153450 -1.153450 0.000000 0.000000 0.000000 0.000000 0.000000 0.000000 0.000000 0.000000
 1687.000000 0.405066 0.452065 0.000000 -1.493410 -1.493410 -1.493410 0.000000 0.000000 0.000000 0.000000 0.000000 0.000000 0.000000 0.000000
 1688.000000 0.796862 0.542923 0.000000 -2.567664 -2.567664 -2.567664 0.000000 0.000000 0.000000 0.000000 0.000000 0.000000 0.000000 0.000000
 1689.000000 1.367368 0.810291 0.000000 -1.419529 -1.419529 -1.419529 0.000000 0.000000 0.000000 0.000000 0.000000 0.000000 0.000000 0.000000
 1690.000000 0.946298 -0.057653 0.000000 -3.927932 -3.927932 -3.927932 0.000000 0.000000 0.000000 0.000000 0.000000 0.000000 0.000000 0.000000
 1691.000000 1.107686 -0.361482 0.000000 -3.512527 -3.512527 -3.512527 0.000000 0.000000 0.000000 0.000000 0.000000 0.000000 0.000000 0.000000
 1692.000000 1.234485 -0.269679 0.000000 -3.502224 -3.502224 -3.502224 0.000000 0.000000 0.000000 0.000000 0.000000 0.000000 0.000000 0.000000
 1693.000000 0.747809 -0.176409 0.000000 -3.435387 -3.435387 -3.435387 0.000000 0.000000 0.000000 0.000000 0.000000 0.000000 0.000000 0.000000
 1694.000000 1.543781 0.184498 0.000000 -2.227034 -2.227034 -2.227034 0.000000 0.000000 0.000000 0.000000 0.000000 0.000000 0.000000 0.000000
 1695.000000 0.163887 0.344108 0.000000 -0.941446 -0.941446 -0.941446 0.000000 0.000000 0.000000 0.000000 1.304165 5216.660513 0.000000 0.000000
 1696.000000 0.853877 0.149184 0.000000 -3.583290 -3.583290 -3.583290 0.000000 0.000000 0.000000 0.000000 0.000000 0.000000 0.000000 0.000000
 1697.000000 0.834632 -0.194055 0.000000 -3.654085 -3.654085 -3.654085 0.000000 0.000000 0.000000 0.000000 0.000000 0.000000 0.000000 0.000000
 1698.000000 0.642243 -0.086799 0.000000 -3.087652 -3.087652 -3.087652 0.000000 0.000000 0.000000 0.000000 0.000000 0.000000 0.000000 0.000000
 1699.000000 0.719456 0.386308 0.000000 -2.715459 -2.715459 -2.715459 0.000000 0.000000 0.000000 0.000000 0.000000 0.000000 0.000000 0.000000
 1700.000000 1.099914 0.156965 0.000000 -3.820490 -3.820490 -3.820490 0.000000 0.000000 0.000000 0.000000 0.000000 0.000000 0.000000 0.000000
 1701.000000 0.946483 -0.241554 0.000000 -3.779478 -3.779478 -3.779478 0.000000 0.000000 0.000000 0.000000 0.000000 0.000000 0.000000 0.000000
 1702.000000 1.176823 -0.235269 0.000000 -3.698638 -3.698638 -3.698638 0.000000 0.000000 0.000000 0.000000 0.000000 0.000000 0.000000 0.000000
 1703.000000 1.456577 -0.018976 0.000000 -2.869759 -2.869759 -2.869759 0.000000 0.000000 0.000000 0.000000 0.000000 0.000000 0.000000 0.000000
 1704.000000 0.578201 0.462789 0.000000 -2.082485 -2.082485 -2.082485 0.000000 0.000000 0.000000 0.000000 0.000000 0.000000 0.000000 0.000000
 1705.000000 1.068940 0.171259 0.000000 -3.808510 -3.808510 -3.808510 0.000000 0.000000 0.000000 0.000000 0.000000 0.000000 0.000000 0.000000
 1706.000000 1.826239 0.481598 0.000000 0.298301 0.298301 0.298301 0.000000 0.000000 0.000000 0.000000 0.000000 0.000000 0.000000 0.000000
 1707.000000 0.784237 0.136841 0.000000 -3.407160 -3.407160 -3.407160 0.000000 0.000000 0.000000 0.000000 0.000000 0.000000 0.000000 0.000000
 1708.000000 0.583667 0.702468 0.000000 -1.768546 -1.768546 -1.768546 0.000000 0.000000 0.000000 0.000000 0.000000 0.000000 0.000000 0.000000
 1709.000000 0.860027 0.586860 0.000000 -2.579099 -2.579099 -2.579099 0.000000 0.000000 0.000000 0.000000 0.000000 0.000000 0.000000 0.000000
 1710.000000 0.371819 0.374462 0.000000 -1.470587 -1.470587 -1.470587 0.000000 0.000000 0.000000 0.000000 0.000000 0.000000 0.000000 0.000000
 1711.000000 0.933339 0.070215 0.000000 -3.845755 -3.845755 -3.845755 0.000000 0.000000 0.000000 0.000000 0.000000 0.000000 0.000000 0.000000
 1712.000000 1.131713 -0.025669 0.000000 -3.947340 -3.947340 -3.947340 0.000000 0.000000 0.000000 0.000000 0.000000 0.000000 0.000000 0.000000
 1713.000000 0.995271 0.019007 0.000000 -3.957662 -3.957662 -3.957662 0.000000 0.000000 0.000000 0.000000 0.000000 0.000000 0.000000 0.000000
 1714.000000 0.993628 0.471037 0.000000 -3.055994 -3.055994 -3.055994 0.000000 0.000000 0.000000 0.000000 0.000000 0.000000 0.000000 0.000000
 1715.000000 0.869453 0.365683 0.000000 -3.170766 -3.170766 -3.170766 0.000000 0.000000 0.000000 0.000000 0.000000 0.000000 0.000000 0.000000
 1716.000000 1.412631 -0.153242 0.000000 -3.019186 -3.019186 -3.019186 0.000000 0.000000 0.000000 0.000000 0.000000 0.000000 0.000000 0.000000
 1717.000000 1.098969 -0.174927 0.000000 -3.893864 -3.893864 -3.893864 0.000000 0.000000 0.000000 0.000000 0.000000 0.000000 0.000000 0.000000
 1718.000000 1.215704 -0.200748 0.000000 -3.672906 -3.672906 -3.672906 0.000000 0.000000 0.000000 0.000000 0.000000 0.000000 0.000000 0.000000
 1719.000000 1.188355 0.150939 0.000000 -3.725161 -3.725161 -3.725161 0.000000 0.000000 0.000000 0.000000 0.000000 0.000000 0.000000 0.000000
 1720.000000 1.222932 -0.387892 0.000000 -3.232481 -3.232481 -3.232481 0.000000 0.000000 0.000000 0.000000 0.000000 0.000000 0.000000 0.000000
 1721.000000 1.130517 0.057856 0.000000 -3.912669 -3.912669 -3.912669 0.000000 0.000000 0.000000 0.000000 0.000000 0.000000 0.000000 0.000000
 1722.000000 1.075861 0.219092 0.000000 -3.719773 -3.719773 -3.719773 0.000000 0.000000 0.000000 0.000000 0.000000 0.000000 0.000000 0.000000
 1723.000000 1.463484 -0.152587 0.000000 -2.757961 -2.757961 -2.757961 0.000000 0.000000 0.000000 0.000000 0.000000 0.000000 0.000000 0.000000
 1724.000000 0.584778 0.030687 0.000000 -2.786535 -2.786535 -2.786535 0.000000 0.000000 0.000000 0.000000 0.000000 0.000000 0.000000 0.000000
 1725.000000 0.475775 -0.249371 0.000000 -2.425826 -2.425826 -2.425826 0.000000 0.000000 0.000000 0.000000 0.000000 0.000000 0.000000 0.000000
 1726.000000 0.400914 0.024862 0.000000 -2.034889 -2.034889 -2.034889 0.000000 0.000000 0.000000 0.000000 0.000000 0.000000 0.000000 0.000000
 1727.000000 0.645413 -0.485653 0.000000 -2.629494 -2.629494 -2.629494 0.000000 0.000000 0.000000 0.000000 0.000000 0.000000 0.000000 0.000000
 1728.000000 0.788101 0.088413 0.000000 -3.483475 -3.483475 -3.483475 0.000000 0.000000 0.000000 0.000000 0.000000 0.000000 0.000000 0.000000
 1729.000000 0.977115 -0.385097 0.000000 -3.487484 -3.487484 -3.487484 0.000000 0.000000 0.000000 0.000000 0.000000 0.000000 0.000000 0.000000
 1730.000000 0.723851 -0.157329 0.000000 -3.370320 -3.370320 -3.370320 0.000000 0.000000 0.000000 0.000000 0.000000 0.000000 0.000000 0.000000
 1731.000000 0.664901 -0.474546 0.000000 -2.709009 -2.709009 -2.709009 0.000000 0.000000 0.000000 0.000000 0.000000 0.000000 0.000000 0.000000
 1732.000000 0.883865 -0.435495 0.000000 -3.263789 -3.263789 -3.263789 0.000000 0.000000 0.000000 0.000000 0.000000 0.000000 0.000000 0.000000
 1733.000000 1.330696 -0.773678 0.000000 -1.399244 -1.399244 -1.399244 0.000000 0.000000 0.000000 0.000000 0.000000 0.000000 0.000000 0.000000
 1734.000000 0.785071 -0.097718 0.000000 -3.577573 -3.577573 -3.577573 0.000000 0.000000 0.000000 0.000000 0.000000 0.000000 0.000000 0.000000
 1735.000000 0.987297 0.227705 0.000000 -3.671447 -3.671447 -3.671447 0.000000 0.000000 0.000000 0.000000 0.000000 0.000000 0.000000 0.000000
 1736.000000 0.950974 0.966274 0.000000 -1.738845 -1.738845 -1.738845 0.000000 0.000000 0.000000 0.000000 0.000000 0.000000 0.000000 0.000000
 1737.000000 0.425419 1.037638 0.000000 -1.553099 -1.553099 -1.553099 0.000000 0.000000 0.000000 0.000000 0.000000 0.000000 0.000000 0.000000
 1738.000000 0.437720 0.931084 0.000000 -1.473840 -1.473840 -1.473840 0.000000 0.000000 0.000000 0.000000 0.000000 0.000000 0.000000 0.000000
 1739.000000 0.407747 1.340084 0.000000 -1.849276 -1.849276 -1.849276 0.000000 0.000000 0.000000 0.000000 0.000000 0.000000 0.000000 0.000000
 1740.000000 0.705747 1.552778 0.000000 -1.331444 -1.331444 -1.331444 0.000000 0.000000 0.000000 0.000000 0.000000 0.000000 0.000000 0.000000
 1741.000000 1.281996 1.715301 0.000000 0.532062 0.532062 0.532062 0.000000 0.000000 0.000000 0.000000 0.000000 0.000000 0.000000 0.000000
 1742.000000 1.016606 1.688370 0.000000 -0.302658 -0.302658 -0.302658 0.000000 0.000000 0.000000 0.000000 0.000000 0.000000 0.000000 0.000000
 1743.000000 0.979832 1.270901 0.000000 -1.179902 -1.179902 -1.179902 0.000000 0.000000 0.000000 0.000000 0.000000 0.000000 0.000000 0.000000
 1744.000000 0.355637 1.834775 0.000000 -1.414291 -1.414291 -1.414291 0.000000 0.000000 0.000000 0.000000 0.000000 0.000000 0.000000 0.000000
 1745.000000 0.635126 1.412376 0.000000 -1.591776 -1.591776 -1.591776 0.000000 0.000000 0.000000 0.000000 0.000000 0.000000 0.000000 0.000000
 1746.000000 1.193258 0.962964 0.000000 -1.439090 -1.439090 -1.439090 0.000000 0.000000 0.000000 0.000000 0.000000 0.000000 0.000000 0.000000
 1747.000000 0.992388 1.172468 0.000000 -1.318834 -1.318834 -1.318834 0.000000 0.000000 0.000000 0.000000 0.000000 0.000000 0.000000 0.000000
 1748.000000 0.779598 1.666350 0.000000 -0.961528 -0.961528 -0.961528 0.000000 0.000000 0.000000 0.000000 0.000000 0.000000 0.000000 0.000000
 1749.000000 0.583838 1.591612 0.000000 -1.525074 -1.525074 -1.525074 0.000000 0.000000 0.000000 0.000000 0.000000 0.000000 0.000000 0.000000
 1750.000000 0.253087 1.502401 0.000000 -2.055500 -2.055500 -2.055500 0.000000 0.000000 0.000000 0.000000 0.000000 0.000000 0.000000 0.000000
 1751.000000 0.187089 1.665176 0.000000 -2.013420 -2.013420 -2.013420 0.000000 0.000000 0.000000 0.000000 0.166682 666.729459 0.000000 0.000000
 1752.000000 0.198892 1.977349 0.000000 -1.040286 -1.040286 -1.040286 0.000000 0.000000 0.000000 0.000000 0.001227 4.906733 0.000000 0.000000
 1753.000000 0.199896 1.800723 0.000000 -1.718123 -1.718123 -1.718123 0.000000 0.000000 0.000000 0.000000 0.000011 0.043141 0.000000 0.000000
 1754.000000 0.177405 1.695941 0.000000 -1.974499 -1.974499 -1.974499 0.000000 0.000000 0.000000 0.000000 0.510515 2042.060055 0.000000 0.000000
 1755.000000 0.882584 1.226712 0.000000 -1.393068 -1.393068 -1.393068 0.000000 0.000000 0.000000 0.000000 0.000000 0.000000 0.000000 0.000000
 1756.000000 0.378725 1.206495 0.000000 -1.737239 -1.737239 -1.737239 0.000000 0.000000 0.000000 0.000000 0.000000 0.000000 0.000000 0.000000
 1757.000000 0.892585 0.971952 0.000000 -1.750750 -1.750750 -1.750750 0.000000 0.000000 0.000000 0.000000 0.000000 0.000000 0.000000 0.000000
 1758.000000 0.346882 0.809695 0.000000 -1.260462 -1.260462 -1.260462 0.000000 0.000000 0.000000 0.000000 0.000000 0.000000 0.000000 0.000000
 1759.000000 1.373229 0.431798 0.000000 -2.561863 -2.561863 -2.561863 0.000000 0.000000 0.000000 0.000000 0.000000 0.000000 0.000000 0.000000
 1760.000000 1.056381 -0.251375 0.000000 -3.801476 -3.801476 -3.801476 0.000000 0.000000 0.000000 0.000000 0.000000 0.000000 0.000000 0.000000
 1761.000000 0.528347 -0.101531 0.000000 -2.638920 -2.638920 -2.638920 0.000000 0.000000 0.000000 0.000000 0.000000 0.000000 0.000000 0.000000
 1762.000000 0.637946 -0.374097 0.000000 -2.847279 -2.847279 -2.847279 0.000000 0.000000 0.000000 0.000000 0.000000 0.000000 0.000000 0.000000
 1763.000000 0.944145 -0.290156 0.000000 -3.690491 -3.690491 -3.690491 0.000000 0.000000 0.000000 0.000000 0.000000 0.000000 0.000000 0.000000
 1764.000000 0.929546 -0.275608 0.000000 -3.702910 -3.702910 -3.702910 0.000000 0.000000 0.000000 0.000000 0.000000 0.000000 0.000000 0.000000
 1765.000000 0.888911 -0.394978 0.000000 -3.383324 -3.383324 -3.383324 0.000000 0.000000 0.000000 0.000000 0.000000 0.000000 0.000000 0.000000
 1766.000000 1.171864 0.108706 0.000000 -3.808580 -3.808580 -3.808580 0.000000 0.000000 0.000000 0.000000 0.000000 0.000000 0.000000 0.000000
 1767.000000 0.930057 0.323123 0.000000 -3.385975 -3.385975 -3.385975 0.000000 0.000000 0.000000 0.000000 0.000000 0.000000 0.000000 0.000000
 1768.000000 1.097449 0.007121 0.000000 -3.970011 -3.970011 -3.970011 0.000000 0.000000 0.000000 0.000000 0.000000 0.000000 0.000000 0.000000
 1769.000000 1.233472 -0.233104 0.000000 -3.575452 -3.575452 -3.575452 0.000000 0.000000 0.000000 0.000000 0.000000 0.000000 0.000000 0.000000
 1770.000000 1.204159 0.104511 0.000000 -3.754631 -3.754631 -3.754631 0.000000 0.000000 0.000000 0.000000 0.000000 0.000000 0.000000 0.000000
 1771.000000 0.646635 -0.292850 0.000000 -2.997782 -2.997782 -2.997782 0.000000 0.000000 0.000000 0.000000 0.000000 0.000000 0.000000 0.000000
 1772.000000 0.642988 -0.495441 0.000000 -2.598301 -2.598301 -2.598301 0.000000 0.000000 0.000000 0.000000 0.000000 0.000000 0.000000 0.000000
 1773.000000 0.612677 -0.427774 0.000000 -2.668374 -2.668374 -2.668374 0.000000 0.000000 0.000000 0.000000 0.000000 0.000000 0.000000 0.000000
 1774.000000 1.142317 0.128882 0.000000 -3.824243 -3.824243 -3.824243 0.000000 0.000000 0.000000 0.000000 0.000000 0.000000 0.000000 0.000000
 1775.000000 1.451500 0.202164 0.000000 -2.722650 -2.722650 -2.722650 0.000000 0.000000 0.000000 0.000000 0.000000 0.000000 0.000000 0.000000
 1776.000000 0.873638 -0.666944 0.000000 -2.424839 -2.424839 -2.424839 0.000000 0.000000 0.000000 0.000000 0.000000 0.000000 0.000000 0.000000
 1777.000000 0.869514 -0.497530 0.000000 -3.053297 -3.053297 -3.053297 0.000000 0.000000 0.000000 0.000000 0.000000 0.000000 0.000000 0.000000
 1778.000000 1.055838 -0.395715 0.000000 -3.455047 -3.455047 -3.455047 0.000000 0.000000 0.000000 0.000000 0.000000 0.000000 0.000000 0.000000
 1779.000000 0.967211 -0.182905 0.000000 -3.878628 -3.878628 -3.878628 0.000000 0.000000 0.000000 0.000000 0.000000 0.000000 0.000000 0.000000
 1780.000000 0.751024 -0.500786 0.000000 -2.842375 -2.842375 -2.842375 0.000000 0.000000 0.000000 0.000000 0.000000 0.000000 0.000000 0.000000
 1781.000000 0.833898 -0.188964 0.000000 -3.657286 -3.657286 -3.657286 0.000000 0.000000 0.000000 0.000000 0.000000 0.000000 0.000000 0.000000
 1782.000000 1.141771 0.213462 0.000000 -3.686508 -3.686508 -3.686508 0.000000 0.000000 0.000000 0.000000 0.000000 0.000000 0.000000 0.000000
 1783.000000 1.286803 1.266488 0.000000 -0.479666 -0.479666 -0.479666 0.000000 0.000000 0.000000 0.000000 0.000000 0.000000 0.000000 0.000000
 1784.000000 0.413805 1.474924 0.000000 -1.883996 -1.883996 -1.883996 0.000000 0.000000 0.000000 0.000000 0.000000 0.000000 0.000000 0.000000
 1785.000000 0.426361 1.485939 0.000000 -1.866175 -1.866175 -1.866175 0.000000 0.000000 0.000000 0.000000 0.000000 0.000000 0.000000 0.000000
 1786.000000 0.881911 1.296934 0.000000 -1.308193 -1.308193 -1.308193 0.000000 0.000000 0.000000 0.000000 0.000000 0.000000 0.000000 0.000000
 1787.000000 1.343258 0.698374 0.000000 -1.848034 -1.848034 -1.848034 0.000000 0.000000 0.000000 0.000000 0.000000 0.000000 0.000000 0.000000
 1788.000000 1.186499 0.031870 0.000000 -3.848479 -3.848479 -3.848479 0.000000 0.000000 0.000000 0.000000 0.000000 0.000000 0.000000 0.000000
 1789.000000 1.331655 0.006460 0.000000 -3.444226 -3.444226 -3.444226 0.000000 0.000000 0.000000 0.000000 0.000000 0.000000 0.000000 0.000000
 1790.000000 1.455277 0.200873 0.000000 -2.705220 -2.705220 -2.705220 0.000000 0.000000 0.000000 0.000000 0.000000 0.000000 0.000000 0.000000
 1791.000000 1.256317 0.139329 0.000000 -3.587672 -3.587672 -3.587672 0.000000 0.000000 0.000000 0.000000 0.000000 0.000000 0.000000 0.000000
 1792.000000 1.381816 -0.041511 0.000000 -3.236109 -3.236109 -3.236109 0.000000 0.000000 0.000000 0.000000 0.000000 0.000000 0.000000 0.000000
 1793.000000 1.228841 0.376877 0.000000 -3.154877 -3.154877 -3.154877 0.000000 0.000000 0.000000 0.000000 0.000000 0.000000 0.000000 0.000000
 1794.000000 1.370595 0.243002 0.000000 -3.025440 -3.025440 -3.025440 0.000000 0.000000 0.000000 0.000000 0.000000 0.000000 0.000000 0.000000
 1795.000000 1.190106 0.250583 0.000000 -3.541730 -3.541730 -3.541730 0.000000 0.000000 0.000000 0.000000 0.000000 0.000000 0.000000 0.000000
 1796.000000 0.790484 0.100766 0.000000 -3.475684 -3.475684 -3.475684 0.000000 0.000000 0.000000 0.000000 0.000000 0.000000 0.000000 0.000000
 1797.000000 1.197145 0.483855 0.000000 -2.903339 -2.903339 -2.903339 0.000000 0.000000 0.000000 0.000000 0.000000 0.000000 0.000000 0.000000
 1798.000000 1.107329 0.155777 0.000000 -3.817715 -3.817715 -3.817715 0.000000 0.000000 0.000000 0.000000 0.000000 0.000000 0.000000 0.000000
 1799.000000 1.028782 0.267732 0.000000 -3.612663 -3.612663 -3.612663 0.000000 0.000000 0.000000 0.000000 0.000000 0.000000 0.000000 0.000000
 1800.000000 1.223089 0.509675 0.000000 -2.773398 -2.773398 -2.773398 0.000000 0.000000 0.000000 0.000000 0.000000 0.000000 0.000000 0.000000
 1801.000000 1.422134 0.137702 0.000000 -2.957076 -2.957076 -2.957076 0.000000 0.000000 0.000000 0.000000 0.000000 0.000000 0.000000 0.000000
 1802.000000 1.467422 0.000652 0.000000 -2.810118 -2.810118 -2.810118 0.000000 0.000000 0.000000 0.000000 0.000000 0.000000 0.000000 0.000000
 1803.000000 0.938482 0.056504 0.000000 -3.866578 -3.866578 -3.866578 0.000000 0.000000 0.000000 0.000000 0.000000 0.000000 0.000000 0.000000
 1804.000000 0.659348 -0.334726 0.000000 -2.979749 -2.979749 -2.979749 0.000000 0.000000 0.000000 0.000000 0.000000 0.000000 0.000000 0.000000
 1805.000000 0.724014 -0.750045 0.000000 -1.911112 -1.911112 -1.911112 0.000000 0.000000 0.000000 0.000000 0.000000 0.000000 0.000000 0.000000
 1806.000000 1.133007 -0.173754 0.000000 -3.860201 -3.860201 -3.860201 0.000000 0.000000 0.000000 0.000000 0.000000 0.000000 0.000000 0.000000
 1807.000000 1.181209 -0.305949 0.000000 -3.543701 -3.543701 -3.543701 0.000000 0.000000 0.000000 0.000000 0.000000 0.000000 0.000000 0.000000
 1808.000000 1.143950 0.041772 0.000000 -3.908631 -3.908631 -3.908631 0.000000 0.000000 0.000000 0.000000 0.000000 0.000000 0.000000 0.000000
 1809.000000 1.427772 -0.310189 0.000000 -2.678662 -2.678662 -2.678662 0.000000 0.000000 0.000000 0.000000 0.000000 0.000000 0.000000 0.000000
 1810.000000 1.468941 -0.111948 0.000000 -2.765325 -2.765325 -2.765325 0.000000 0.000000 0.000000 0.000000 0.000000 0.000000 0.000000 0.000000
 1811.000000 0.498705 -0.526203 0.000000 -2.129497 -2.129497 -2.129497 0.000000 0.000000 0.000000 0.000000 0.000000 0.000000 0.000000 0.000000
 1812.000000 1.320538 -0.512741 0.000000 -2.523841 -2.523841 -2.523841 0.000000 0.000000 0.000000 0.000000 0.000000 0.000000 0.000000 0.000000
 1813.000000 1.513664 0.147707 0.000000 -2.453279 -2.453279 -2.453279 0.000000 0.000000 0.000000 0.000000 0.000000 0.000000 0.000000 0.000000
 1814.000000 1.162609 0.209260 0.000000 -3.668243 -3.668243 -3.668243 0.000000 0.000000 0.000000 0.000000 0.000000 0.000000 0.000000 0.000000
 1815.000000 0.923160 0.101131 0.000000 -3.794751 -3.794751 -3.794751 0.000000 0.000000 0.000000 0.000000 0.000000 0.000000 0.000000 0.000000
 1816.000000 0.989927 -0.021325 0.000000 -3.969560 -3.969560 -3.969560 0.000000 0.000000 0.000000 0.000000 0.000000 0.000000 0.000000 0.000000
 1817.000000 0.511762 0.207997 0.000000 -2.248298 -2.248298 -2.248298 0.000000 0.000000 0.000000 0.000000 0.000000 0.000000 0.000000 0.000000
 1818.000000 1.064628 -0.068276 0.000000 -3.989643 -3.989643 -3.989643 0.000000 0.000000 0.000000 0.000000 0.000000 0.000000 0.000000 0.000000
 1819.000000 1.119563 0.155280 0.000000 -3.809210 -3.809210 -3.809210 0.000000 0.000000 0.000000 0.000000 0.000000 0.000000 0.000000 0.000000
 1820.000000 0.919204 0.602195 0.000000 -2.616325 -2.616325 -2.616325 0.000000 0.000000 0.000000 0.000000 0.000000 0.000000 0.000000 0.000000
 1821.000000 1.162304 0.013323 0.000000 -3.897767 -3.897767 -3.897767 0.000000 0.000000 0.000000 0.000000 0.000000 0.000000 0.000000 0.000000
 1822.000000 1.083335 -0.108802 0.000000 -3.964900 -3.964900 -3.964900 0.000000 0.000000 0.000000 0.000000 0.000000 0.000000 0.000000 0.000000
 1823.000000 0.280779 -0.076530 0.000000 -1.709227 -1.709227 -1.709227 0.000000 0.000000 0.000000 0.000000 0.000000 0.000000 0.000000 0.000000
 1824.000000 0.196039 0.195874 0.000000 -1.170712 -1.170712 -1.170712 0.000000 0.000000 0.000000 0.000000 0.015686 62.742862 0.000000 0.000000
 1825.000000 0.800456 0.625977 0.000000 -2.379875 -2.379875 -2.379875 0.000000 0.000000 0.000000 0.000000 0.000000 0.000000 0.000000 0.000000
 1826.000000 0.271921 0.708975 0.000000 -1.068947 -1.068947 -1.068947 0.000000 0.000000 0.000000 0.000000 0.000000 0.000000 0.000000 0.000000
 1827.000000 0.944748 0.482258 0.000000 -2.981498 -2.981498 -2.981498 0.000000 0.000000 0.000000 0.000000 0.000000 0.000000 0.000000 0.000000
 1828.000000 1.113150 0.130910 0.000000 -3.849747 -3.849747 -3.849747 0.000000 0.000000 0.000000 0.000000 0.000000 0.000000 0.000000 0.000000
 1829.000000 1.449272 0.479431 0.000000 -2.104694 -2.104694 -2.104694 0.000000 0.000000 0.000000 0.000000 0.000000 0.000000 0.000000 0.000000
 1830.000000 1.049798 -0.090320 0.000000 -3.984649 -3.984649 -3.984649 0.000000 0.000000 0.000000 0.000000 0.000000 0.000000 0.000000 0.000000
 1831.000000 1.123820 0.588329 0.000000 -2.672500 -2.672500 -2.672500 0.000000 0.000000 0.000000 0.000000 0.000000 0.000000 0.000000 0.000000
 1832.000000 1.218916 1.032256 0.000000 -1.202806 -1.202806 -1.202806 0.000000 0.000000 0.000000 0.000000 0.000000 0.000000 0.000000 0.000000
 1833.000000 1.236949 0.908983 0.000000 -1.492973 -1.492973 -1.492973 0.000000 0.000000 0.000000 0.000000 0.000000 0.000000 0.000000 0.000000
 1834.000000 1.205387 -0.058423 0.000000 -3.822659 -3.822659 -3.822659 0.000000 0.000000 0.000000 0.000000 0.000000 0.000000 0.000000 0.000000
 1835.000000 1.017165 -0.442148 0.000000 -3.323016 -3.323016 -3.323016 0.000000 0.000000 0.000000 0.000000 0.000000 0.000000 0.000000 0.000000
 1836.000000 0.905528 -0.448225 0.000000 -3.250591 -3.250591 -3.250591 0.000000 0.000000 0.000000 0.000000 0.000000 0.000000 0.000000 0.000000
 1837.000000 0.947964 -0.184750 0.000000 -3.857712 -3.857712 -3.857712 0.000000 0.000000 0.000000 0.000000 0.000000 0.000000 0.000000 0.000000
 1838.000000 1.337417 -0.032280 0.000000 -3.424218 -3.424218 -3.424218 0.000000 0.000000 0.000000 0.000000 0.000000 0.000000 0.000000 0.000000
 1839.000000 1.267035 0.153169 0.000000 -3.538649 -3.538649 -3.538649 0.000000 0.000000 0.000000 0.000000 0.000000 0.000000 0.000000 0.000000
 1840.000000 1.151626 0.006790 0.000000 -3.915655 -3.915655 -3.915655 0.000000 0.000000 0.000000 0.000000 0.000000 0.000000 0.000000 0.000000
 1841.000000 1.246231 -0.221341 0.000000 -3.561472 -3.561472 -3.561472 0.000000 0.000000 0.000000 0.000000 0.000000 0.000000 0.000000 0.000000
 1842.000000 1.016256 -0.318055 0.000000 -3.668003 -3.668003 -3.668003 0.000000 0.000000 0.000000 0.000000 0.000000 0.000000 0.000000 0.000000
 1843.000000 1.226659 0.309082 0.000000 -3.335617 -3.335617 -3.335617 0.000000 0.000000 0.000000 0.000000 0.000000 0.000000 0.000000 0.000000
 1844.000000 0.714086 0.083259 0.000000 -3.240331 -3.240331 -3.240331 0.000000 0.000000 0.000000 0.000000 0.000000 0.000000 0.000000 0.000000
 1845.000000 0.934531 -0.058271 0.000000 -3.911930 -3.911930 -3.911930 0.000000 0.000000 0.000000 0.000000 0.000000 0.000000 0.000000 0.000000
 1846.000000 0.699526 0.599444 0.000000 -2.210201 -2.210201 -2.210201 0.000000 0.000000 0.000000 0.000000 0.000000 0.000000 0.000000 0.000000
 1847.000000 0.485997 1.305764 0.000000 -1.767134 -1.767134 -1.767134 0.000000 0.000000 0.000000 0.000000 0.000000 0.000000 0.000000 0.000000
 1848.000000 0.188456 1.886351 0.000000 -1.444089 -1.444089 -1.444089 0.000000 0.000000 0.000000 0.000000 0.133268 533.070261 0.000000 0.000000
 1849.000000 0.463235 1.799285 0.000000 -1.333573 -1.333573 -1.333573 0.000000 0.000000 0.000000 0.000000 0.000000 0.000000 0.000000 0.000000
 1850.000000 0.736295 1.297835 0.000000 -1.513644 -1.513644 -1.513644 0.000000 0.000000 0.000000 0.000000 0.000000 0.000000 0.000000 0.000000
 1851.000000 0.351941 1.030876 0.000000 -1.502307 -1.502307 -1.502307 0.000000 0.000000 0.000000 0.000000 0.000000 0.000000 0.000000 0.000000
 1852.000000 0.238597 1.574746 0.000000 -2.052461 -2.052461 -2.052461 0.000000 0.000000 0.000000 0.000000 0.000000 0.000000 0.000000 0.000000
 1853.000000 0.198975 1.793950 0.000000 -1.737985 -1.737985 -1.737985 0.000000 0.000000 0.000000 0.000000 0.001050 4.199575 0.000000 0.000000
 1854.000000 0.441656 1.393872 0.000000 -1.843369 -1.843369 -1.843369 0.000000 0.000000 0.000000 0.000000 0.000000 0.000000 0.000000 0.000000
 1855.000000 0.318804 1.482406 0.000000 -1.991930 -1.991930 -1.991930 0.000000 0.000000 0.000000 0.000000 0.000000 0.000000 0.000000 0.000000
 1856.000000 0.373477 1.263052 0.000000 -1.803175 -1.803175 -1.803175 0.000000 0.000000 0.000000 0.000000 0.000000 0.000000 0.000000 0.000000
 1857.000000 0.714285 1.245141 0.000000 -1.567156 -1.567156 -1.567156 0.000000 0.000000 0.000000 0.000000 0.000000 0.000000 0.000000 0.000000
 1858.000000 0.736014 1.418036 0.000000 -1.424156 -1.424156 -1.424156 0.000000 0.000000 0.000000 0.000000 0.000000 0.000000 0.000000 0.000000
 1859.000000 0.914527 1.589927 0.000000 -0.792115 -0.792115 -0.792115 0.000000 0.000000 0.000000 0.000000 0.000000 0.000000 0.000000 0.000000
 1860.000000 0.472565 1.336464 0.000000 -1.792330 -1.792330 -1.792330 0.000000 0.000000 0.000000 0.000000 0.000000 0.000000 0.000000 0.000000
 1861.000000 0.300286 1.714083 0.000000 -1.810385 -1.810385 -1.810385 0.000000 0.000000 0.000000 0.000000 0.000000 0.000000 0.000000 0.000000
 1862.000000 0.234170 2.006901 0.000000 -0.856381 -0.856381 -0.856381 0.000000 0.000000 0.047622 190.489736 0.000000 0.000000 0.000000 0.000000
 1863.000000 0.366151 1.668514 0.000000 -1.797681 -1.797681 -1.797681 0.000000 0.000000 0.000000 0.000000 0.000000 0.000000 0.000000 0.000000
 1864.000000 0.619352 1.339107 0.000000 -1.639112 -1.639112 -1.639112 0.000000 0.000000 0.000000 0.000000 0.000000 0.000000 0.000000 0.000000
 1865.000000 1.262705 0.875019 0.000000 -1.529591 -1.529591 -1.529591 0.000000 0.000000 0.000000 0.000000 0.000000 0.000000 0.000000 0.000000
 1866.000000 1.213929 0.657095 0.000000 -2.318302 -2.318302 -2.318302 0.000000 0.000000 0.000000 0.000000 0.000000 0.000000 0.000000 0.000000
 1867.000000 1.285217 0.300853 0.000000 -3.203972 -3.203972 -3.203972 0.000000 0.000000 0.000000 0.000000 0.000000 0.000000 0.000000 0.000000
 1868.000000 1.222416 0.399065 0.000000 -3.106732 -3.106732 -3.106732 0.000000 0.000000 0.000000 0.000000 0.000000 0.000000 0.000000 0.000000
 1869.000000 0.933400 0.277712 0.000000 -3.497675 -3.497675 -3.497675 0.000000 0.000000 0.000000 0.000000 0.000000 0.000000 0.000000 0.000000
 1870.000000 1.590743 -0.059384 0.000000 -2.042701 -2.042701 -2.042701 0.000000 0.000000 0.000000 0.000000 0.000000 0.000000 0.000000 0.000000
 1871.000000 0.994261 -0.273008 0.000000 -3.758241 -3.758241 -3.758241 0.000000 0.000000 0.000000 0.000000 0.000000 0.000000 0.000000 0.000000
 1872.000000 0.514196 0.429675 0.000000 -1.905861 -1.905861 -1.905861 0.000000 0.000000 0.000000 0.000000 0.000000 0.000000 0.000000 0.000000
 1873.000000 0.645815 0.295665 0.000000 -2.639423 -2.639423 -2.639423 0.000000 0.000000 0.000000 0.000000 0.000000 0.000000 0.000000 0.000000
 1874.000000 0.600265 0.195249 0.000000 -2.635167 -2.635167 -2.635167 0.000000 0.000000 0.000000 0.000000 0.000000 0.000000 0.000000 0.000000
 1875.000000 0.927139 0.009076 0.000000 -3.883159 -3.883159 -3.883159 0.000000 0.000000 0.000000 0.000000 0.000000 0.000000 0.000000 0.000000
 1876.000000 0.867975 0.230808 0.000000 -3.471996 -3.471996 -3.471996 0.000000 0.000000 0.000000 0.000000 0.000000 0.000000 0.000000 0.000000
 1877.000000 0.877681 -0.120428 0.000000 -3.799471 -3.799471 -3.799471 0.000000 0.000000 0.000000 0.000000 0.000000 0.000000 0.000000 0.000000
 1878.000000 0.890713 -0.465094 0.000000 -3.182398 -3.182398 -3.182398 0.000000 0.000000 0.000000 0.000000 0.000000 0.000000 0.000000 0.000000
 1879.000000 0.997395 -0.443151 0.000000 -3.319738 -3.319738 -3.319738 0.000000 0.000000 0.000000 0.000000 0.000000 0.000000 0.000000 0.000000
 1880.000000 0.576374 -0.317941 0.000000 -2.729191 -2.729191 -2.729191 0.000000 0.000000 0.000000 0.000000 0.000000 0.000000 0.000000 0.000000
 1881.000000 1.167907 -0.150508 0.000000 -3.834919 -3.834919 -3.834919 0.000000 0.000000 0.000000 0.000000 0.000000 0.000000 0.000000 0.000000
 1882.000000 0.367406 -0.037906 0.000000 -1.968129 -1.968129 -1.968129 0.000000 0.000000 0.000000 0.000000 0.000000 0.000000 0.000000 0.000000
 1883.000000 0.683679 0.102496 0.000000 -3.103430 -3.103430 -3.103430 0.000000 0.000000 0.000000 0.000000 0.000000 0.000000 0.000000 0.000000
 1884.000000 0.499407 -0.414868 0.000000 -2.340760 -2.340760 -2.340760 0.000000 0.000000 0.000000 0.000000 0.000000 0.000000 0.000000 0.000000
 1885.000000 1.205942 -0.598596 0.000000 -2.512361 -2.512361 -2.512361 0.000000 0.000000 0.000000 0.000000 0.000000 0.000000 0.000000 0.000000
 1886.000000 1.529971 -0.517004 0.000000 -1.558298 -1.558298 -1.558298 0.000000 0.000000 0.000000 0.000000 0.000000 0.000000 0.000000 0.000000
 1887.000000 1.339292 -0.267571 0.000000 -3.162471 -3.162471 -3.162471 0.000000 0.000000 0.000000 0.000000 0.000000 0.000000 0.000000 0.000000
 1888.000000 1.159553 -0.559318 0.000000 -2.763902 -2.763902 -2.763902 0.000000 0.000000 0.000000 0.000000 0.000000 0.000000 0.000000 0.000000
 1889.000000 0.861380 0.349175 0.000000 -3.193827 -3.193827 -3.193827 0.000000 0.000000 0.000000 0.000000 0.000000 0.000000 0.000000 0.000000
 1890.000000 1.033527 -0.027574 0.000000 -3.992351 -3.992351 -3.992351 0.000000 0.000000 0.000000 0.000000 0.000000 0.000000 0.000000 0.000000
 1891.000000 0.808705 -0.241750 0.000000 -3.538509 -3.538509 -3.538509 0.000000 0.000000 0.000000 0.000000 0.000000 0.000000 0.000000 0.000000
 1892.000000 0.868999 -0.295488 0.000000 -3.578614 -3.578614 -3.578614 0.000000 0.000000 0.000000 0.000000 0.000000 0.000000 0.000000 0.000000
 1893.000000 0.676397 -0.111413 0.000000 -3.217453 -3.217453 -3.217453 0.000000 0.000000 0.000000 0.000000 0.000000 0.000000 0.000000 0.000000
 1894.000000 0.528470 0.001601 0.000000 -2.577936 -2.577936 -2.577936 0.000000 0.000000 0.000000 0.000000 0.000000 0.000000 0.000000 0.000000
 1895.000000 0.838826 -0.481884 0.000000 -3.060674 -3.060674 -3.060674 0.000000 0.000000 0.000000 0.000000 0.000000 0.000000 0.000000 0.000000
 1896.000000 1.059989 -0.382041 0.000000 -3.492636 -3.492636 -3.492636 0.000000 0.000000 0.000000 0.000000 0.000000 0.000000 0.000000 0.000000
 1897.000000 1.293157 -0.211469 0.000000 -3.433342 -3.433342 -3.433342 0.000000 0.000000 0.000000 0.000000 0.000000 0.000000 0.000000 0.000000
 1898.000000 1.558214 -0.606708 0.000000 -1.095727 -1.095727 -1.095727 0.000000 0.000000 0.000000 0.000000 0.000000 0.000000 0.000000 0.000000
 1899.000000 1.055775 -0.432270 0.000000 -3.342718 -3.342718 -3.342718 0.000000 0.000000 0.000000 0.000000 0.000000 0.000000 0.000000 0.000000
 1900.000000 1.023688 0.024203 0.000000 -3.970768 -3.970768 -3.970768 0.000000 0.000000 0.000000 0.000000 0.000000 0.000000 0.000000 0.000000
 1901.000000 1.228642 0.041329 0.000000 -3.753189 -3.753189 -3.753189 0.000000 0.000000 0.000000 0.000000 0.000000 0.000000 0.000000 0.000000
 1902.000000 1.554397 -0.161858 0.000000 -2.209322 -2.209322 -2.209322 0.000000 0.000000 0.000000 0.000000 0.000000 0.000000 0.000000 0.000000
 1903.000000 1.277211 0.108151 0.000000 -3.564971 -3.564971 -3.564971 0.000000 0.000000 0.000000 0.000000 0.000000 0.000000 0.000000 0.000000
 1904.000000 0.705350 0.293782 0.000000 -2.861696 -2.861696 -2.861696 0.000000 0.000000 0.000000 0.000000 0.000000 0.000000 0.000000 0.000000
 1905.000000 0.986233 0.835097 0.000000 -2.021495 -2.021495 -2.021495 0.000000 0.000000 0.000000 0.000000 0.000000 0.000000 0.000000 0.000000
 1906.000000 0.593544 1.125447 0.000000 -1.649396 -1.649396 -1.649396 0.000000 0.000000 0.000000 0.000000 0.000000 0.000000 0.000000 0.000000
 1907.000000 0.677694 1.188760 0.000000 -1.616971 -1.616971 -1.616971 0.000000 0.000000 0.000000 0.000000 0.000000 0.000000 0.000000 0.000000
 1908.000000 0.784523 0.806742 0.000000 -1.990116 -1.990116 -1.990116 0.000000 0.000000 0.000000 0.000000 0.000000 0.000000 0.000000 0.000000
 1909.000000 0.686855 0.209958 0.000000 -2.951727 -2.951727 -2.951727 0.000000 0.000000 0.000000 0.000000 0.000000 0.000000 0.000000 0.000000
 1910.000000 0.639709 -0.270321 0.000000 -3.000490 -3.000490 -3.000490 0.000000 0.000000 0.000000 0.000000 0.000000 0.000000 0.000000 0.000000
 1911.000000 0.915141 -0.060046 0.000000 -3.882002 -3.882002 -3.882002 0.000000 0.000000 0.000000 0.000000 0.000000 0.000000 0.000000 0.000000
 1912.000000 0.975228 -0.427367 0.000000 -3.363748 -3.363748 -3.363748 0.000000 0.000000 0.000000 0.000000 0.000000 0.000000 0.000000 0.000000
 1913.000000 0.716845 -0.383996 0.000000 -3.056766 -3.056766 -3.056766 0.000000 0.000000 0.000000 0.000000 0.000000 0.000000 0.000000 0.000000
 1914.000000 0.997322 -0.462550 0.000000 -3.256527 -3.256527 -3.256527 0.000000 0.000000 0.000000 0.000000 0.000000 0.000000 0.000000 0.000000
 1915.000000 0.835180 -0.151308 0.000000 -3.689920 -3.689920 -3.689920 0.000000 0.000000 0.000000 0.000000 0.000000 0.000000 0.000000 0.000000
 1916.000000 1.063975 -0.055482 0.000000 -3.992188 -3.992188 -3.992188 0.000000 0.000000 0.000000 0.000000 0.000000 0.000000 0.000000 0.000000
 1917.000000 0.708118 0.014609 0.000000 -3.285687 -3.285687 -3.285687 0.000000 0.000000 0.000000 0.000000 0.000000 0.000000 0.000000 0.000000
 1918.000000 0.980987 -0.354281 0.000000 -3.570873 -3.570873 -3.570873 0.000000 0.000000 0.000000 0.000000 0.000000 0.000000 0.000000 0.000000
 1919.000000 0.220325 -0.572409 0.000000 -1.400252 -1.400252 -1.400252 0.000000 0.000000 0.000000 0.000000 0.000000 0.000000 0.000000 0.000000
 1920.000000 0.329320 -0.433783 0.000000 -1.816127 -1.816127 -1.816127 0.000000 0.000000 0.000000 0.000000 0.000000 0.000000 0.000000 0.000000
 1921.000000 0.826629 -0.424300 0.000000 -3.207665 -3.207665 -3.207665 0.000000 0.000000 0.000000 0.000000 0.000000 0.000000 0.000000 0.000000
 1922.000000 1.072314 -0.128559 0.000000 -3.956284 -3.956284 -3.956284 0.000000 0.000000 0.000000 0.000000 0.000000 0.000000 0.000000 0.000000
 1923.000000 0.627729 -0.258802 0.000000 -2.970801 -2.970801 -2.970801 0.000000 0.000000 0.000000 0.000000 0.000000 0.000000 0.000000 0.000000
 1924.000000 0.699320 -0.259331 0.000000 -3.208906 -3.208906 -3.208906 0.000000 0.000000 0.000000 0.000000 0.000000 0.000000 0.000000 0.000000
 1925.000000 0.690697 -0.579178 0.000000 -2.472124 -2.472124 -2.472124 0.000000 0.000000 0.000000 0.000000 0.000000 0.000000 0.000000 0.000000
 1926.000000 1.115546 -0.772354 0.000000 -1.887507 -1.887507 -1.887507 0.000000 0.000000 0.000000 0.000000 0.000000 0.000000 0.000000 0.000000
 1927.000000 1.088917 -0.665366 0.000000 -2.412828 -2.412828 -2.412828 0.000000 0.000000 0.000000 0.000000 0.000000 0.000000 0.000000 0.000000
 1928.000000 1.603676 -0.377473 0.000000 -1.508061 -1.508061 -1.508061 0.000000 0.000000 0.000000 0.000000 0.000000 0.000000 0.000000 0.000000
 1929.000000 1.324533 -0.465555 0.000000 -2.675673 -2.675673 -2.675673 0.000000 0.000000 0.000000 0.000000 0.000000 0.000000 0.000000 0.000000
 1930.000000 1.273443 -0.457062 0.000000 -2.873313 -2.873313 -2.873313 0.000000 0.000000 0.000000 0.000000 0.000000 0.000000 0.000000 0.000000
 1931.000000 1.107456 -0.237909 0.000000 -3.792551 -3.792551 -3.792551 0.000000 0.000000 0.000000 0.000000 0.000000 0.000000 0.000000 0.000000
 1932.000000 1.218233 0.255814 0.000000 -3.475982 -3.475982 -3.475982 0.000000 0.000000 0.000000 0.000000 0.000000 0.000000 0.000000 0.000000
 1933.000000 1.598205 0.805549 0.000000 -0.439758 -0.439758 -0.439758 0.000000 0.000000 0.000000 0.000000 0.000000 0.000000 0.000000 0.000000
 1934.000000 0.844516 1.454324 0.000000 -1.178205 -1.178205 -1.178205 0.000000 0.000000 0.000000 0.000000 0.000000 0.000000 0.000000 0.000000
 1935.000000 1.143190 1.772708 0.000000 0.285751 0.285751 0.285751 0.000000 0.000000 0.000000 0.000000 0.000000 0.000000 0.000000 0.000000
 1936.000000 0.458886 1.469265 0.000000 -1.826354 -1.826354 -1.826354 0.000000 0.000000 0.000000 0.000000 0.000000 0.000000 0.000000 0.000000
 1937.000000 0.261687 1.827246 0.000000 -1.571277 -1.571277 -1.571277 0.000000 0.000000 0.000000 0.000000 0.000000 0.000000 0.000000 0.000000
 1938.000000 0.350487 1.152238 0.000000 -1.669722 -1.669722 -1.669722 0.000000 0.000000 0.000000 0.000000 0.000000 0.000000 0.000000 0.000000
 1939.000000 0.413321 0.388849 0.000000 -1.596988 -1.596988 -1.596988 0.000000 0.000000 0.000000 0.000000 0.000000 0.000000 0.000000 0.000000
 1940.000000 0.795776 -0.361167 0.000000 -3.299949 -3.299949 -3.299949 0.000000 0.000000 0.000000 0.000000 0.000000 0.000000 0.000000 0.000000
 1941.000000 0.207792 -0.443068 0.000000 -1.536997 -1.536997 -1.536997 0.000000 0.000000 0.000000 0.000000 0.000000 0.000000 0.000000 0.000000
 1942.000000 0.666129 -0.211733 0.000000 -3.143605 -3.143605 -3.143605 0.000000 0.000000 0.000000 0.000000 0.000000 0.000000 0.000000 0.000000
 1943.000000 1.231960 0.007858 0.000000 -3.759603 -3.759603 -3.759603 0.000000 0.000000 0.000000 0.000000 0.000000 0.000000 0.000000 0.000000
 1944.000000 1.304480 -0.095452 0.000000 -3.523816 -3.523816 -3.523816 0.000000 0.000000 0.000000 0.000000 0.000000 0.000000 0.000000 0.000000
 1945.000000 1.397789 -0.073601 0.000000 -3.152325 -3.152325 -3.152325 0.000000 0.000000 0.000000 0.000000 0.000000 0.000000 0.000000 0.000000
 1946.000000 0.928682 -0.247614 0.000000 -3.750041 -3.750041 -3.750041 0.000000 0.000000 0.000000 0.000000 0.000000 0.000000 0.000000 0.000000
 1947.000000 1.254181 -0.180023 0.000000 -3.601471 -3.601471 -3.601471 0.000000 0.000000 0.000000 0.000000 0.000000 0.000000 0.000000 0.000000
 1948.000000 0.956475 0.660271 0.000000 -2.484324 -2.484324 -2.484324 0.000000 0.000000 0.000000 0.000000 0.000000 0.000000 0.000000 0.000000
 1949.000000 1.295281 1.066615 0.000000 -0.920084 -0.920084 -0.920084 0.000000 0.000000 0.000000 0.000000 0.000000 0.000000 0.000000 0.000000
 1950.000000 1.540953 0.483162 0.000000 -1.628848 -1.628848 -1.628848 0.000000 0.000000 0.000000 0.000000 0.000000 0.000000 0.000000 0.000000
 1951.000000 1.404610 0.585760 0.000000 -1.981950 -1.981950 -1.981950 0.000000 0.000000 0.000000 0.000000 0.000000 0.000000 0.000000 0.000000
 1952.000000 1.373320 0.087725 0.000000 -3.231040 -3.231040 -3.231040 0.000000 0.000000 0.000000 0.000000 0.000000 0.000000 0.000000 0.000000
 1953.000000 1.035390 0.250202 0.000000 -3.653660 -3.653660 -3.653660 0.000000 0.000000 0.000000 0.000000 0.000000 0.000000 0.000000 0.000000
 1954.000000 0.899131 0.315500 0.000000 -3.351700 -3.351700 -3.351700 0.000000 0.000000 0.000000 0.000000 0.000000 0.000000 0.000000 0.000000
 1955.000000 1.139909 1.038318 0.000000 -1.352138 -1.352138 -1.352138 0.000000 0.000000 0.000000 0.000000 0.000000 0.000000 0.000000 0.000000
 1956.000000 0.884691 1.118447 0.000000 -1.529854 -1.529854 -1.529854 0.000000 0.000000 0.000000 0.000000 0.000000 0.000000 0.000000 0.000000
 1957.000000 0.257464 0.747537 0.000000 -1.070308 -1.070308 -1.070308 0.000000 0.000000 0.000000 0.000000 0.000000 0.000000 0.000000 0.000000
 1958.000000 0.902007 0.690556 0.000000 -2.364021 -2.364021 -2.364021 0.000000 0.000000 0.000000 0.000000 0.000000 0.000000 0.000000 0.000000
 1959.000000 0.714923 0.725605 0.000000 -2.021206 -2.021206 -2.021206 0.000000 0.000000 0.000000 0.000000 0.000000 0.000000 0.000000 0.000000
 1960.000000 0.921283 0.422367 0.000000 -3.116717 -3.116717 -3.116717 0.000000 0.000000 0.000000 0.000000 0.000000 0.000000 0.000000 0.000000
 1961.000000 1.125644 0.092211 0.000000 -3.885917 -3.885917 -3.885917 0.000000 0.000000 0.000000 0.000000 0.000000 0.000000 0.000000 0.000000
 1962.000000 1.018977 -0.518145 0.000000 -3.060031 -3.060031 -3.060031 0.000000 0.000000 0.000000 0.000000 0.000000 0.000000 0.000000 0.000000
 1963.000000 0.912335 -0.670695 0.000000 -2.434042 -2.434042 -2.434042 0.000000 0.000000 0.000000 0.000000 0.000000 0.000000 0.000000 0.000000
 1964.000000 1.046387 -0.349958 0.000000 -3.585867 -3.585867 -3.585867 0.000000 0.000000 0.000000 0.000000 0.000000 0.000000 0.000000 0.000000
 1965.000000 0.724845 -0.712257 0.000000 -2.062155 -2.062155 -2.062155 0.000000 0.000000 0.000000 0.000000 0.000000 0.000000 0.000000 0.000000
 1966.000000 1.289199 -0.256943 0.000000 -3.365358 -3.365358 -3.365358 0.000000 0.000000 0.000000 0.000000 0.000000 0.000000 0.000000 0.000000
 1967.000000 1.084516 -0.928793 0.000000 -1.151313 -1.151313 -1.151313 0.000000 0.000000 0.000000 0.000000 0.000000 0.000000 0.000000 0.000000
 1968.000000 1.438048 -0.366032 0.000000 -2.491317 -2.491317 -2.491317 0.000000 0.000000 0.000000 0.000000 0.000000 0.000000 0.000000 0.000000
 1969.000000 1.068320 -0.387038 0.000000 -3.473533 -3.473533 -3.473533 0.000000 0.000000 0.000000 0.000000 0.000000 0.000000 0.000000 0.000000
 1970.000000 1.060391 -0.057702 0.000000 -3.992608 -3.992608 -3.992608 0.000000 0.000000 0.000000 0.000000 0.000000 0.000000 0.000000 0.000000
 1971.000000 0.988846 0.554390 0.000000 -2.808112 -2.808112 -2.808112 0.000000 0.000000 0.000000 0.000000 0.000000 0.000000 0.000000 0.000000
 1972.000000 1.543416 0.237246 0.000000 -2.151648 -2.151648 -2.151648 0.000000 0.000000 0.000000 0.000000 0.000000 0.000000 0.000000 0.000000
 1973.000000 1.242531 -0.239384 0.000000 -3.539926 -3.539926 -3.539926 0.000000 0.000000 0.000000 0.000000 0.000000 0.000000 0.000000 0.000000
 1974.000000 1.397238 0.271365 0.000000 -2.856075 -2.856075 -2.856075 0.000000 0.000000 0.000000 0.000000 0.000000 0.000000 0.000000 0.000000
 1975.000000 1.196499 0.366276 0.000000 -3.247990 -3.247990 -3.247990 0.000000 0.000000 0.000000 0.000000 0.000000 0.000000 0.000000 0.000000
 1976.000000 1.178975 -0.197191 0.000000 -3.756370 -3.756370 -3.756370 0.000000 0.000000 0.000000 0.000000 0.000000 0.000000 0.000000 0.000000
 1977.000000 0.713067 -0.134533 0.000000 -3.342761 -3.342761 -3.342761 0.000000 0.000000 0.000000 0.000000 0.000000 0.000000 0.000000 0.000000
 1978.000000 0.488431 -0.233131 0.000000 -2.479208 -2.479208 -2.479208 0.000000 0.000000 0.000000 0.000000 0.000000 0.000000 0.000000 0.000000
 1979.000000 0.210104 0.392277 0.000000 -0.993148 -0.993148 -0.993148 0.000000 0.000000 0.000000 0.000000 0.000000 0.000000 0.000000 0.000000
 1980.000000 0.438993 0.354990 0.000000 -1.736014 -1.736014 -1.736014 0.000000 0.000000 0.000000 0.000000 0.000000 0.000000 0.000000 0.000000
 1981.000000 1.261199 0.071398 0.000000 -3.646613 -3.646613 -3.646613 0.000000 0.000000 0.000000 0.000000 0.000000 0.000000 0.000000 0.000000
 1982.000000 1.367499 -0.028607 0.000000 -3.300826 -3.300826 -3.300826 0.000000 0.000000 0.000000 0.000000 0.000000 0.000000 0.000000 0.000000
 1983.000000 0.895359 -0.324263 0.000000 -3.562205 -3.562205 -3.562205 0.000000 0.000000 0.000000 0.000000 0.000000 0.000000 0.000000 0.000000
 1984.000000 1.284381 -0.026614 0.000000 -3.614186 -3.614186 -3.614186 0.000000 0.000000 0.000000 0.000000 0.000000 0.000000 0.000000 0.000000
 1985.000000 1.060888 -0.401376 0.000000 -3.435636 -3.435636 -3.435636 0.000000 0.000000 0.000000 0.000000 0.000000 0.000000 0.000000 0.000000
 1986.000000 0.461668 0.091834 0.000000 -2.202452 -2.202452 -2.202452 0.000000 0.000000 0.000000 0.000000 0.000000 0.000000 0.000000 0.000000
 1987.000000 0.718245 0.182515 0.000000 -3.113552 -3.113552 -3.113552 0.000000 0.000000 0.000000 0.000000 0.000000 0.000000 0.000000 0.000000
 1988.000000 0.660392 -0.030861 0.000000 -3.136700 -3.136700 -3.136700 0.000000 0.000000 0.000000 0.000000 0.000000 0.000000 0.000000 0.000000
 1989.000000 0.556868 -0.160679 0.000000 -2.758662 -2.758662 -2.758662 0.000000 0.000000 0.000000 0.000000 0.000000 0.000000 0.000000 0.000000
 1990.000000 0.830680 0.217558 0.000000 -3.405517 -3.405517 -3.405517 0.000000 0.000000 0.000000 0.000000 0.000000 0.000000 0.000000 0.000000
 1991.000000 1.289167 0.206113 0.000000 -3.387828 -3.387828 -3.387828 0.000000 0.000000 0.000000 0.000000 0.000000 0.000000 0.000000 0.000000
 1992.000000 1.136665 0.266847 0.000000 -3.580404 -3.580404 -3.580404 0.000000 0.000000 0.000000 0.000000 0.000000 0.000000 0.000000 0.000000
 1993.000000 1.025726 0.501873 0.000000 -2.978261 -2.978261 -2.978261 0.000000 0.000000 0.000000 0.000000 0.000000 0.000000 0.000000 0.000000
 1994.000000 1.070979 0.052470 0.000000 -3.955109 -3.955109 -3.955109 0.000000 0.000000 0.000000 0.000000 0.000000 0.000000 0.000000 0.000000
 1995.000000 0.996180 0.973594 0.000000 -1.693051 -1.693051 -1.693051 0.000000 0.000000 0.000000 0.000000 0.000000 0.000000 0.000000 0.000000
 1996.000000 0.537220 0.709893 0.000000 -1.651240 -1.651240 -1.651240 0.000000 0.000000 0.000000 0.000000 0.000000 0.000000 0.000000 0.000000
 1997.000000 0.318338 0.544804 0.000000 -1.163676 -1.163676 -1.163676 0.000000 0.000000 0.000000 0.000000 0.000000 0.000000 0.000000 0.000000
 1998.000000 0.477329 -0.098924 0.000000 -2.432776 -2.432776 -2.432776 0.000000 0.000000 0.000000 0.000000 0.000000 0.000000 0.000000 0.000000
 1999.000000 0.775959 -0.402631 0.000000 -3.160702 -3.160702 -3.160702 0.000000 0.000000 0.000000 0.000000 0.000000 0.000000 0.000000 0.000000
 2000.000000 0.621377 -0.584283 0.000000 -2.298448 -2.298448 -2.298448 0.000000 0.000000 0.000000 0.000000 0.000000 0.000000 0.000000 0.000000
